999
LibreDWG 0.13.3
  0
SECTION
  2
HEADER
  9
$ACADVER
  1
AC1027
  9
$ACADMAINTVER
 70
     8
  9
$DWGCODEPAGE
  3
ANSI_1251
  9
$LASTSAVEDBY
  1
Autodesk
  9
$REQUIREDVERSIONS
160
           0
  9
$INSBASE
 10
0
 20
0
 30
0
  9
$EXTMIN
 10
17.1864857358978
 20
15.98872027666278
 30
0
  9
$EXTMAX
 10
437.1864857358978
 20
312.9887202766628
 30
0
  9
$LIMMIN
 10
0
 20
0
  9
$LIMMAX
 10
420
 20
297
  9
$ORTHOMODE
 70
     0
  9
$REGENMODE
 70
     1
  9
$FILLMODE
 70
     1
  9
$QTEXTMODE
 70
     0
  9
$MIRRTEXT
 70
     0
  9
$LTSCALE
 40
1
  9
$ATTMODE
 70
     1
  9
$TEXTSIZE
 40
7
  9
$TRACEWID
 40
1
  9
$TEXTSTYLE
  7
ГОСТ 2.304
  9
$CLAYER
  8
0
  9
$CELTYPE
  6
ByLayer
  9
$CECOLOR
 62
     0
  9
$CELTSCALE
 40
2
  9
$DISPSILH
 70
     0
  9
$DIMSCALE
 40
2
  9
$DIMASZ
 40
3
  9
$DIMEXO
 40
0
  9
$DIMDLI
 40
8
  9
$DIMRND
 40
0
  9
$DIMDLE
 40
0
  9
$DIMEXE
 40
1.25
  9
$DIMTP
 40
0
  9
$DIMTM
 40
0
  9
$DIMTXT
 40
3
  9
$DIMCEN
 40
5
  9
$DIMTSZ
 40
0
  9
$DIMTOL
 70
     0
  9
$DIMLIM
 70
     0
  9
$DIMTIH
 70
     0
  9
$DIMTOH
 70
     1
  9
$DIMSE1
 70
     0
  9
$DIMSE2
 70
     0
  9
$DIMTAD
 70
     1
  9
$DIMZIN
 70
     8
  9
$DIMBLK
  1

  9
$DIMASO
 70
     1
  9
$DIMSHO
 70
     1
  9
$DIMPOST
  1

  9
$DIMAPOST
  1

  9
$DIMALT
 70
     0
  9
$DIMALTD
 70
     2
  9
$DIMALTF
 40
25.4
  9
$DIMLFAC
 40
1
  9
$DIMTOFL
 70
     1
  9
$DIMTVP
 40
0
  9
$DIMTIX
 70
     0
  9
$DIMSOXD
 70
     0
  9
$DIMSAH
 70
     0
  9
$DIMBLK1
  1

  9
$DIMBLK2
  1

  9
$DIMSTYLE
  2
ЕСКД
  9
$DIMCLRD
 70
     0
  9
$DIMCLRE
 70
     0
  9
$DIMCLRT
 70
     0
  9
$DIMTFAC
 40
0.75
  9
$DIMGAP
 40
0.625
  9
$DIMJUST
 70
     0
  9
$DIMSD1
 70
     0
  9
$DIMSD2
 70
     0
  9
$DIMTOLJ
 70
     1
  9
$DIMTZIN
 70
     8
  9
$DIMALTZ
 70
     0
  9
$DIMALTTZ
 70
     0
  9
$DIMUPT
 70
     0
  9
$DIMDEC
 70
     3
  9
$DIMTDEC
 70
     4
  9
$DIMALTU
 70
     2
  9
$DIMALTTD
 70
     2
  9
$DIMTXSTY
  7
ГОСТ 2.304
  9
$DIMAUNIT
 70
     0
  9
$DIMADEC
 70
     3
  9
$DIMALTRND
 40
0
  9
$DIMAZIN
 70
     2
  9
$DIMDSEP
 70
    44
  9
$DIMATFIT
 70
     3
  9
$DIMFRAC
 70
     0
  9
$DIMLDRBLK
  1

  9
$DIMLUNIT
 70
     2
  9
$DIMLWD
 70
    -2
  9
$DIMLWE
 70
    -2
  9
$DIMTMOVE
 70
     1
  9
$DIMFXL
 40
1
  9
$DIMFXLON
 70
     0
  9
$DIMJOGANG
 40
0.7853981633974483
  9
$DIMTFILL
 70
     1
  9
$DIMTFILLCLR
 70
     0
  9
$DIMARCSYM
 70
     0
  9
$DIMLTYPE
  6

  9
$DIMLTEX1
  6

  9
$DIMLTEX2
  6

  9
$DIMTXTDIRECTION
 70
     0
  9
$LUNITS
 70
     2
  9
$LUPREC
 70
     4
  9
$AXISMODE
 70
     0
  9
$AXISUNIT
 10
0
 20
0
  9
$SKETCHINC
 40
1
  9
$FILLETRAD
 40
0
  9
$AUNITS
 70
     0
  9
$AUPREC
 70
     0
  9
$MENU
  1
.
  9
$ELEVATION
 40
0
  9
$PELEVATION
 40
0
  9
$THICKNESS
 40
0
  9
$LIMCHECK
 70
     0
  9
$CHAMFERA
 40
0
  9
$CHAMFERB
 40
0
  9
$CHAMFERC
 40
0
  9
$CHAMFERD
 40
0
  9
$SKPOLY
 70
     0
  9
$TDCREATE
 40
2454082.784843240
  9
$TDUCREATE
 40
2454082.784843240
  9
$TDUPDATE
 40
2461187.300418330
  9
$TDUUPDATE
 40
2461187.300418330
  9
$TDINDWG
 40
0.009137110
  9
$TDUSRTIMER
 40
0.009136950
  9
$USRTIMER
 70
     1
  9
$ANGBASE
 50
0
  9
$ANGDIR
 70
     0
  9
$PDMODE
 70
     0
  9
$PDSIZE
 40
0
  9
$PLINEWID
 40
0
  9
$SPLFRAME
 70
     0
  9
$SPLINETYPE
 70
     6
  9
$SPLINESEGS
 70
     8
  9
$HANDSEED
  5
6B3
  9
$SURFTAB1
 70
     6
  9
$SURFTAB2
 70
     6
  9
$SURFTYPE
 70
     6
  9
$SURFU
 70
     6
  9
$SURFV
 70
     6
  9
$UCSBASE
  2

  9
$UCSNAME
  2

  9
$UCSORG
 10
0
 20
0
 30
0
  9
$UCSXDIR
 10
1
 20
0
 30
0
  9
$UCSYDIR
 10
0
 20
1
 30
0
  9
$UCSORTHOREF
  2

  9
$UCSORTHOVIEW
 70
     0
  9
$UCSORGTOP
 10
0
 20
0
 30
0
  9
$UCSORGBOTTOM
 10
0
 20
0
 30
0
  9
$UCSORGLEFT
 10
0
 20
0
 30
0
  9
$UCSORGRIGHT
 10
0
 20
0
 30
0
  9
$UCSORGFRONT
 10
0
 20
0
 30
0
  9
$UCSORGBACK
 10
0
 20
0
 30
0
  9
$PUCSBASE
  2

  9
$PUCSNAME
  2

  9
$PUCSORG
 10
0
 20
0
 30
0
  9
$PUCSXDIR
 10
1
 20
0
 30
0
  9
$PUCSYDIR
 10
0
 20
1
 30
0
  9
$PUCSORTHOREF
  2

  9
$PUCSORTHOVIEW
 70
     0
  9
$PUCSORGTOP
 10
0
 20
0
 30
0
  9
$PUCSORGBOTTOM
 10
0
 20
0
 30
0
  9
$PUCSORGLEFT
 10
0
 20
0
 30
0
  9
$PUCSORGRIGHT
 10
0
 20
0
 30
0
  9
$PUCSORGFRONT
 10
0
 20
0
 30
0
  9
$PUCSORGBACK
 10
0
 20
0
 30
0
  9
$USERI1
 70
     0
  9
$USERI2
 70
     0
  9
$USERI3
 70
     0
  9
$USERI4
 70
     0
  9
$USERI5
 70
     0
  9
$USERR1
 40
0
  9
$USERR2
 40
0
  9
$USERR3
 40
0
  9
$USERR4
 40
0
  9
$USERR5
 40
0
  9
$WORLDVIEW
 70
     1
  9
$SHADEDGE
 70
     3
  9
$SHADEDIF
 70
    70
  9
$TILEMODE
 70
     1
  9
$MAXACTVP
 70
    64
  9
$PINSBASE
 10
0
 20
0
 30
0
  9
$PLIMCHECK
 70
     0
  9
$PEXTMIN
 10
0
 20
0
 30
0
  9
$PEXTMAX
 10
0
 20
0
 30
0
  9
$PLIMMIN
 10
0
 20
0
  9
$PLIMMAX
 10
0
 20
0
  9
$UNITMODE
 70
     0
  9
$VISRETAIN
 70
     1
  9
$PLINEGEN
 70
     0
  9
$PSLTSCALE
 70
     0
  9
$TREEDEPTH
 70
  3020
  9
$CMLSTYLE
  2
Standard
  9
$CMLJUST
 70
     0
  9
$CMLSCALE
 40
20
  9
$PROXYGRAPHICS
 70
     1
  9
$MEASUREMENT
 70
     1
  9
$CELWEIGHT
370
    -1
  9
$ENDCAPS
280
     0
  9
$JOINSTYLE
280
     0
  9
$LWDISPLAY
290
     1
  9
$INSUNITS
 70
     4
  9
$HYPERLINKBASE
  1

  9
$STYLESHEET
  1

  9
$XEDIT
290
     1
  9
$CEPSNTYPE
380
     0
  9
$PSTYLEMODE
290
     1
  9
$FINGERPRINTGUID
  2
{78B0F746-B111-4909-95E5-2EF5CBA97683}
  9
$VERSIONGUID
  2
{88884FFE-1838-4093-901C-E4DA6EFB818F}
  9
$EXTNAMES
290
     1
  9
$PSVPSCALE
 40
0
  9
$OLESTARTUP
290
     0
  9
$SORTENTS
280
   127
  9
$INDEXCTL
280
     0
  9
$HIDETEXT
280
     1
  9
$XCLIPFRAME
280
     0
  9
$HALOGAP
280
     0
  9
$OBSCOLOR
 70
   257
  9
$OBSLTYPE
280
     0
  9
$INTERSECTIONDISPLAY
280
     0
  9
$INTERSECTIONCOLOR
 70
   257
  9
$DIMASSOC
280
     2
  9
$PROJECTNAME
  1

  9
$CAMERADISPLAY
290
     0
  9
$LENSLENGTH
 40
50
  9
$CAMERAHEIGHT
 40
0
  9
$STEPSPERSEC
 40
2
  9
$STEPSIZE
 40
6
  9
$3DDWFPREC
 40
2
  9
$PSOLWIDTH
 40
5
  9
$PSOLHEIGHT
 40
80
  9
$LOFTANG1
 40
1.570796326794897
  9
$LOFTANG2
 40
1.570796326794897
  9
$LOFTMAG1
 40
0
  9
$LOFTMAG2
 40
0
  9
$LOFTPARAM
 70
     7
  9
$LOFTNORMALS
280
     1
  9
$LATITUDE
 40
37.795
  9
$LONGITUDE
 40
-122.394
  9
$NORTHDIRECTION
 40
0
  9
$TIMEZONE
 70
 -8000
  9
$LIGHTGLYPHDISPLAY
280
     1
  9
$TILEMODELIGHTSYNCH
280
     1
  9
$CMATERIAL
347
EC
  9
$SOLIDHIST
280
     1
  9
$SHOWHIST
280
     1
  9
$DWFFRAME
280
     2
  9
$DGNFRAME
280
     0
  9
$REALWORLDSCALE
290
     1
  9
$INTERFERECOLOR
 62
   256
  9
$CSHADOW
280
     0
  9
$SHADOWPLANELOCATION
 40
0
  0
ENDSEC
  0
SECTION
  2
CLASSES
  0
CLASS
  1
ACDBDICTIONARYWDFLT
  2
AcDbDictionaryWithDefault
  3
ObjectDBX Classes
 90
        0
 91
        1
280
     0
281
     0
  0
CLASS
  1
DICTIONARYVAR
  2
AcDbDictionaryVar
  3
ObjectDBX Classes
 90
        0
 91
        1
280
     0
281
     0
  0
CLASS
  1
TABLESTYLE
  2
AcDbTableStyle
  3
ObjectDBX Classes
 90
     4095
 91
        1
280
     0
281
     0
  0
CLASS
  1
MATERIAL
  2
AcDbMaterial
  3
ObjectDBX Classes
 90
     1153
 91
        1
280
     0
281
     0
  0
CLASS
  1
VISUALSTYLE
  2
AcDbVisualStyle
  3
ObjectDBX Classes
 90
     4095
 91
        1
280
     0
281
     0
  0
CLASS
  1
SCALE
  2
AcDbScale
  3
ObjectDBX Classes
 90
     1153
 91
        1
280
     0
281
     0
  0
CLASS
  1
MLEADERSTYLE
  2
AcDbMLeaderStyle
  3
ACDB_MLEADERSTYLE_CLASS
 90
     4095
 91
        1
280
     0
281
     0
  0
CLASS
  1
CELLSTYLEMAP
  2
AcDbCellStyleMap
  3
ObjectDBX Classes
 90
     1152
 91
        1
280
     0
281
     0
  0
CLASS
  1
EXACXREFPANELOBJECT
  2
ExAcXREFPanelObject
  3
EXAC_ESW
 90
     1025
 91
        1
280
     1
281
     0
  0
CLASS
  1
NPOCOLLECTION
  2
AcDbImpNonPersistentObjectsCollection
  3
ObjectDBX Classes
 90
     1153
 91
        1
280
     1
281
     0
  0
CLASS
  1
LAYER_INDEX
  2
AcDbLayerIndex
  3
ObjectDBX Classes
 90
        0
 91
        1
280
     0
281
     0
  0
CLASS
  1
SPATIAL_INDEX
  2
AcDbSpatialIndex
  3
AutoCAD 2000
 90
        0
 91
        1
280
     0
281
     0
  0
CLASS
  1
IDBUFFER
  2
AcDbIdBuffer
  3
ObjectDBX Classes
 90
        0
 91
        1
280
     0
281
     0
  0
CLASS
  1
Wall
  2
PtDbWall
  3
NanoSPDS
 90
      893
 91
        1
280
     1
281
     1
  0
CLASS
  1
SORTENTSTABLE
  2
AcDbSortentsTable
  3
ObjectDBX Classes
 90
        0
 91
        1
280
     0
281
     0
  0
CLASS
  1
Format
  2
mcsDbObjectFormat
  3
NanoSPDS
 90
      893
 91
        1
280
     1
281
     1
  0
CLASS
  1
NOTEPOSITION
  2
mcsDbObjectNotePosition
  3
NanoSPDS
 90
      893
 91
        1
280
     0
281
     1
  0
CLASS
  1
mcsDbObject
  2
mcsDbObject
  3
NanoSPDS
 90
      893
 91
        1
280
     0
281
     1
  0
CLASS
  1
McDbContainer2
  2
McDbContainer2
  3
NanoSPDS
 90
      893
 91
        1
280
     0
281
     0
  0
CLASS
  1
spdsLevelMark
  2
mcsDbObjectLevelMark
  3
NanoSPDS
 90
      893
 91
        1
280
     1
281
     1
  0
CLASS
  1
spdsRelationMark
  2
mcsDbObjectRelationMark
  3
NanoSPDS
 90
      893
 91
        1
280
     1
281
     1
  0
CLASS
  1
LAYOUTPRINTCONFIG
  2
CAcLayoutPrintConfig
  3
"CSD_APP"
 90
     4095
 91
        1
280
     0
281
     1
  0
CLASS
  1
CSACDOCUMENTOPTIONS
  2
CDocDataContainer
  3
"DERU003_CSAPP"
 90
     4095
 91
        1
280
     0
281
     0
  0
CLASS
  1
SUN
  2
AcDbSun
  3
SCENEOE
 90
     1153
 91
        1
280
     0
281
     0
  0
CLASS
  1
NOTE
  2
mcsDbObjectNote
  3
NanoSPDS
 90
      893
 91
        1
280
     0
281
     1
  0
ENDSEC
  0
SECTION
  2
TABLES
  0
TABLE
  2
VPORT
  5
8
330
0
100
AcDbSymbolTable
 70
     1
  0
VPORT
  5
EA
330
8
100
AcDbSymbolTableRecord
100
AcDbViewportTableRecord
  2
*Active
 70
     0
 10
0
 20
0
 11
1
 21
1
 12
17.1864857358978
 22
15.98872027666278
 13
0
 23
0
 14
10
 24
10
 15
10
 25
10
 16
0
 26
0
 36
1
 17
210
 27
148.5
 37
0
 40
302.94
 41
2.631790744466801
 42
50
 43
0
 44
0
 50
0
 51
0
 71
     0
 72
  1000
 73
     1
 74
     3
 75
     0
 76
     0
 77
     0
 78
     0
281
     0
 65
     1
110
0
120
0
130
0
111
1
121
0
131
0
112
0
122
1
132
0
 79
     0
146
0
 60
     2
 61
     5
292
     1
282
     1
141
0
142
0
 63
   250
421
3258135347
361
369
  0
ENDTAB
  0
TABLE
  2
LTYPE
  5
5
330
0
100
AcDbSymbolTable
 70
     6
  0
LTYPE
  5
14
330
5
100
AcDbSymbolTableRecord
100
AcDbLinetypeTableRecord
  2
ByBlock
 70
     0
  3

 72
    65
 73
     0
 40
0
  0
LTYPE
  5
15
330
5
100
AcDbSymbolTableRecord
100
AcDbLinetypeTableRecord
  2
ByLayer
 70
     0
  3

 72
    65
 73
     0
 40
0
  0
LTYPE
  5
16
330
5
100
AcDbSymbolTableRecord
100
AcDbLinetypeTableRecord
  2
Continuous
 70
     0
  3
Solid line
 72
    65
 73
     0
 40
0
  0
LTYPE
  5
3A5
330
5
100
AcDbSymbolTableRecord
100
AcDbLinetypeTableRecord
  2
ГОСТ 2.303 3
 70
     0
  3
Сплошная волнистая ~~~~~~~~~~~~~~~~~~~
 72
    65
 73
     2
 40
26.001
 49
0.001
 74
     4
 75
     1
340
1E3
 46
1
 50
0
 44
0
 45
0
 49
-26
 74
     0
  0
LTYPE
  5
3A6
330
5
100
AcDbSymbolTableRecord
100
AcDbLinetypeTableRecord
  2
ГОСТ 2.303 5
 70
     0
  3
Штрих-пунктирная тонкая ____ _ ____ _ ____ _ __
 72
    65
 73
     4
 40
24
 49
20
 74
     0
 49
-1.5
 74
     0
 49
1
 74
     0
 49
-1.5
 74
     0
  0
LTYPE
  5
3A7
330
5
100
AcDbSymbolTableRecord
100
AcDbLinetypeTableRecord
  2
ГОСТ 2.303 4
 70
     0
  3
Штриховая __ __ __ __ __ __ __ __ __
 72
    65
 73
     3
 40
7
 49
5
 74
     0
 49
-2
 74
     0
 49
0
 74
     0
  0
LTYPE
  5
3A8
330
5
100
AcDbSymbolTableRecord
100
AcDbLinetypeTableRecord
  2
ГОСТ 2.303 6
 70
     0
  3
Штрих-пунктирная утолщенная ___ _ ___ _ ___ _ _
 72
    65
 73
     4
 40
12
 49
8
 74
     0
 49
-1.5
 74
     0
 49
1
 74
     0
 49
-1.5
 74
     0
  0
LTYPE
  5
3A9
330
5
100
AcDbSymbolTableRecord
100
AcDbLinetypeTableRecord
  2
ГОСТ 2.303 8
 70
     0
  3
Сплошная тонкая с изломами ---'\---'\---'\---'\
 72
    65
 73
     2
 40
48
 49
40
 74
     4
 75
     2
340
1E3
 46
1
 50
0
 44
0
 45
0
 49
-8
 74
     0
  0
ENDTAB
  0
TABLE
  2
LAYER
  5
2
102
{ACAD_XDICTIONARY
360
6B0
102
}
330
0
100
AcDbSymbolTable
 70
     6
  0
LAYER
  5
10
330
2
100
AcDbSymbolTableRecord
100
AcDbLayerTableRecord
  2
0
 70
     8
 62
     7
  6
Continuous
290
     1
370
    -3
390
F
348
0
  0
LAYER
  5
3AD
330
2
100
AcDbSymbolTableRecord
100
AcDbLayerTableRecord
  2
Defpoints
 70
     8
 62
     7
  6
Continuous
290
     0
370
    -3
390
F
348
0
  0
LAYER
  5
3AE
330
2
100
AcDbSymbolTableRecord
100
AcDbLayerTableRecord
  2
Корпус
 70
     8
 62
     7
  6
Continuous
290
     1
370
    60
390
F
348
0
  0
LAYER
  5
3B0
330
2
100
AcDbSymbolTableRecord
100
AcDbLayerTableRecord
  2
Рамка
 70
     8
 62
     7
  6
Continuous
290
     1
370
    60
390
F
348
0
  0
LAYER
  5
3B1
330
2
100
AcDbSymbolTableRecord
100
AcDbLayerTableRecord
  2
Размеры
 70
     8
 62
     7
  6
Continuous
290
     1
370
    -3
390
F
348
0
  0
LAYER
  5
3B2
330
2
100
AcDbSymbolTableRecord
100
AcDbLayerTableRecord
  2
СИМВОЛЫ
 70
     8
 62
     7
  6
Continuous
290
     1
370
    25
390
F
348
0
  0
ENDTAB
  0
TABLE
  2
STYLE
  5
3
330
0
100
AcDbSymbolTable
 70
     5
  0
STYLE
  5
11
330
3
100
AcDbSymbolTableRecord
100
AcDbTextStyleTableRecord
  2
Standard
 70
     0
 40
0
 41
1
 50
0
 71
     0
 42
2.5
  3
txt.shx
  4

  0
STYLE
  5
1E3
330
3
100
AcDbSymbolTableRecord
100
AcDbTextStyleTableRecord
  2

 70
     1
 40
0
 41
1
 50
0
 71
     0
 42
0.2
  3
GOST 2.303-68.shx
  4

  0
STYLE
  5
3AA
330
3
100
AcDbSymbolTableRecord
100
AcDbTextStyleTableRecord
  2
ГОСТ 2.304
 70
     0
 40
0
 41
1
 50
0
 71
     0
 42
7
  3
CS_Gost2304.shx
  4

  0
STYLE
  5
3B6
330
3
100
AcDbSymbolTableRecord
100
AcDbTextStyleTableRecord
  2
GOST
 70
     0
 40
0
 41
1
 50
15.00000000195859
 71
     0
 42
7
  3
GOST.shx
  4

  0
ENDTAB
  0
TABLE
  2
VIEW
  5
6
330
0
100
AcDbSymbolTable
 70
     0
  0
ENDTAB
  0
TABLE
  2
UCS
  5
7
330
0
100
AcDbSymbolTable
 70
     0
  0
ENDTAB
  0
TABLE
  2
APPID
  5
9
330
0
100
AcDbSymbolTable
 70
    15
  0
APPID
  5
12
330
9
100
AcDbSymbolTableRecord
100
AcDbRegAppTableRecord
  2
ACAD
 70
     0
  0
APPID
  5
9E
330
9
100
AcDbSymbolTableRecord
100
AcDbRegAppTableRecord
  2
ACAD_PSEXT
 70
     0
  0
APPID
  5
133
330
9
100
AcDbSymbolTableRecord
100
AcDbRegAppTableRecord
  2
AcadAnnoPO
 70
     0
  0
APPID
  5
134
330
9
100
AcDbSymbolTableRecord
100
AcDbRegAppTableRecord
  2
AcadAnnotative
 70
     0
  0
APPID
  5
135
330
9
100
AcDbSymbolTableRecord
100
AcDbRegAppTableRecord
  2
ACAD_DSTYLE_DIMJAG
 70
     0
  0
APPID
  5
136
330
9
100
AcDbSymbolTableRecord
100
AcDbRegAppTableRecord
  2
ACAD_DSTYLE_DIMTALN
 70
     0
  0
APPID
  5
165
330
9
100
AcDbSymbolTableRecord
100
AcDbRegAppTableRecord
  2
ACAD_MLEADERVER
 70
     0
  0
APPID
  5
1E1
330
9
100
AcDbSymbolTableRecord
100
AcDbRegAppTableRecord
  2
MCS_DIM1
 70
     0
  0
APPID
  5
1E2
330
9
100
AcDbSymbolTableRecord
100
AcDbRegAppTableRecord
  2
McsXdata5
 70
     0
  0
APPID
  5
209
330
9
100
AcDbSymbolTableRecord
100
AcDbRegAppTableRecord
  2
MCS_PARAMS_DATA
 70
     0
  0
APPID
  5
20C
330
9
100
AcDbSymbolTableRecord
100
AcDbRegAppTableRecord
  2
MCS_PARAMS_HIDDEN_DATA
 70
     0
  0
APPID
  5
34D
330
9
100
AcDbSymbolTableRecord
100
AcDbRegAppTableRecord
  2
MCS_DOCUMENT_ID
 70
     0
  0
APPID
  5
353
330
9
100
AcDbSymbolTableRecord
100
AcDbRegAppTableRecord
  2
McSubentIdentification
 70
     0
  0
APPID
  5
355
330
9
100
AcDbSymbolTableRecord
100
AcDbRegAppTableRecord
  2
MC_VERSION_DATA
 70
     0
  0
APPID
  5
3B9
330
9
100
AcDbSymbolTableRecord
100
AcDbRegAppTableRecord
  2
ACAD_DSTYLE_DIMRADIAL_EXTENSION
 70
     0
  0
ENDTAB
  0
TABLE
  2
DIMSTYLE
  5
A
330
0
100
AcDbSymbolTable
 70
     3
100
AcDbDimStyleTable
 71
     0
  0
DIMSTYLE
105
1B0
330
A
100
AcDbSymbolTableRecord
100
AcDbDimStyleTableRecord
  2
Standard
 70
     0
 40
100
 41
2.5
 42
0.5
 43
6
 49
1
 50
45.00000066477724
 73
     0
 74
     1
140
2.5
141
2.5
143
25.39999961853027
144
1
146
1
147
1
171
     2
176
-1056964608
177
-1056964608
178
-1056964608
271
     4
272
     4
273
     2
274
     2
277
     2
278
    46
283
     1
289
     3
340
11
294
     0
371
    -2
372
    -2
341
0
342
0
343
0
344
0
345
15
346
15
347
15
  0
DIMSTYLE
105
3AB
330
A
100
AcDbSymbolTableRecord
100
AcDbDimStyleTableRecord
  2
ЕСКД
 70
     0
 40
0
 41
3
 43
8
 44
1.25
 49
1
 50
45
 69
     1
 73
     0
 74
     1
 77
     1
 78
     8
 79
     2
140
3
141
5
143
25.4
144
1
146
0.75
147
0.625
171
     2
172
     1
176
-1056964608
177
-1056964608
178
-1056964608
179
     3
271
     3
272
     4
273
     2
274
     2
277
     2
278
    44
279
     1
283
     1
284
     8
289
     3
340
3AA
294
     0
371
    -2
372
    -2
341
0
342
0
343
0
344
0
345
0
346
0
347
0
  0
DIMSTYLE
105
3B5
102
{ACAD_REACTORS
330
447
330
456
330
466
330
473
330
492
330
4A1
330
4AE
330
4BB
330
4C8
330
4D8
330
4EE
330
4FD
330
50C
330
51B
330
531
330
543
330
56C
330
57B
330
58A
330
599
330
5AB
330
5BA
330
5C9
330
5F1
330
603
330
619
330
62B
330
63F
330
666
330
678
330
68B
330
69D
102
}
330
A
100
AcDbSymbolTableRecord
100
AcDbDimStyleTableRecord
  2
GOSTMTM
 70
     0
 40
0
 41
3
 42
0.625
 43
8
 44
1.25
 49
1
 50
45
 73
     0
 74
     0
 77
     1
 78
     9
 79
     2
140
4
141
5
143
25.39999961853027
144
1
146
1
147
0.625
171
     2
172
     1
176
-1056964608
177
-1056964608
178
-1056964608
179
     4
271
     4
272
     4
273
     2
274
     2
277
     2
278
    46
279
     1
283
     1
289
     3
340
3B6
294
     0
371
    -2
372
    -2
341
0
342
0
343
0
344
0
345
15
346
15
347
15
  0
ENDTAB
  0
TABLE
  2
BLOCK_RECORD
  5
1
330
0
100
AcDbSymbolTable
 70
    42
  0
BLOCK_RECORD
  5
1F
102
{ACAD_XDICTIONARY
360
234
102
}
330
1
100
AcDbSymbolTableRecord
100
AcDbBlockTableRecord
  2
*Model_Space
340
22
  0
BLOCK_RECORD
  5
224
330
1
100
AcDbSymbolTableRecord
100
AcDbBlockTableRecord
  2
*Paper_Space
340
225
  0
BLOCK_RECORD
  5
215
330
1
100
AcDbSymbolTableRecord
100
AcDbBlockTableRecord
  2
*Paper_Space0
340
216
  0
BLOCK_RECORD
  5
1EC
330
1
100
AcDbSymbolTableRecord
100
AcDbBlockTableRecord
  2
_ARCHTICK
340
0
  0
BLOCK_RECORD
  5
1F4
330
1
100
AcDbSymbolTableRecord
100
AcDbBlockTableRecord
  2
_OPEN30
340
0
  0
BLOCK_RECORD
  5
1FC
330
1
100
AcDbSymbolTableRecord
100
AcDbBlockTableRecord
  2
_DOT
340
0
  0
BLOCK_RECORD
  5
21A
330
1
100
AcDbSymbolTableRecord
100
AcDbBlockTableRecord
  2
*Paper_Space6
340
21B
  0
BLOCK_RECORD
  5
21F
330
1
100
AcDbSymbolTableRecord
100
AcDbBlockTableRecord
  2
*Paper_Space7
340
220
  0
BLOCK_RECORD
  5
210
330
1
100
AcDbSymbolTableRecord
100
AcDbBlockTableRecord
  2
*Paper_Space8
340
211
  0
BLOCK_RECORD
  5
44A
330
1
100
AcDbSymbolTableRecord
100
AcDbBlockTableRecord
  2
*D9
340
0
  0
BLOCK_RECORD
  5
459
330
1
100
AcDbSymbolTableRecord
100
AcDbBlockTableRecord
  2
*D10
340
0
  0
BLOCK_RECORD
  5
463
330
1
100
AcDbSymbolTableRecord
100
AcDbBlockTableRecord
  2
_None
340
0
  0
BLOCK_RECORD
  5
469
330
1
100
AcDbSymbolTableRecord
100
AcDbBlockTableRecord
  2
*D12
340
0
  0
BLOCK_RECORD
  5
476
330
1
100
AcDbSymbolTableRecord
100
AcDbBlockTableRecord
  2
*D13
340
0
  0
BLOCK_RECORD
  5
495
330
1
100
AcDbSymbolTableRecord
100
AcDbBlockTableRecord
  2
*D14
340
0
  0
BLOCK_RECORD
  5
4A4
330
1
100
AcDbSymbolTableRecord
100
AcDbBlockTableRecord
  2
*D15
340
0
  0
BLOCK_RECORD
  5
4B1
330
1
100
AcDbSymbolTableRecord
100
AcDbBlockTableRecord
  2
*D16
340
0
  0
BLOCK_RECORD
  5
4BE
330
1
100
AcDbSymbolTableRecord
100
AcDbBlockTableRecord
  2
*D17
340
0
  0
BLOCK_RECORD
  5
4CB
330
1
100
AcDbSymbolTableRecord
100
AcDbBlockTableRecord
  2
*D18
340
0
  0
BLOCK_RECORD
  5
4DB
330
1
100
AcDbSymbolTableRecord
100
AcDbBlockTableRecord
  2
*D19
340
0
  0
BLOCK_RECORD
  5
4F1
330
1
100
AcDbSymbolTableRecord
100
AcDbBlockTableRecord
  2
*D20
340
0
  0
BLOCK_RECORD
  5
500
330
1
100
AcDbSymbolTableRecord
100
AcDbBlockTableRecord
  2
*D21
340
0
  0
BLOCK_RECORD
  5
50F
330
1
100
AcDbSymbolTableRecord
100
AcDbBlockTableRecord
  2
*D22
340
0
  0
BLOCK_RECORD
  5
51E
330
1
100
AcDbSymbolTableRecord
100
AcDbBlockTableRecord
  2
*D23
340
0
  0
BLOCK_RECORD
  5
534
330
1
100
AcDbSymbolTableRecord
100
AcDbBlockTableRecord
  2
*D24
340
0
  0
BLOCK_RECORD
  5
546
330
1
100
AcDbSymbolTableRecord
100
AcDbBlockTableRecord
  2
*D25
340
0
  0
BLOCK_RECORD
  5
56F
330
1
100
AcDbSymbolTableRecord
100
AcDbBlockTableRecord
  2
*D26
340
0
  0
BLOCK_RECORD
  5
57E
330
1
100
AcDbSymbolTableRecord
100
AcDbBlockTableRecord
  2
*D27
340
0
  0
BLOCK_RECORD
  5
58D
330
1
100
AcDbSymbolTableRecord
100
AcDbBlockTableRecord
  2
*D28
340
0
  0
BLOCK_RECORD
  5
59C
330
1
100
AcDbSymbolTableRecord
100
AcDbBlockTableRecord
  2
*D29
340
0
  0
BLOCK_RECORD
  5
5AE
330
1
100
AcDbSymbolTableRecord
100
AcDbBlockTableRecord
  2
*D30
340
0
  0
BLOCK_RECORD
  5
5BD
330
1
100
AcDbSymbolTableRecord
100
AcDbBlockTableRecord
  2
*D31
340
0
  0
BLOCK_RECORD
  5
5CC
330
1
100
AcDbSymbolTableRecord
100
AcDbBlockTableRecord
  2
*D32
340
0
  0
BLOCK_RECORD
  5
5F4
330
1
100
AcDbSymbolTableRecord
100
AcDbBlockTableRecord
  2
*D33
340
0
  0
BLOCK_RECORD
  5
606
330
1
100
AcDbSymbolTableRecord
100
AcDbBlockTableRecord
  2
*D34
340
0
  0
BLOCK_RECORD
  5
61C
330
1
100
AcDbSymbolTableRecord
100
AcDbBlockTableRecord
  2
*D35
340
0
  0
BLOCK_RECORD
  5
62E
330
1
100
AcDbSymbolTableRecord
100
AcDbBlockTableRecord
  2
*D36
340
0
  0
BLOCK_RECORD
  5
642
330
1
100
AcDbSymbolTableRecord
100
AcDbBlockTableRecord
  2
*D37
340
0
  0
BLOCK_RECORD
  5
669
330
1
100
AcDbSymbolTableRecord
100
AcDbBlockTableRecord
  2
*D38
340
0
  0
BLOCK_RECORD
  5
67B
330
1
100
AcDbSymbolTableRecord
100
AcDbBlockTableRecord
  2
*D39
340
0
  0
BLOCK_RECORD
  5
68E
330
1
100
AcDbSymbolTableRecord
100
AcDbBlockTableRecord
  2
*D40
340
0
  0
BLOCK_RECORD
  5
6A0
330
1
100
AcDbSymbolTableRecord
100
AcDbBlockTableRecord
  2
*D41
340
0
  0
ENDTAB
  0
ENDSEC
  0
SECTION
  2
BLOCKS
  0
BLOCK
  5
20
330
1F
100
AcDbEntity
  8
0
100
AcDbBlockBegin
  2
*Model_Space
 70
     0
 10
0
 20
0
 30
0
  3
*Model_Space
  1

  0
ENDBLK
  5
21
330
1F
100
AcDbEntity
  8
0
100
AcDbBlockEnd
  0
BLOCK
  5
1ED
330
1EC
100
AcDbEntity
  8
0
100
AcDbBlockBegin
  2
_ARCHTICK
 70
     0
 10
0
 20
0
 30
0
  3
_ARCHTICK
  1

  0
POLYLINE
  5
1EF
330
1EC
100
AcDbEntity
  8
0
  6
ByBlock
 62
     0
100
AcDb2dPolyline
 66
     1
 10
0
 20
0
 30
0
 40
0.15
 41
0.15
  0
VERTEX
  5
1F0
330
1EF
100
AcDbEntity
  8
0
  6
ByBlock
 62
     0
100
AcDbVertex
100
AcDb2dVertex
 10
-0.5
 20
-0.5
 30
0
  0
VERTEX
  5
1F1
330
1EF
100
AcDbEntity
  8
0
  6
ByBlock
 62
     0
100
AcDbVertex
100
AcDb2dVertex
 10
0.5
 20
0.5
 30
0
  0
SEQEND
  5
1F2
330
1EF
100
AcDbEntity
  8
0
  6
ByBlock
 62
     0
  0
ENDBLK
  5
1EE
330
1EC
100
AcDbEntity
  8
0
100
AcDbBlockEnd
  0
BLOCK
  5
1F5
330
1F4
100
AcDbEntity
  8
0
100
AcDbBlockBegin
  2
_OPEN30
 70
     0
 10
0
 20
0
 30
0
  3
_OPEN30
  1

  0
LINE
  5
1F7
330
1F4
100
AcDbEntity
  8
0
  6
ByBlock
370
    -2
 62
     0
100
AcDbLine
 10
-1
 20
0.267949
 30
0
 11
0
 21
0
 31
0
  0
LINE
  5
1F8
330
1F4
100
AcDbEntity
  8
0
  6
ByBlock
370
    -2
 62
     0
100
AcDbLine
 10
0
 20
0
 30
0
 11
-1
 21
-0.267949
 31
0
  0
LINE
  5
1F9
330
1F4
100
AcDbEntity
  8
0
  6
ByBlock
370
    -2
 62
     0
100
AcDbLine
 10
0
 20
0
 30
0
 11
-1
 21
0
 31
0
  0
ENDBLK
  5
1F6
330
1F4
100
AcDbEntity
  8
0
100
AcDbBlockEnd
  0
BLOCK
  5
1FD
330
1FC
100
AcDbEntity
  8
0
100
AcDbBlockBegin
  2
_DOT
 70
     0
 10
0
 20
0
 30
0
  3
_DOT
  1

  0
POLYLINE
  5
1FF
330
1FC
100
AcDbEntity
  8
0
  6
ByBlock
 62
     0
100
AcDb2dPolyline
 66
     1
 70
     1
 10
0
 20
0
 30
0
 40
0.5
 41
0.5
  0
VERTEX
  5
201
330
1FF
100
AcDbEntity
  8
0
  6
ByBlock
 62
     0
100
AcDbVertex
100
AcDb2dVertex
 10
-0.25
 20
0
 30
0
  0
VERTEX
  5
202
330
1FF
100
AcDbEntity
  8
0
  6
ByBlock
 62
     0
100
AcDbVertex
100
AcDb2dVertex
 10
0.25
 20
0
 30
0
  0
SEQEND
  5
203
330
1FF
100
AcDbEntity
  8
0
  6
ByBlock
 62
     0
  0
LINE
  5
200
330
1FC
100
AcDbEntity
  8
0
  6
ByBlock
370
    -2
 62
     0
100
AcDbLine
 10
-0.5
 20
0
 30
0
 11
-1
 21
0
 31
0
  0
ENDBLK
  5
1FE
330
1FC
100
AcDbEntity
  8
0
100
AcDbBlockEnd
  0
BLOCK
  5
212
330
210
100
AcDbEntity
  8
0
100
AcDbBlockBegin
  2
*Paper_Space8
 70
     0
 10
0
 20
0
 30
0
  3
*Paper_Space8
  1

  0
VIEWPORT
  5
214
330
210
100
AcDbEntity
  8
0
 48
100
100
AcDbViewport
 10
0
 20
0
 30
0
 40
745.1588861918796
 41
340.2801262951929
 68
     1
 69
     1
 12
151.627135678392
 22
129.4792462311558
 13
0
 23
0
 14
10
 24
10
 15
10
 25
10
 16
0
 26
0
 36
1
 17
0
 27
0
 37
0
 42
50
 43
0
 44
0
 45
340.2801262951929
 50
0
 51
0
 72
   100
 90
   557168
  1

281
     0
 71
     1
 74
     0
110
0
120
0
130
0
111
1
121
0
131
0
112
0
122
1
132
0
 79
     0
146
0
170
     0
 61
     5
348
F5
292
     1
282
     1
141
0
142
0
 63
     0
340
0
345
0
346
0
332
0
333
0
361
36A
  0
ENDBLK
  5
213
330
210
100
AcDbEntity
  8
0
100
AcDbBlockEnd
  0
BLOCK
  5
217
330
215
100
AcDbEntity
  8
0
100
AcDbBlockBegin
  2
*Paper_Space0
 70
     0
 10
0
 20
0
 30
0
  3
*Paper_Space0
  1

  0
VIEWPORT
  5
219
330
215
100
AcDbEntity
  8
0
 48
100
100
AcDbViewport
 10
0
 20
0
 30
0
 40
745.1588861918793
 41
340.2801262951928
 68
     1
 69
     1
 12
213.9109045226131
 22
130.9147236180904
 13
0
 23
0
 14
10
 24
10
 15
10
 25
10
 16
0
 26
0
 36
1
 17
0
 27
0
 37
0
 42
50
 43
0
 44
0
 45
340.2801262951928
 50
0
 51
0
 72
   100
 90
   557168
  1

281
     0
 71
     1
 74
     0
110
0
120
0
130
0
111
1
121
0
131
0
112
0
122
1
132
0
 79
     0
146
0
170
     0
 61
     5
348
F5
292
     1
282
     1
141
0
142
0
 63
     0
340
0
345
0
346
0
332
0
333
0
361
36B
  0
ENDBLK
  5
218
330
215
100
AcDbEntity
  8
0
100
AcDbBlockEnd
  0
BLOCK
  5
21C
330
21A
100
AcDbEntity
  8
0
100
AcDbBlockBegin
  2
*Paper_Space6
 70
     0
 10
0
 20
0
 30
0
  3
*Paper_Space6
  1

  0
VIEWPORT
  5
21E
330
21A
100
AcDbEntity
  8
0
 48
100
100
AcDbViewport
 10
0
 20
0
 30
0
 40
1064.512694559828
 41
486.1144661359898
 68
     1
 69
     1
 12
328.6921320890163
 22
196.7188298636038
 13
0
 23
0
 14
10
 24
10
 15
10
 25
10
 16
0
 26
0
 36
1
 17
0
 27
0
 37
0
 42
50
 43
0
 44
0
 45
486.1144661359898
 50
0
 51
0
 72
   100
 90
   557168
  1

281
     0
 71
     1
 74
     0
110
0
120
0
130
0
111
1
121
0
131
0
112
0
122
1
132
0
 79
     0
146
0
170
     0
 61
     5
348
F5
292
     1
282
     1
141
0
142
0
 63
     0
340
0
345
0
346
0
332
0
333
0
361
36C
  0
ENDBLK
  5
21D
330
21A
100
AcDbEntity
  8
0
100
AcDbBlockEnd
  0
BLOCK
  5
221
330
21F
100
AcDbEntity
  8
0
100
AcDbBlockBegin
  2
*Paper_Space7
 70
     0
 10
0
 20
0
 30
0
  3
*Paper_Space7
  1

  0
VIEWPORT
  5
223
330
21F
100
AcDbEntity
  8
0
 48
100
100
AcDbViewport
 10
0
 20
0
 30
0
 40
1520.732420799754
 41
694.4492373371282
 68
     1
 69
     1
 12
454.8937052609988
 22
285.3424694903088
 13
0
 23
0
 14
10
 24
10
 15
10
 25
10
 16
0
 26
0
 36
1
 17
0
 27
0
 37
0
 42
50
 43
0
 44
0
 45
694.4492373371282
 50
0
 51
0
 72
   100
 90
   557168
  1

281
     0
 71
     1
 74
     0
110
0
120
0
130
0
111
1
121
0
131
0
112
0
122
1
132
0
 79
     0
146
0
170
     0
 61
     5
348
F5
292
     1
282
     1
141
0
142
0
 63
     0
340
0
345
0
346
0
332
0
333
0
361
36D
  0
ENDBLK
  5
222
330
21F
100
AcDbEntity
  8
0
100
AcDbBlockEnd
  0
BLOCK
  5
226
330
224
100
AcDbEntity
 67
     1
  8
0
100
AcDbBlockBegin
  2
*Paper_Space
 70
     0
 10
0
 20
0
 30
0
  3
*Paper_Space
  1

  0
ENDBLK
  5
227
330
224
100
AcDbEntity
 67
     1
  8
0
100
AcDbBlockEnd
  0
BLOCK
  5
44B
330
44A
100
AcDbEntity
  8
0
100
AcDbBlockBegin
  2
*D9
 70
     1
 10
0
 20
0
 30
0
  3
*D9
  1

  0
LINE
  5
44C
330
44A
100
AcDbEntity
  8
Размеры
370
    -2
 62
     0
100
AcDbLine
 10
83.64825887975758
 20
39.55524739455848
 30
0
 11
83.64825887975758
 21
30.197548753364
 31
0
  0
LINE
  5
44D
330
44A
100
AcDbEntity
  8
Размеры
370
    -2
 62
     0
100
AcDbLine
 10
91.64825887975758
 20
38.822548753364
 30
0
 11
91.64825887975758
 21
30.197548753364
 31
0
  0
LINE
  5
44E
330
44A
100
AcDbEntity
  8
Размеры
370
    -2
 62
     0
100
AcDbLine
 10
86.64825887975758
 20
31.447548753364
 30
0
 11
88.64825887975758
 21
31.447548753364
 31
0
  0
SOLID
  5
44F
330
44A
100
AcDbEntity
  8
Размеры
 62
     0
100
AcDbTrace
 38
0
 10
86.64825887975758
 20
31.947548753364
 11
86.64825887975758
 21
30.947548753364
 12
83.64825887975758
 22
31.447548753364
 13
83.64825887975758
 23
31.447548753364
  0
SOLID
  5
450
330
44A
100
AcDbEntity
  8
Размеры
 62
     0
100
AcDbTrace
 38
0
 10
88.64825887975758
 20
30.947548753364
 11
88.64825887975758
 21
31.947548753364
 12
91.64825887975758
 22
31.447548753364
 13
91.64825887975758
 23
31.447548753364
  0
MTEXT
  5
451
330
44A
100
AcDbEntity
  8
Размеры
 48
2
 62
     0
100
AcDbMText
 10
87.64825887975758
 20
34.072548753364
 30
0
210
0
220
0
230
1
 11
1
 21
0
 31
0
 40
4
 41
0
 46
0
 71
     5
 72
     1
  1
\A1;4
  7
GOST
 73
     1
 44
1
  0
POINT
  5
452
330
44A
100
AcDbEntity
  8
Defpoints
 62
     0
100
AcDbPoint
 10
83.64825887975758
 20
40.18024739455848
 30
0
 50
0
  0
POINT
  5
453
330
44A
100
AcDbEntity
  8
Defpoints
 62
     0
100
AcDbPoint
 10
91.64825887975758
 20
39.447548753364
 30
0
 50
0
  0
POINT
  5
454
330
44A
100
AcDbEntity
  8
Defpoints
 62
     0
100
AcDbPoint
 10
91.64825887975758
 20
31.447548753364
 30
0
 50
0
  0
ENDBLK
  5
455
330
44A
100
AcDbEntity
  8
0
100
AcDbBlockEnd
  0
BLOCK
  5
45A
330
459
100
AcDbEntity
  8
0
100
AcDbBlockBegin
  2
*D10
 70
     1
 10
0
 20
0
 30
0
  3
*D10
  1

  0
LINE
  5
45B
330
459
100
AcDbEntity
  8
Размеры
370
    -2
 62
     0
100
AcDbLine
 10
83.01372027066087
 20
50.64037145700377
 30
0
 11
73.23904580744794
 21
34.87344416906993
 31
0
  0
MTEXT
  5
45C
330
459
100
AcDbEntity
  8
Размеры
 48
2
 62
     0
100
AcDbMText
 10
72.77888256134564
 20
39.11308008985355
 30
0
210
0
220
0
230
1
 11
0.5269077218192381
 21
0.8499224980474754
 31
0
 40
4
 41
0
 46
0
 71
     5
 72
     1
  1
\A1;R1
  7
GOST
 73
     1
 44
1
  0
LINE
  5
45D
330
459
100
AcDbEntity
  8
Размеры
370
    -2
 62
     0
100
AcDbLine
 10
85.64825887975621
 20
54.88998394723978
 30
0
 11
84.59444343611858
 21
53.1901389511462
 31
0
  0
SOLID
  5
45E
330
459
100
AcDbEntity
  8
Размеры
 62
     0
100
AcDbTrace
 38
0
 10
83.43868151968461
 20
50.37691759609415
 11
82.58875902163713
 21
50.90382531791339
 12
84.59444343611858
 22
53.1901389511462
 13
84.59444343611858
 23
53.1901389511462
  0
ARC
  5
45F
330
459
100
AcDbEntity
  8
Размеры
370
    -2
 62
     0
100
AcDbCircle
 10
85.64825887975621
 20
54.88998394723978
 30
0
 40
1.999999999998398
100
AcDbArc
 50
197.9785986903401
 51
274.6231545736442
  0
POINT
  5
460
330
459
100
AcDbEntity
  8
Defpoints
 62
     0
100
AcDbPoint
 10
84.59444343611858
 20
53.1901389511462
 30
0
 50
0
  0
POINT
  5
461
330
459
100
AcDbEntity
  8
Defpoints
 62
     0
100
AcDbPoint
 10
85.64825887975621
 20
54.88998394723978
 30
0
 50
0
  0
ENDBLK
  5
462
330
459
100
AcDbEntity
  8
0
100
AcDbBlockEnd
  0
BLOCK
  5
464
330
463
100
AcDbEntity
  8
0
100
AcDbBlockBegin
  2
_None
 70
     0
 10
0
 20
0
 30
0
  3
_None
  1

  0
ENDBLK
  5
465
330
463
100
AcDbEntity
  8
0
100
AcDbBlockEnd
  0
BLOCK
  5
46A
330
469
100
AcDbEntity
  8
0
100
AcDbBlockBegin
  2
*D12
 70
     1
 10
0
 20
0
 30
0
  3
*D12
  1

  0
LINE
  5
46B
330
469
100
AcDbEntity
  8
Размеры
370
    -2
 62
     0
100
AcDbLine
 10
92.66569131416698
 20
52.15496189373646
 30
0
 11
101.4736200146397
 21
29.17595170857562
 31
0
  0
MTEXT
  5
46C
330
469
100
AcDbEntity
  8
Размеры
 48
2
 62
     0
100
AcDbMText
 10
101.8747497897369
 20
35.6951207731171
 30
0
210
0
220
0
230
1
 11
0.3579114991959531
 21
-0.933755513367019
 31
0
 40
4
 41
0
 46
0
 71
     5
 72
     1
  1
\A1;R0.5
  7
GOST
 73
     1
 44
1
  0
LINE
  5
46D
330
469
100
AcDbEntity
  8
Размеры
370
    -2
 62
     0
100
AcDbLine
 10
91.23404531737697
 20
55.88998394722068
 30
0
 11
91.59195681657911
 21
54.95622843383751
 31
0
  0
SOLID
  5
46E
330
469
100
AcDbEntity
  8
Размеры
 62
     0
100
AcDbTrace
 38
0
 10
93.13256907085049
 20
52.33391764333443
 11
92.19881355748346
 21
51.97600614413848
 12
91.59195681657911
 22
54.95622843383751
 13
91.59195681657911
 23
54.95622843383751
  0
ARC
  5
46F
330
469
100
AcDbEntity
  8
Размеры
370
    -2
 62
     0
100
AcDbCircle
 10
91.23404531737697
 20
55.88998394722068
 30
0
 40
1.000000000017303
100
AcDbArc
 50
213.6076144110506
 51
8.580086272483516
  0
POINT
  5
470
330
469
100
AcDbEntity
  8
Defpoints
 62
     0
100
AcDbPoint
 10
91.59195681657911
 20
54.95622843383751
 30
0
 50
0
  0
POINT
  5
471
330
469
100
AcDbEntity
  8
Defpoints
 62
     0
100
AcDbPoint
 10
91.23404531737697
 20
55.88998394722068
 30
0
 50
0
  0
ENDBLK
  5
472
330
469
100
AcDbEntity
  8
0
100
AcDbBlockEnd
  0
BLOCK
  5
477
330
476
100
AcDbEntity
  8
0
100
AcDbBlockBegin
  2
*D13
 70
     1
 10
0
 20
0
 30
0
  3
*D13
  1

  0
LINE
  5
478
330
476
100
AcDbEntity
  8
Размеры
370
    -2
 62
     0
100
AcDbLine
 10
85.02325887975758
 20
56.88998394723819
 30
0
 11
60.82027321794294
 21
56.88998394723819
 31
0
  0
LINE
  5
479
330
476
100
AcDbEntity
  8
Размеры
370
    -2
 62
     0
100
AcDbLine
 10
62.07027321794294
 20
53.88998394723819
 30
0
 11
62.07027321794294
 21
36.83687323289635
 31
0
  0
SOLID
  5
47A
330
476
100
AcDbEntity
  8
Размеры
 62
     0
100
AcDbTrace
 38
0
 10
62.57027321794294
 20
53.88998394723819
 11
61.57027321794294
 21
53.88998394723819
 12
62.07027321794294
 22
56.88998394723819
 13
62.07027321794294
 23
56.88998394723819
  0
MTEXT
  5
47B
330
476
100
AcDbEntity
  8
Размеры
 48
2
 62
     0
100
AcDbMText
 10
59.36243050546832
 20
42.34777161783188
 30
0
210
0
220
0
230
1
 11
0
 21
1
 31
0
 40
4
 41
0
 46
0
 71
     5
 72
     1
  1
\A1;{\Q0;%%C}34
  7
GOST
 73
     1
 44
1
  0
POINT
  5
47C
330
476
100
AcDbEntity
  8
Defpoints
 62
     0
100
AcDbPoint
 10
85.64825887975758
 20
56.88998394723819
 30
0
 50
0
  0
POINT
  5
47D
330
476
100
AcDbEntity
  8
Defpoints
 62
     0
100
AcDbPoint
 10
64.51386014300442
 20
42.34777161783165
 30
0
 50
0
  0
POINT
  5
47E
330
476
100
AcDbEntity
  8
Defpoints
 62
     0
100
AcDbPoint
 10
62.07027321794294
 20
42.34777161783165
 30
0
 50
0
  0
ENDBLK
  5
47F
330
476
100
AcDbEntity
  8
0
100
AcDbBlockEnd
  0
BLOCK
  5
496
330
495
100
AcDbEntity
  8
0
100
AcDbBlockBegin
  2
*D14
 70
     1
 10
0
 20
0
 30
0
  3
*D14
  1

  0
LINE
  5
497
330
495
100
AcDbEntity
  8
Размеры
370
    -2
 62
     0
100
AcDbLine
 10
170.5352761677655
 20
39.3726665760588
 30
0
 11
170.5352761677655
 21
30.197548753364
 31
0
  0
LINE
  5
498
330
495
100
AcDbEntity
  8
Размеры
370
    -2
 62
     0
100
AcDbLine
 10
162.5352761677655
 20
53.23456342109318
 30
0
 11
162.5352761677655
 21
30.197548753364
 31
0
  0
LINE
  5
499
330
495
100
AcDbEntity
  8
Размеры
370
    -2
 62
     0
100
AcDbLine
 10
167.5352761677655
 20
31.447548753364
 30
0
 11
165.5352761677655
 21
31.447548753364
 31
0
  0
SOLID
  5
49A
330
495
100
AcDbEntity
  8
Размеры
 62
     0
100
AcDbTrace
 38
0
 10
167.5352761677655
 20
30.947548753364
 11
167.5352761677655
 21
31.947548753364
 12
170.5352761677655
 22
31.447548753364
 13
170.5352761677655
 23
31.447548753364
  0
SOLID
  5
49B
330
495
100
AcDbEntity
  8
Размеры
 62
     0
100
AcDbTrace
 38
0
 10
165.5352761677655
 20
31.947548753364
 11
165.5352761677655
 21
30.947548753364
 12
162.5352761677655
 22
31.447548753364
 13
162.5352761677655
 23
31.447548753364
  0
MTEXT
  5
49C
330
495
100
AcDbEntity
  8
Размеры
 48
2
 62
     0
100
AcDbMText
 10
166.5352761677655
 20
34.072548753364
 30
0
210
0
220
0
230
1
 11
1
 21
0
 31
0
 40
4
 41
0
 46
0
 71
     5
 72
     1
  1
\A1;4
  7
GOST
 73
     1
 44
1
  0
POINT
  5
49D
330
495
100
AcDbEntity
  8
Defpoints
 62
     0
100
AcDbPoint
 10
170.5352761677655
 20
39.9976665760588
 30
0
 50
0
  0
POINT
  5
49E
330
495
100
AcDbEntity
  8
Defpoints
 62
     0
100
AcDbPoint
 10
162.5352761677655
 20
53.85956342109318
 30
0
 50
0
  0
POINT
  5
49F
330
495
100
AcDbEntity
  8
Defpoints
 62
     0
100
AcDbPoint
 10
162.5352761677655
 20
31.447548753364
 30
0
 50
0
  0
ENDBLK
  5
4A0
330
495
100
AcDbEntity
  8
0
100
AcDbBlockEnd
  0
BLOCK
  5
4A5
330
4A4
100
AcDbEntity
  8
0
100
AcDbBlockBegin
  2
*D15
 70
     1
 10
0
 20
0
 30
0
  3
*D15
  1

  0
LINE
  5
4A6
330
4A4
100
AcDbEntity
  8
Размеры
370
    -2
 62
     0
100
AcDbLine
 10
170.6568236083097
 20
47.42179720205298
 30
0
 11
179.5766263528826
 21
28.38608188162237
 31
0
  0
MTEXT
  5
4A7
330
4A4
100
AcDbEntity
  8
Размеры
 48
2
 62
     0
100
AcDbMText
 10
180.52754792147
 20
32.54324571340211
 30
0
210
0
220
0
230
1
 11
0.4243095084423383
 21
-0.9055172229424581
 31
0
 40
4
 41
0
 46
0
 71
     5
 72
     1
  1
\A1;R1
  7
GOST
 73
     1
 44
1
  0
LINE
  5
4A8
330
4A4
100
AcDbEntity
  8
Размеры
370
    -2
 62
     0
100
AcDbLine
 10
168.5352759911625
 20
51.94938347668483
 30
0
 11
169.3838950829827
 21
50.13834887088035
 31
0
  0
SOLID
  5
4A9
330
4A4
100
AcDbEntity
  8
Размеры
 62
     0
100
AcDbTrace
 38
0
 10
171.1095822197809
 20
47.63395195627415
 11
170.2040649968385
 21
47.20964244783181
 12
169.3838950829827
 22
50.13834887088035
 13
169.3838950829827
 23
50.13834887088035
  0
ARC
  5
4AA
330
4A4
100
AcDbEntity
  8
Размеры
370
    -2
 62
     0
100
AcDbCircle
 10
168.5352759911625
 20
51.94938347668483
 30
0
 40
2.000000176605767
100
AcDbArc
 50
258.6870549743375
 51
342.0214078887053
  0
POINT
  5
4AB
330
4A4
100
AcDbEntity
  8
Defpoints
 62
     0
100
AcDbPoint
 10
169.3838950829827
 20
50.13834887088035
 30
0
 50
0
  0
POINT
  5
4AC
330
4A4
100
AcDbEntity
  8
Defpoints
 62
     0
100
AcDbPoint
 10
168.5352759911625
 20
51.94938347668483
 30
0
 50
0
  0
ENDBLK
  5
4AD
330
4A4
100
AcDbEntity
  8
0
100
AcDbBlockEnd
  0
BLOCK
  5
4B2
330
4B1
100
AcDbEntity
  8
0
100
AcDbBlockBegin
  2
*D16
 70
     1
 10
0
 20
0
 30
0
  3
*D16
  1

  0
LINE
  5
4B3
330
4B1
100
AcDbEntity
  8
Размеры
370
    -2
 62
     0
100
AcDbLine
 10
161.1736028107871
 20
49.36522147346809
 30
0
 11
152.1368988947052
 21
31.12699882779399
 31
0
  0
MTEXT
  5
4B4
330
4B1
100
AcDbEntity
  8
Размеры
 48
2
 62
     0
100
AcDbMText
 10
152.3494144076179
 20
37.65503892764904
 30
0
210
0
220
0
230
1
 11
0.44397173370497
 21
0.89604079129859
 31
0
 40
4
 41
0
 46
0
 71
     5
 72
     1
  1
\A1;R0.5
  7
GOST
 73
     1
 44
1
  0
LINE
  5
4B5
330
4B1
100
AcDbEntity
  8
Размеры
370
    -2
 62
     0
100
AcDbLine
 10
162.949489514875
 20
52.94938417299034
 30
0
 11
162.505518011902
 21
52.05334384736386
 31
0
  0
SOLID
  5
4B6
330
4B1
100
AcDbEntity
  8
Размеры
 62
     0
100
AcDbTrace
 38
0
 10
161.6216232064365
 20
49.1432356066156
 11
160.7255824151378
 21
49.58720734032057
 12
162.505518011902
 22
52.05334384736386
 13
162.505518011902
 23
52.05334384736386
  0
ARC
  5
4B7
330
4B1
100
AcDbEntity
  8
Размеры
370
    -2
 62
     0
100
AcDbCircle
 10
162.949489514875
 20
52.94938417299034
 30
0
 40
0.9999994803003146
100
AcDbArc
 50
171.4199456541951
 51
321.0068532505666
  0
POINT
  5
4B8
330
4B1
100
AcDbEntity
  8
Defpoints
 62
     0
100
AcDbPoint
 10
162.505518011902
 20
52.05334384736386
 30
0
 50
0
  0
POINT
  5
4B9
330
4B1
100
AcDbEntity
  8
Defpoints
 62
     0
100
AcDbPoint
 10
162.949489514875
 20
52.94938417299034
 30
0
 50
0
  0
ENDBLK
  5
4BA
330
4B1
100
AcDbEntity
  8
0
100
AcDbBlockEnd
  0
BLOCK
  5
4BF
330
4BE
100
AcDbEntity
  8
0
100
AcDbBlockBegin
  2
*D17
 70
     1
 10
0
 20
0
 30
0
  3
*D17
  1

  0
LINE
  5
4C0
330
4BE
100
AcDbEntity
  8
Размеры
370
    -2
 62
     0
100
AcDbLine
 10
162.324489730298
 20
53.94938365329051
 30
0
 11
143.5826534395615
 21
53.9493836532905
 31
0
  0
LINE
  5
4C1
330
4BE
100
AcDbEntity
  8
Размеры
370
    -2
 62
     0
100
AcDbLine
 10
144.8326534395615
 20
56.9493836532905
 30
0
 11
144.8326534395615
 21
75.65879444579474
 31
0
  0
SOLID
  5
4C2
330
4BE
100
AcDbEntity
  8
Размеры
 62
     0
100
AcDbTrace
 38
0
 10
144.3326534395615
 20
56.9493836532905
 11
145.3326534395615
 21
56.9493836532905
 12
144.8326534395615
 22
53.9493836532905
 13
144.8326534395615
 23
53.9493836532905
  0
MTEXT
  5
4C3
330
4BE
100
AcDbEntity
  8
Размеры
 48
2
 62
     0
100
AcDbMText
 10
142.1248107270868
 20
68.06505334838459
 30
0
210
0
220
0
230
1
 11
0
 21
1
 31
0
 40
4
 41
0
 46
0
 71
     5
 72
     1
  1
\A1;{\Q0;%%C}37.5
  7
GOST
 73
     1
 44
1
  0
POINT
  5
4C4
330
4BE
100
AcDbEntity
  8
Defpoints
 62
     0
100
AcDbPoint
 10
162.949489730298
 20
53.94938365329051
 30
0
 50
0
  0
POINT
  5
4C5
330
4BE
100
AcDbEntity
  8
Defpoints
 62
     0
100
AcDbPoint
 10
162.949489730298
 20
79.18072304347868
 30
0
 50
0
  0
POINT
  5
4C6
330
4BE
100
AcDbEntity
  8
Defpoints
 62
     0
100
AcDbPoint
 10
144.8326534395615
 20
79.18072304347868
 30
0
 50
0
  0
ENDBLK
  5
4C7
330
4BE
100
AcDbEntity
  8
0
100
AcDbBlockEnd
  0
BLOCK
  5
4CC
330
4CB
100
AcDbEntity
  8
0
100
AcDbBlockBegin
  2
*D18
 70
     1
 10
0
 20
0
 30
0
  3
*D18
  1

  0
LINE
  5
4CD
330
4CB
100
AcDbEntity
  8
Размеры
370
    -2
 62
     0
100
AcDbLine
 10
95.96230739918983
 20
52.5759354278058
 30
0
 11
110.8358223914737
 21
37.70242043551709
 31
0
  0
LINE
  5
4CE
330
4CB
100
AcDbEntity
  8
Размеры
370
    -2
 62
     0
100
AcDbLine
 10
96.43825887976209
 20
53.72498394723391
 30
0
 11
117.4725855020126
 21
53.72498394723391
 31
0
  0
ARC
  5
4CF
330
4CB
100
AcDbEntity
  8
Размеры
370
    -2
 62
     0
100
AcDbCircle
 10
94.81325887976209
 20
53.72498394723391
 30
0
 40
21.40932662225056
100
AcDbArc
 50
323.035202613511
 51
351.9647973864797
  0
SOLID
  5
4D0
330
4CB
100
AcDbEntity
  8
Размеры
 62
     0
100
AcDbTrace
 38
0
 10
111.5419648238243
 20
41.17895074665373
 11
112.2968759102614
 21
40.52312359596966
 12
109.9519389149907
 22
38.58630391200042
 13
109.9519389149907
 23
38.58630391200042
  0
SOLID
  5
4D1
330
4CB
100
AcDbEntity
  8
Размеры
 62
     0
100
AcDbTrace
 38
0
 10
116.5111680203531
 20
50.69732476395249
 11
115.5136254464056
 21
50.76738768683028
 12
116.2225855020126
 22
53.72498394723391
 13
116.2225855020126
 23
53.72498394723391
  0
MTEXT
  5
4D2
330
4CB
100
AcDbEntity
  8
Размеры
 48
2
 62
     0
100
AcDbMText
 10
112.0911770915927
 20
46.56823589431896
 30
0
210
0
220
0
230
1
 11
0.3826834323651641
 21
0.9238795325112561
 31
0
 40
4
 41
0
 46
0
 71
     5
 72
     1
  1
\A1;45%%d
  7
GOST
 73
     1
 44
1
  0
POINT
  5
4D3
330
4CB
100
AcDbEntity
  8
Defpoints
 62
     0
100
AcDbPoint
 10
94.81325887976209
 20
53.72498394723391
 30
0
 50
0
  0
POINT
  5
4D4
330
4CB
100
AcDbEntity
  8
Defpoints
 62
     0
100
AcDbPoint
 10
95.5203656609483
 20
53.01787716604747
 30
0
 50
0
  0
POINT
  5
4D5
330
4CB
100
AcDbEntity
  8
Defpoints
 62
     0
100
AcDbPoint
 10
95.81325887976209
 20
53.72498394723391
 30
0
 50
0
  0
POINT
  5
4D6
330
4CB
100
AcDbEntity
  8
Defpoints
 62
     0
100
AcDbPoint
 10
113.3542796125484
 20
43.02032063610663
 30
0
 50
0
  0
ENDBLK
  5
4D7
330
4CB
100
AcDbEntity
  8
0
100
AcDbBlockEnd
  0
BLOCK
  5
4DC
330
4DB
100
AcDbEntity
  8
0
100
AcDbBlockBegin
  2
*D19
 70
     1
 10
0
 20
0
 30
0
  3
*D19
  1

  0
LINE
  5
4DD
330
4DB
100
AcDbEntity
  8
Размеры
370
    -2
 62
     0
100
AcDbLine
 10
156.4102761677655
 20
49.44938365329028
 30
0
 11
136.0556152766618
 21
49.44938365329028
 31
0
  0
LINE
  5
4DE
330
4DB
100
AcDbEntity
  8
Размеры
370
    -2
 62
     0
100
AcDbLine
 10
156.8862276483365
 20
48.30033513386277
 30
0
 11
142.4933089034753
 21
33.90741638902014
 31
0
  0
ARC
  5
4DF
330
4DB
100
AcDbEntity
  8
Размеры
370
    -2
 62
     0
100
AcDbCircle
 10
158.0352761677655
 20
49.44938365329028
 30
0
 40
20.72966089110363
100
AcDbArc
 50
188.2991079209765
 51
216.7008920789866
  0
SOLID
  5
4E0
330
4DB
100
AcDbEntity
  8
Размеры
 62
     0
100
AcDbTrace
 38
0
 10
138.021384814771
 20
46.49342797562612
 11
137.0240062415767
 21
46.42106789178878
 12
137.3056152766618
 22
49.44938365329028
 13
137.3056152766618
 23
49.44938365329028
  0
SOLID
  5
4E1
330
4DB
100
AcDbEntity
  8
Размеры
 62
     0
100
AcDbTrace
 38
0
 10
141.0367221110764
 20
36.733514817684
 11
141.7931415695613
 21
37.38760166423074
 12
143.3771923799591
 22
34.79129986550276
 13
143.3771923799591
 23
34.79129986550276
  0
MTEXT
  5
4E2
330
4DB
100
AcDbEntity
  8
Размеры
 48
2
 62
     0
100
AcDbMText
 10
141.3852872138881
 20
42.55273241523831
 30
0
210
0
220
0
230
1
 11
0.3826834323647927
 21
-0.9238795325114099
 31
0
 40
4
 41
0
 46
0
 71
     5
 72
     1
  1
\A1;45%%d
  7
GOST
 73
     1
 44
1
  0
POINT
  5
4E3
330
4DB
100
AcDbEntity
  8
Defpoints
 62
     0
100
AcDbPoint
 10
158.0352761677655
 20
49.44938365329028
 30
0
 50
0
  0
POINT
  5
4E4
330
4DB
100
AcDbEntity
  8
Defpoints
 62
     0
100
AcDbPoint
 10
157.0352761677655
 20
49.44938365329028
 30
0
 50
0
  0
POINT
  5
4E5
330
4DB
100
AcDbEntity
  8
Defpoints
 62
     0
100
AcDbPoint
 10
157.3281693865783
 20
48.74227687210407
 30
0
 50
0
  0
POINT
  5
4E6
330
4DB
100
AcDbEntity
  8
Defpoints
 62
     0
100
AcDbPoint
 10
138.0119613428328
 20
44.08415261616007
 30
0
 50
0
  0
ENDBLK
  5
4E7
330
4DB
100
AcDbEntity
  8
0
100
AcDbBlockEnd
  0
BLOCK
  5
4F2
330
4F1
100
AcDbEntity
  8
0
100
AcDbBlockBegin
  2
*D20
 70
     1
 10
0
 20
0
 30
0
  3
*D20
  1

  0
LINE
  5
4F3
330
4F1
100
AcDbEntity
  8
Размеры
370
    -2
 62
     0
100
AcDbLine
 10
73.46931034727504
 20
182.9548394444142
 30
0
 11
113.5659265255058
 21
182.9548394444142
 31
0
  0
LINE
  5
4F4
330
4F1
100
AcDbEntity
  8
Размеры
370
    -2
 62
     0
100
AcDbLine
 10
73.4693103472805
 20
234.9548394444142
 30
0
 11
113.5659265255058
 21
234.9548394444142
 31
0
  0
LINE
  5
4F5
330
4F1
100
AcDbEntity
  8
Размеры
370
    -2
 62
     0
100
AcDbLine
 10
112.3159265255058
 20
185.9548394444142
 30
0
 11
112.3159265255058
 21
231.9548394444142
 31
0
  0
SOLID
  5
4F6
330
4F1
100
AcDbEntity
  8
Размеры
 62
     0
100
AcDbTrace
 38
0
 10
111.8159265255058
 20
185.9548394444142
 11
112.8159265255058
 21
185.9548394444142
 12
112.3159265255058
 22
182.9548394444142
 13
112.3159265255058
 23
182.9548394444142
  0
SOLID
  5
4F7
330
4F1
100
AcDbEntity
  8
Размеры
 62
     0
100
AcDbTrace
 38
0
 10
112.8159265255058
 20
231.9548394444142
 11
111.8159265255058
 21
231.9548394444142
 12
112.3159265255058
 22
234.9548394444142
 13
112.3159265255058
 23
234.9548394444142
  0
MTEXT
  5
4F8
330
4F1
100
AcDbEntity
  8
Размеры
 48
2
 62
     0
100
AcDbMText
 10
109.4531625531887
 20
208.9548394444142
 30
0
210
0
220
0
230
1
 11
0
 21
1
 31
0
 40
4
 41
0
 46
0
 71
     5
 72
     1
  1
\A1;{\Q0;%%C}52
  7
GOST
 73
     1
 44
1
  0
POINT
  5
4F9
330
4F1
100
AcDbEntity
  8
Defpoints
 62
     0
100
AcDbPoint
 10
72.84431034727504
 20
182.9548394444142
 30
0
 50
0
  0
POINT
  5
4FA
330
4F1
100
AcDbEntity
  8
Defpoints
 62
     0
100
AcDbPoint
 10
72.8443103472805
 20
234.9548394444142
 30
0
 50
0
  0
POINT
  5
4FB
330
4F1
100
AcDbEntity
  8
Defpoints
 62
     0
100
AcDbPoint
 10
112.3159265255058
 20
234.9548394444142
 30
0
 50
0
  0
ENDBLK
  5
4FC
330
4F1
100
AcDbEntity
  8
0
100
AcDbBlockEnd
  0
BLOCK
  5
501
330
500
100
AcDbEntity
  8
0
100
AcDbBlockBegin
  2
*D21
 70
     1
 10
0
 20
0
 30
0
  3
*D21
  1

  0
LINE
  5
502
330
500
100
AcDbEntity
  8
Размеры
370
    -2
 62
     0
100
AcDbLine
 10
49.84431034725958
 20
221.7041950978862
 30
0
 11
49.84431034725958
 21
249.7048394441596
 31
0
  0
LINE
  5
503
330
500
100
AcDbEntity
  8
Размеры
370
    -2
 62
     0
100
AcDbLine
 10
95.84431034639329
 20
221.7041950980782
 30
0
 11
95.84431034639329
 21
249.7048394441596
 31
0
  0
LINE
  5
504
330
500
100
AcDbEntity
  8
Размеры
370
    -2
 62
     0
100
AcDbLine
 10
52.84431034725958
 20
248.4548394441596
 30
0
 11
92.84431034639329
 21
248.4548394441596
 31
0
  0
SOLID
  5
505
330
500
100
AcDbEntity
  8
Размеры
 62
     0
100
AcDbTrace
 38
0
 10
52.84431034725958
 20
248.9548394441596
 11
52.84431034725958
 21
247.9548394441596
 12
49.84431034725958
 22
248.4548394441596
 13
49.84431034725958
 23
248.4548394441596
  0
SOLID
  5
506
330
500
100
AcDbEntity
  8
Размеры
 62
     0
100
AcDbTrace
 38
0
 10
92.84431034639329
 20
247.9548394441596
 11
92.84431034639329
 21
248.9548394441596
 12
95.84431034639329
 22
248.4548394441596
 13
95.84431034639329
 23
248.4548394441596
  0
MTEXT
  5
507
330
500
100
AcDbEntity
  8
Размеры
 48
2
 62
     0
100
AcDbMText
 10
72.84431034682643
 20
251.1955874756556
 30
0
210
0
220
0
230
1
 11
1
 21
0
 31
0
 40
4
 41
0
 46
0
 71
     5
 72
     1
  1
\A1;46
  7
GOST
 73
     1
 44
1
  0
POINT
  5
508
330
500
100
AcDbEntity
  8
Defpoints
 62
     0
100
AcDbPoint
 10
49.84431034725958
 20
221.0791950978862
 30
0
 50
0
  0
POINT
  5
509
330
500
100
AcDbEntity
  8
Defpoints
 62
     0
100
AcDbPoint
 10
95.84431034639329
 20
221.0791950980782
 30
0
 50
0
  0
POINT
  5
50A
330
500
100
AcDbEntity
  8
Defpoints
 62
     0
100
AcDbPoint
 10
95.84431034639329
 20
248.4548394441596
 30
0
 50
0
  0
ENDBLK
  5
50B
330
500
100
AcDbEntity
  8
0
100
AcDbBlockEnd
  0
BLOCK
  5
510
330
50F
100
AcDbEntity
  8
0
100
AcDbBlockBegin
  2
*D22
 70
     1
 10
0
 20
0
 30
0
  3
*D22
  1

  0
LINE
  5
511
330
50F
100
AcDbEntity
  8
Размеры
370
    -2
 62
     0
100
AcDbLine
 10
43.34431034614681
 20
209.5798394444142
 30
0
 11
43.34431034614681
 21
257.7048394441596
 31
0
  0
LINE
  5
512
330
50F
100
AcDbEntity
  8
Размеры
370
    -2
 62
     0
100
AcDbLine
 10
102.3443103461464
 20
209.5798394439049
 30
0
 11
102.3443103461464
 21
257.7048394441596
 31
0
  0
LINE
  5
513
330
50F
100
AcDbEntity
  8
Размеры
370
    -2
 62
     0
100
AcDbLine
 10
46.34431034614681
 20
256.4548394441596
 30
0
 11
99.34431034614636
 21
256.4548394441596
 31
0
  0
SOLID
  5
514
330
50F
100
AcDbEntity
  8
Размеры
 62
     0
100
AcDbTrace
 38
0
 10
46.34431034614681
 20
256.9548394441596
 11
46.34431034614681
 21
255.9548394441596
 12
43.34431034614681
 22
256.4548394441596
 13
43.34431034614681
 23
256.4548394441596
  0
SOLID
  5
515
330
50F
100
AcDbEntity
  8
Размеры
 62
     0
100
AcDbTrace
 38
0
 10
99.34431034614636
 20
255.9548394441596
 11
99.34431034614636
 21
256.9548394441596
 12
102.3443103461464
 22
256.4548394441596
 13
102.3443103461464
 23
256.4548394441596
  0
MTEXT
  5
516
330
50F
100
AcDbEntity
  8
Размеры
 48
2
 62
     0
100
AcDbMText
 10
72.84431034614659
 20
259.3505087354982
 30
0
210
0
220
0
230
1
 11
1
 21
0
 31
0
 40
4
 41
0
 46
0
 71
     5
 72
     1
  1
\A1;{\Q0;%%C}59 h12 
  7
GOST
 73
     1
 44
1
  0
POINT
  5
517
330
50F
100
AcDbEntity
  8
Defpoints
 62
     0
100
AcDbPoint
 10
43.34431034614681
 20
208.9548394444142
 30
0
 50
0
  0
POINT
  5
518
330
50F
100
AcDbEntity
  8
Defpoints
 62
     0
100
AcDbPoint
 10
102.3443103461464
 20
208.9548394439049
 30
0
 50
0
  0
POINT
  5
519
330
50F
100
AcDbEntity
  8
Defpoints
 62
     0
100
AcDbPoint
 10
102.3443103461464
 20
256.4548394441596
 30
0
 50
0
  0
ENDBLK
  5
51A
330
50F
100
AcDbEntity
  8
0
100
AcDbBlockEnd
  0
BLOCK
  5
51F
330
51E
100
AcDbEntity
  8
0
100
AcDbBlockBegin
  2
*D23
 70
     1
 10
0
 20
0
 30
0
  3
*D23
  1

  0
LINE
  5
520
330
51E
100
AcDbEntity
  8
Размеры
370
    -2
 62
     0
100
AcDbLine
 10
90.32893909706692
 20
218.6650277761344
 30
0
 11
55.35968159522624
 21
199.2446511121848
 31
0
  0
MTEXT
  5
521
330
51E
100
AcDbEntity
  8
Размеры
 48
2
 62
     0
100
AcDbMText
 10
71.09647644717097
 20
212.1020726197589
 30
0
210
0
220
0
230
1
 11
0.8742314375460941
 21
0.4855094165987824
 31
0
 40
4
 41
0
 46
0
 71
     5
 72
     1
  1
\A1;{\Q0;%%c}46
  7
GOST
 73
     1
 44
1
  0
SOLID
  5
522
330
51E
100
AcDbEntity
  8
Размеры
 62
     0
100
AcDbTrace
 38
0
 10
55.11692688692685
 20
199.6817668309579
 11
55.60243630352564
 21
198.8075353934118
 12
52.73698728258796
 22
197.7881228623885
 13
52.73698728258796
 23
197.7881228623885
  0
SOLID
  5
523
330
51E
100
AcDbEntity
  8
Размеры
 62
     0
100
AcDbTrace
 38
0
 10
90.57169380536631
 20
218.2279120573614
 11
90.08618438876753
 21
219.1021434949075
 12
92.95163340970521
 22
220.1215560259308
 13
92.95163340970521
 23
220.1215560259308
  0
POINT
  5
524
330
51E
100
AcDbEntity
  8
Defpoints
 62
     0
100
AcDbPoint
 10
92.95163340970521
 20
220.1215560259308
 30
0
 50
0
  0
POINT
  5
525
330
51E
100
AcDbEntity
  8
Defpoints
 62
     0
100
AcDbPoint
 10
52.73698728258796
 20
197.7881228623885
 30
0
 50
0
  0
ENDBLK
  5
526
330
51E
100
AcDbEntity
  8
0
100
AcDbBlockEnd
  0
BLOCK
  5
535
330
534
100
AcDbEntity
  8
0
100
AcDbBlockBegin
  2
*D24
 70
     1
 10
0
 20
0
 30
0
  3
*D24
  1

  0
LINE
  5
536
330
534
100
AcDbEntity
  8
Размеры
370
    -2
 62
     0
100
AcDbLine
 10
70.21931034727504
 20
184.9548394444142
 30
0
 11
46.09431034727504
 21
184.9548394444142
 31
0
  0
LINE
  5
537
330
534
100
AcDbEntity
  8
Размеры
370
    -2
 62
     0
100
AcDbLine
 10
72.21931034728595
 20
182.9548394444142
 30
0
 11
46.09431034727504
 21
182.9548394444142
 31
0
  0
LINE
  5
538
330
534
100
AcDbEntity
  8
Размеры
370
    -2
 62
     0
100
AcDbLine
 10
47.34431034727504
 20
182.9548394444142
 30
0
 11
47.34431034727504
 21
174.7118788519055
 31
0
  0
LINE
  5
539
330
534
100
AcDbEntity
  8
Размеры
370
    -2
 62
     0
100
AcDbLine
 10
47.34431034727504
 20
184.9548394444142
 30
0
 11
47.34431034727504
 21
182.9548394444142
 31
0
  0
LINE
  5
53A
330
534
100
AcDbEntity
  8
Размеры
370
    -2
 62
     0
100
AcDbLine
 10
47.34431034727504
 20
187.9548394444142
 30
0
 11
47.34431034727504
 21
190.9548394444142
 31
0
  0
LINE
  5
53B
330
534
100
AcDbEntity
  8
Размеры
370
    -2
 62
     0
100
AcDbLine
 10
47.34431034727504
 20
179.9548394444142
 30
0
 11
47.34431034727504
 21
176.9548394444142
 31
0
  0
SOLID
  5
53C
330
534
100
AcDbEntity
  8
Размеры
 62
     0
100
AcDbTrace
 38
0
 10
46.84431034727504
 20
187.9548394444142
 11
47.84431034727504
 21
187.9548394444142
 12
47.34431034727504
 22
184.9548394444142
 13
47.34431034727504
 23
184.9548394444142
  0
SOLID
  5
53D
330
534
100
AcDbEntity
  8
Размеры
 62
     0
100
AcDbTrace
 38
0
 10
47.84431034727504
 20
179.9548394444142
 11
46.84431034727504
 21
179.9548394444142
 12
47.34431034727504
 22
182.9548394444142
 13
47.34431034727504
 23
182.9548394444142
  0
MTEXT
  5
53E
330
534
100
AcDbEntity
  8
Размеры
 48
2
 62
     0
100
AcDbMText
 10
44.56438908743252
 20
176.9548394444142
 30
0
210
0
220
0
230
1
 11
0
 21
1
 31
0
 40
4
 41
0
 46
0
 71
     5
 72
     1
  1
\A1;2
  7
GOST
 73
     1
 44
1
  0
POINT
  5
53F
330
534
100
AcDbEntity
  8
Defpoints
 62
     0
100
AcDbPoint
 10
70.84431034727504
 20
184.9548394444142
 30
0
 50
0
  0
POINT
  5
540
330
534
100
AcDbEntity
  8
Defpoints
 62
     0
100
AcDbPoint
 10
72.84431034728595
 20
182.9548394444142
 30
0
 50
0
  0
POINT
  5
541
330
534
100
AcDbEntity
  8
Defpoints
 62
     0
100
AcDbPoint
 10
47.34431034727504
 20
182.9548394444142
 30
0
 50
0
  0
ENDBLK
  5
542
330
534
100
AcDbEntity
  8
0
100
AcDbBlockEnd
  0
BLOCK
  5
547
330
546
100
AcDbEntity
  8
0
100
AcDbBlockBegin
  2
*D25
 70
     1
 10
0
 20
0
 30
0
  3
*D25
  1

  0
LINE
  5
548
330
546
100
AcDbEntity
  8
Размеры
370
    -2
 62
     0
100
AcDbLine
 10
70.76396418951343
 20
180.9645813244568
 30
0
 11
53.6661294945598
 21
148.1696671364079
 31
0
  0
LINE
  5
549
330
546
100
AcDbEntity
  8
Размеры
370
    -2
 62
     0
100
AcDbLine
 10
74.92465650503665
 20
188.9450975643718
 30
0
 11
76.3115539435444
 21
191.6052696443434
 31
0
  0
MTEXT
  5
54A
330
546
100
AcDbEntity
  8
Размеры
 48
2
 62
     0
100
AcDbMText
 10
56.71340524109713
 20
160.5579500648124
 30
0
210
0
220
0
230
1
 11
0.4622991461692463
 21
0.8867240266572153
 31
0
 40
4
 41
0
 46
0
 71
     5
 72
     1
  1
\A1;{\Q0;%%c}3х7±0,5
  7
GOST
 73
     1
 44
1
  0
LINE
  5
54B
330
546
100
AcDbEntity
  8
Размеры
370
    -2
 62
     0
100
AcDbLine
 10
73.53775906652891
 20
186.2849254844001
 30
0
 11
72.15086162802118
 21
183.6247534044285
 31
0
  0
SOLID
  5
54C
330
546
100
AcDbEntity
  8
Размеры
 62
     0
100
AcDbTrace
 38
0
 10
74.48129449170804
 20
189.1762471374564
 11
75.36801851836526
 21
188.7139479912871
 12
73.53775906652891
 22
186.2849254844001
 13
73.53775906652891
 23
186.2849254844001
  0
SOLID
  5
54D
330
546
100
AcDbEntity
  8
Размеры
 62
     0
100
AcDbTrace
 38
0
 10
71.20732620284204
 20
180.7334317513722
 11
70.32060217618482
 21
181.1957308975414
 12
72.15086162802118
 22
183.6247534044285
 13
72.15086162802118
 23
183.6247534044285
  0
POINT
  5
54E
330
546
100
AcDbEntity
  8
Defpoints
 62
     0
100
AcDbPoint
 10
72.15086162802118
 20
183.6247534044285
 30
0
 50
0
  0
POINT
  5
54F
330
546
100
AcDbEntity
  8
Defpoints
 62
     0
100
AcDbPoint
 10
73.53775906652891
 20
186.2849254844001
 30
0
 50
0
  0
ENDBLK
  5
550
330
546
100
AcDbEntity
  8
0
100
AcDbBlockEnd
  0
BLOCK
  5
570
330
56F
100
AcDbEntity
  8
0
100
AcDbBlockBegin
  2
*D26
 70
     1
 10
0
 20
0
 30
0
  3
*D26
  1

  0
LINE
  5
571
330
56F
100
AcDbEntity
  8
Размеры
370
    -2
 62
     0
100
AcDbLine
 10
168.7900220441556
 20
229.7548394444141
 30
0
 11
156.1650220441593
 21
229.7548394444141
 31
0
  0
LINE
  5
572
330
56F
100
AcDbEntity
  8
Размеры
370
    -2
 62
     0
100
AcDbLine
 10
168.7900220441556
 20
188.1548394444142
 30
0
 11
156.1650220441593
 21
188.1548394444142
 31
0
  0
LINE
  5
573
330
56F
100
AcDbEntity
  8
Размеры
370
    -2
 62
     0
100
AcDbLine
 10
157.4150220441593
 20
226.7548394444141
 30
0
 11
157.4150220441593
 21
191.1548394444142
 31
0
  0
SOLID
  5
574
330
56F
100
AcDbEntity
  8
Размеры
 62
     0
100
AcDbTrace
 38
0
 10
157.9150220441593
 20
226.7548394444141
 11
156.9150220441593
 21
226.7548394444141
 12
157.4150220441593
 22
229.7548394444141
 13
157.4150220441593
 23
229.7548394444141
  0
SOLID
  5
575
330
56F
100
AcDbEntity
  8
Размеры
 62
     0
100
AcDbTrace
 38
0
 10
156.9150220441593
 20
191.1548394444142
 11
157.9150220441593
 21
191.1548394444142
 12
157.4150220441593
 22
188.1548394444142
 13
157.4150220441593
 23
188.1548394444142
  0
MTEXT
  5
576
330
56F
100
AcDbEntity
  8
Размеры
 48
2
 62
     0
100
AcDbMText
 10
153.9684341176501
 20
208.9548394444141
 30
0
210
0
220
0
230
1
 11
0
 21
1
 31
0
 40
4
 41
0
 46
0
 71
     5
 72
     1
  1
\A1;\A1;{\Q0;%%C}20.8 \S+0.2100^;
  7
GOST
 73
     1
 44
1
  0
POINT
  5
577
330
56F
100
AcDbEntity
  8
Defpoints
 62
     0
100
AcDbPoint
 10
169.4150220441556
 20
229.7548394444141
 30
0
 50
0
  0
POINT
  5
578
330
56F
100
AcDbEntity
  8
Defpoints
 62
     0
100
AcDbPoint
 10
169.4150220441556
 20
188.1548394444142
 30
0
 50
0
  0
POINT
  5
579
330
56F
100
AcDbEntity
  8
Defpoints
 62
     0
100
AcDbPoint
 10
157.4150220441593
 20
188.1548394444142
 30
0
 50
0
  0
ENDBLK
  5
57A
330
56F
100
AcDbEntity
  8
0
100
AcDbBlockEnd
  0
BLOCK
  5
57F
330
57E
100
AcDbEntity
  8
0
100
AcDbBlockBegin
  2
*D27
 70
     1
 10
0
 20
0
 30
0
  3
*D27
  1

  0
LINE
  5
580
330
57E
100
AcDbEntity
  8
Размеры
370
    -2
 62
     0
100
AcDbLine
 10
183.7900220441593
 20
238.9548394444143
 30
0
 11
146.1650220441593
 21
238.9548394444143
 31
0
  0
LINE
  5
581
330
57E
100
AcDbEntity
  8
Размеры
370
    -2
 62
     0
100
AcDbLine
 10
183.7900220441593
 20
178.9548394444143
 30
0
 11
146.1650220441593
 21
178.9548394444143
 31
0
  0
LINE
  5
582
330
57E
100
AcDbEntity
  8
Размеры
370
    -2
 62
     0
100
AcDbLine
 10
147.4150220441593
 20
235.9548394444143
 30
0
 11
147.4150220441593
 21
181.9548394444143
 31
0
  0
SOLID
  5
583
330
57E
100
AcDbEntity
  8
Размеры
 62
     0
100
AcDbTrace
 38
0
 10
147.9150220441593
 20
235.9548394444143
 11
146.9150220441593
 21
235.9548394444143
 12
147.4150220441593
 22
238.9548394444143
 13
147.4150220441593
 23
238.9548394444143
  0
SOLID
  5
584
330
57E
100
AcDbEntity
  8
Размеры
 62
     0
100
AcDbTrace
 38
0
 10
146.9150220441593
 20
181.9548394444143
 11
147.9150220441593
 21
181.9548394444143
 12
147.4150220441593
 22
178.9548394444143
 13
147.4150220441593
 23
178.9548394444143
  0
MTEXT
  5
585
330
57E
100
AcDbEntity
  8
Размеры
 48
2
 62
     0
100
AcDbMText
 10
144.5522580718421
 20
208.9548394444143
 30
0
210
0
220
0
230
1
 11
0
 21
1
 31
0
 40
4
 41
0
 46
0
 71
     5
 72
     1
  1
\A1;{\Q0;%%C}30 H12 
  7
GOST
 73
     1
 44
1
  0
POINT
  5
586
330
57E
100
AcDbEntity
  8
Defpoints
 62
     0
100
AcDbPoint
 10
184.4150220441593
 20
238.9548394444143
 30
0
 50
0
  0
POINT
  5
587
330
57E
100
AcDbEntity
  8
Defpoints
 62
     0
100
AcDbPoint
 10
184.4150220441593
 20
178.9548394444143
 30
0
 50
0
  0
POINT
  5
588
330
57E
100
AcDbEntity
  8
Defpoints
 62
     0
100
AcDbPoint
 10
147.4150220441593
 20
178.9548394444143
 30
0
 50
0
  0
ENDBLK
  5
589
330
57E
100
AcDbEntity
  8
0
100
AcDbBlockEnd
  0
BLOCK
  5
58E
330
58D
100
AcDbEntity
  8
0
100
AcDbBlockBegin
  2
*D28
 70
     1
 10
0
 20
0
 30
0
  3
*D28
  1

  0
LINE
  5
58F
330
58D
100
AcDbEntity
  8
Размеры
370
    -2
 62
     0
100
AcDbLine
 10
290.0400220441593
 20
241.9548394444143
 30
0
 11
306.6650220441593
 21
241.9548394444143
 31
0
  0
LINE
  5
590
330
58D
100
AcDbEntity
  8
Размеры
370
    -2
 62
     0
100
AcDbLine
 10
290.0400220441593
 20
175.9548394444157
 30
0
 11
306.6650220441593
 21
175.9548394444157
 31
0
  0
LINE
  5
591
330
58D
100
AcDbEntity
  8
Размеры
370
    -2
 62
     0
100
AcDbLine
 10
305.4150220441593
 20
238.9548394444143
 30
0
 11
305.4150220441593
 21
178.9548394444157
 31
0
  0
SOLID
  5
592
330
58D
100
AcDbEntity
  8
Размеры
 62
     0
100
AcDbTrace
 38
0
 10
305.9150220441593
 20
238.9548394444143
 11
304.9150220441593
 21
238.9548394444143
 12
305.4150220441593
 22
241.9548394444143
 13
305.4150220441593
 23
241.9548394444143
  0
SOLID
  5
593
330
58D
100
AcDbEntity
  8
Размеры
 62
     0
100
AcDbTrace
 38
0
 10
304.9150220441593
 20
178.9548394444157
 11
305.9150220441593
 21
178.9548394444157
 12
305.4150220441593
 22
175.9548394444157
 13
305.4150220441593
 23
175.9548394444157
  0
MTEXT
  5
594
330
58D
100
AcDbEntity
  8
Размеры
 48
2
 62
     0
100
AcDbMText
 10
302.5522580718422
 20
208.954839444415
 30
0
210
0
220
0
230
1
 11
0
 21
1
 31
0
 40
4
 41
0
 46
0
 71
     5
 72
     1
  1
\A1;M33х2-6F 
  7
GOST
 73
     1
 44
1
  0
POINT
  5
595
330
58D
100
AcDbEntity
  8
Defpoints
 62
     0
100
AcDbPoint
 10
289.4150220441593
 20
241.9548394444143
 30
0
 50
0
  0
POINT
  5
596
330
58D
100
AcDbEntity
  8
Defpoints
 62
     0
100
AcDbPoint
 10
289.4150220441593
 20
175.9548394444157
 30
0
 50
0
  0
POINT
  5
597
330
58D
100
AcDbEntity
  8
Defpoints
 62
     0
100
AcDbPoint
 10
305.4150220441593
 20
175.9548394444157
 30
0
 50
0
  0
ENDBLK
  5
598
330
58D
100
AcDbEntity
  8
0
100
AcDbBlockEnd
  0
BLOCK
  5
59D
330
59C
100
AcDbEntity
  8
0
100
AcDbBlockBegin
  2
*D29
 70
     1
 10
0
 20
0
 30
0
  3
*D29
  1

  0
LINE
  5
59E
330
59C
100
AcDbEntity
  8
Размеры
370
    -2
 62
     0
100
AcDbLine
 10
209.1806514692589
 20
215.4843591915276
 30
0
 11
206.1806514692589
 21
215.4843591915276
 31
0
  0
LINE
  5
59F
330
59C
100
AcDbEntity
  8
Размеры
370
    -2
 62
     0
100
AcDbLine
 10
206.1806514692589
 20
215.4843591915276
 30
0
 11
198.5930637652698
 21
208.9548394444143
 31
0
  0
LINE
  5
5A0
330
59C
100
AcDbEntity
  8
Размеры
370
    -2
 62
     0
100
AcDbLine
 10
184.1025220441593
 20
179.4961053217796
 30
0
 11
182.2187888668702
 21
182.7588268927475
 31
0
  0
LINE
  5
5A1
330
59C
100
AcDbEntity
  8
Размеры
370
    -2
 62
     0
100
AcDbLine
 10
184.1025220441593
 20
238.4135735670491
 30
0
 11
182.2187888668702
 21
235.1508519960812
 31
0
  0
ARC
  5
5A2
330
59C
100
AcDbEntity
  8
Размеры
370
    -2
 62
     0
100
AcDbCircle
 10
167.0945139684704
 20
208.9548394444143
 30
0
 40
31.49854979679941
100
AcDbArc
 50
305.4590567889755
 51
54.54094321102448
  0
SOLID
  5
5A3
330
59C
100
AcDbEntity
  8
Размеры
 62
     0
100
AcDbTrace
 38
0
 10
185.0971486421377
 20
183.718933070497
 11
185.637822578333
 21
182.8777008227086
 12
182.8437888668702
 22
181.6762951380169
 13
182.8437888668702
 23
181.6762951380169
  0
SOLID
  5
5A4
330
59C
100
AcDbEntity
  8
Размеры
 62
     0
100
AcDbTrace
 38
0
 10
185.637822578333
 20
235.03197806612
 11
185.0971486421377
 21
234.1907458183317
 12
182.8437888668702
 22
236.2333837508118
 13
182.8437888668702
 23
236.2333837508118
  0
MTEXT
  5
5A5
330
59C
100
AcDbEntity
  8
Размеры
 48
2
 62
     0
100
AcDbMText
 10
214.9977676368308
 20
215.4843591915276
 30
0
210
0
220
0
230
1
 11
1
 21
0
 31
0
 40
4
 41
0
 46
0
 71
     5
 72
     1
  1
\A1;120%%d
  7
GOST
 73
     1
 44
1
  0
POINT
  5
5A6
330
59C
100
AcDbEntity
  8
Defpoints
 62
     0
100
AcDbPoint
 10
167.0945139684704
 20
208.9548394444143
 30
0
 50
0
  0
POINT
  5
5A7
330
59C
100
AcDbEntity
  8
Defpoints
 62
     0
100
AcDbPoint
 10
184.4150220441593
 20
178.9548394444143
 30
0
 50
0
  0
POINT
  5
5A8
330
59C
100
AcDbEntity
  8
Defpoints
 62
     0
100
AcDbPoint
 10
184.4150220441593
 20
238.9548394444143
 30
0
 50
0
  0
POINT
  5
5A9
330
59C
100
AcDbEntity
  8
Defpoints
 62
     0
100
AcDbPoint
 10
196.6934687779803
 20
198.1817009283623
 30
0
 50
0
  0
ENDBLK
  5
5AA
330
59C
100
AcDbEntity
  8
0
100
AcDbBlockEnd
  0
BLOCK
  5
5AF
330
5AE
100
AcDbEntity
  8
0
100
AcDbBlockBegin
  2
*D30
 70
     1
 10
0
 20
0
 30
0
  3
*D30
  1

  0
LINE
  5
5B0
330
5AE
100
AcDbEntity
  8
Размеры
370
    -2
 62
     0
100
AcDbLine
 10
249.4150220441593
 20
176.3298389676318
 30
0
 11
249.4150220441593
 21
138.7048394444143
 31
0
  0
LINE
  5
5B1
330
5AE
100
AcDbEntity
  8
Размеры
370
    -2
 62
     0
100
AcDbLine
 10
289.4150220441593
 20
162.3298394427081
 30
0
 11
289.4150220441593
 21
138.7048394444143
 31
0
  0
LINE
  5
5B2
330
5AE
100
AcDbEntity
  8
Размеры
370
    -2
 62
     0
100
AcDbLine
 10
252.4150220441593
 20
139.9548394444143
 30
0
 11
286.4150220441593
 21
139.9548394444143
 31
0
  0
SOLID
  5
5B3
330
5AE
100
AcDbEntity
  8
Размеры
 62
     0
100
AcDbTrace
 38
0
 10
252.4150220441593
 20
140.4548394444143
 11
252.4150220441593
 21
139.4548394444143
 12
249.4150220441593
 22
139.9548394444143
 13
249.4150220441593
 23
139.9548394444143
  0
SOLID
  5
5B4
330
5AE
100
AcDbEntity
  8
Размеры
 62
     0
100
AcDbTrace
 38
0
 10
286.4150220441593
 20
139.4548394444143
 11
286.4150220441593
 21
140.4548394444143
 12
289.4150220441593
 22
139.9548394444143
 13
289.4150220441593
 23
139.9548394444143
  0
MTEXT
  5
5B5
330
5AE
100
AcDbEntity
  8
Размеры
 48
2
 62
     0
100
AcDbMText
 10
269.4150220441593
 20
143.1347607042569
 30
0
210
0
220
0
230
1
 11
1
 21
0
 31
0
 40
4
 41
0
 46
0
 71
     5
 72
     1
  1
\A1;20±0,2
  7
GOST
 73
     1
 44
1
  0
POINT
  5
5B6
330
5AE
100
AcDbEntity
  8
Defpoints
 62
     0
100
AcDbPoint
 10
249.4150220441593
 20
176.9548389676318
 30
0
 50
0
  0
POINT
  5
5B7
330
5AE
100
AcDbEntity
  8
Defpoints
 62
     0
100
AcDbPoint
 10
289.4150220441593
 20
162.9548394427081
 30
0
 50
0
  0
POINT
  5
5B8
330
5AE
100
AcDbEntity
  8
Defpoints
 62
     0
100
AcDbPoint
 10
289.4150220441593
 20
139.9548394444143
 30
0
 50
0
  0
ENDBLK
  5
5B9
330
5AE
100
AcDbEntity
  8
0
100
AcDbBlockEnd
  0
BLOCK
  5
5BE
330
5BD
100
AcDbEntity
  8
0
100
AcDbBlockBegin
  2
*D31
 70
     1
 10
0
 20
0
 30
0
  3
*D31
  1

  0
LINE
  5
5BF
330
5BD
100
AcDbEntity
  8
Размеры
370
    -2
 62
     0
100
AcDbLine
 10
184.4150220441593
 20
178.3298394444143
 30
0
 11
184.4150220441593
 21
108.0825116385699
 31
0
  0
LINE
  5
5C0
330
5BD
100
AcDbEntity
  8
Размеры
370
    -2
 62
     0
100
AcDbLine
 10
289.4150220441593
 20
162.3298394427081
 30
0
 11
289.4150220441593
 21
108.0825116385699
 31
0
  0
LINE
  5
5C1
330
5BD
100
AcDbEntity
  8
Размеры
370
    -2
 62
     0
100
AcDbLine
 10
187.4150220441593
 20
109.3325116385699
 30
0
 11
286.4150220441593
 21
109.3325116385699
 31
0
  0
SOLID
  5
5C2
330
5BD
100
AcDbEntity
  8
Размеры
 62
     0
100
AcDbTrace
 38
0
 10
187.4150220441593
 20
109.8325116385699
 11
187.4150220441593
 21
108.8325116385699
 12
184.4150220441593
 22
109.3325116385699
 13
184.4150220441593
 23
109.3325116385699
  0
SOLID
  5
5C3
330
5BD
100
AcDbEntity
  8
Размеры
 62
     0
100
AcDbTrace
 38
0
 10
286.4150220441593
 20
108.8325116385699
 11
286.4150220441593
 21
109.8325116385699
 12
289.4150220441593
 22
109.3325116385699
 13
289.4150220441593
 23
109.3325116385699
  0
MTEXT
  5
5C4
330
5BD
100
AcDbEntity
  8
Размеры
 48
2
 62
     0
100
AcDbMText
 10
236.9150220441593
 20
112.5124328984125
 30
0
210
0
220
0
230
1
 11
1
 21
0
 31
0
 40
4
 41
0
 46
0
 71
     5
 72
     1
  1
\A1;52.5±0,5
  7
GOST
 73
     1
 44
1
  0
POINT
  5
5C5
330
5BD
100
AcDbEntity
  8
Defpoints
 62
     0
100
AcDbPoint
 10
184.4150220441593
 20
178.9548394444143
 30
0
 50
0
  0
POINT
  5
5C6
330
5BD
100
AcDbEntity
  8
Defpoints
 62
     0
100
AcDbPoint
 10
289.4150220441593
 20
162.9548394427081
 30
0
 50
0
  0
POINT
  5
5C7
330
5BD
100
AcDbEntity
  8
Defpoints
 62
     0
100
AcDbPoint
 10
289.4150220441593
 20
109.3325116385699
 30
0
 50
0
  0
ENDBLK
  5
5C8
330
5BD
100
AcDbEntity
  8
0
100
AcDbBlockEnd
  0
BLOCK
  5
5CD
330
5CC
100
AcDbEntity
  8
0
100
AcDbBlockBegin
  2
*D32
 70
     1
 10
0
 20
0
 30
0
  3
*D32
  1

  0
LINE
  5
5CE
330
5CC
100
AcDbEntity
  8
Размеры
370
    -2
 62
     0
100
AcDbLine
 10
167.4150220441593
 20
166.3298394444143
 30
0
 11
167.4150220441593
 21
100.0825116385699
 31
0
  0
LINE
  5
5CF
330
5CC
100
AcDbEntity
  8
Размеры
370
    -2
 62
     0
100
AcDbLine
 10
289.4150220441593
 20
162.3298394427081
 30
0
 11
289.4150220441593
 21
100.0825116385699
 31
0
  0
LINE
  5
5D0
330
5CC
100
AcDbEntity
  8
Размеры
370
    -2
 62
     0
100
AcDbLine
 10
170.4150220441593
 20
101.3325116385699
 30
0
 11
286.4150220441593
 21
101.3325116385699
 31
0
  0
SOLID
  5
5D1
330
5CC
100
AcDbEntity
  8
Размеры
 62
     0
100
AcDbTrace
 38
0
 10
170.4150220441593
 20
101.8325116385699
 11
170.4150220441593
 21
100.8325116385699
 12
167.4150220441593
 22
101.3325116385699
 13
167.4150220441593
 23
101.3325116385699
  0
SOLID
  5
5D2
330
5CC
100
AcDbEntity
  8
Размеры
 62
     0
100
AcDbTrace
 38
0
 10
286.4150220441593
 20
100.8325116385699
 11
286.4150220441593
 21
101.8325116385699
 12
289.4150220441593
 22
101.3325116385699
 13
289.4150220441593
 23
101.3325116385699
  0
MTEXT
  5
5D3
330
5CC
100
AcDbEntity
  8
Размеры
 48
2
 62
     0
100
AcDbMText
 10
228.4150220441593
 20
104.1124328984125
 30
0
210
0
220
0
230
1
 11
1
 21
0
 31
0
 40
4
 41
0
 46
0
 71
     5
 72
     1
  1
\A1;61 h12 
  7
GOST
 73
     1
 44
1
  0
POINT
  5
5D4
330
5CC
100
AcDbEntity
  8
Defpoints
 62
     0
100
AcDbPoint
 10
167.4150220441593
 20
166.9548394444143
 30
0
 50
0
  0
POINT
  5
5D5
330
5CC
100
AcDbEntity
  8
Defpoints
 62
     0
100
AcDbPoint
 10
289.4150220441593
 20
162.9548394427081
 30
0
 50
0
  0
POINT
  5
5D6
330
5CC
100
AcDbEntity
  8
Defpoints
 62
     0
100
AcDbPoint
 10
289.4150220441593
 20
101.3325116385699
 30
0
 50
0
  0
ENDBLK
  5
5D7
330
5CC
100
AcDbEntity
  8
0
100
AcDbBlockEnd
  0
BLOCK
  5
5F5
330
5F4
100
AcDbEntity
  8
0
100
AcDbBlockBegin
  2
*D33
 70
     1
 10
0
 20
0
 30
0
  3
*D33
  1

  0
LINE
  5
5F6
330
5F4
100
AcDbEntity
  8
Размеры
370
    -2
 62
     0
100
AcDbLine
 10
235.4150220441593
 20
268.5798394444143
 30
0
 11
235.4150220441593
 21
279.2048394444143
 31
0
  0
LINE
  5
5F7
330
5F4
100
AcDbEntity
  8
Размеры
370
    -2
 62
     0
100
AcDbLine
 10
167.4150220441593
 20
251.5798394444143
 30
0
 11
167.4150220441593
 21
279.2048394444143
 31
0
  0
LINE
  5
5F8
330
5F4
100
AcDbEntity
  8
Размеры
370
    -2
 62
     0
100
AcDbLine
 10
232.4150220441593
 20
277.9548394444143
 30
0
 11
170.4150220441593
 21
277.9548394444143
 31
0
  0
SOLID
  5
5F9
330
5F4
100
AcDbEntity
  8
Размеры
 62
     0
100
AcDbTrace
 38
0
 10
232.4150220441593
 20
277.4548394444143
 11
232.4150220441593
 21
278.4548394444143
 12
235.4150220441593
 22
277.9548394444143
 13
235.4150220441593
 23
277.9548394444143
  0
SOLID
  5
5FA
330
5F4
100
AcDbEntity
  8
Размеры
 62
     0
100
AcDbTrace
 38
0
 10
170.4150220441593
 20
278.4548394444143
 11
170.4150220441593
 21
277.4548394444143
 12
167.4150220441593
 22
277.9548394444143
 13
167.4150220441593
 23
277.9548394444143
  0
MTEXT
  5
5FB
330
5F4
100
AcDbEntity
  8
Размеры
 48
2
 62
     0
100
AcDbMText
 10
201.4150220441593
 20
281.1347607042568
 30
0
210
0
220
0
230
1
 11
1
 21
0
 31
0
 40
4
 41
0
 46
0
 71
     5
 72
     1
  1
\A1;34±0,2
  7
GOST
 73
     1
 44
1
  0
POINT
  5
5FC
330
5F4
100
AcDbEntity
  8
Defpoints
 62
     0
100
AcDbPoint
 10
235.4150220441593
 20
267.9548394444143
 30
0
 50
0
  0
POINT
  5
5FD
330
5F4
100
AcDbEntity
  8
Defpoints
 62
     0
100
AcDbPoint
 10
167.4150220441593
 20
250.9548394444143
 30
0
 50
0
  0
POINT
  5
5FE
330
5F4
100
AcDbEntity
  8
Defpoints
 62
     0
100
AcDbPoint
 10
167.4150220441593
 20
277.9548394444143
 30
0
 50
0
  0
ENDBLK
  5
5FF
330
5F4
100
AcDbEntity
  8
0
100
AcDbBlockEnd
  0
BLOCK
  5
607
330
606
100
AcDbEntity
  8
0
100
AcDbBlockBegin
  2
*D34
 70
     1
 10
0
 20
0
 30
0
  3
*D34
  1

  0
LINE
  5
608
330
606
100
AcDbEntity
  8
Размеры
370
    -2
 62
     0
100
AcDbLine
 10
169.4150220441556
 20
182.1298394444141
 30
0
 11
169.4150220441556
 21
138.7048394444143
 31
0
  0
LINE
  5
609
330
606
100
AcDbEntity
  8
Размеры
370
    -2
 62
     0
100
AcDbLine
 10
167.4150220441593
 20
172.3298394444143
 30
0
 11
167.4150220441593
 21
138.7048394444143
 31
0
  0
LINE
  5
60A
330
606
100
AcDbEntity
  8
Размеры
370
    -2
 62
     0
100
AcDbLine
 10
167.4150220441593
 20
139.9548394444143
 30
0
 11
153.7541236592238
 21
139.9548394444143
 31
0
  0
LINE
  5
60B
330
606
100
AcDbEntity
  8
Размеры
370
    -2
 62
     0
100
AcDbLine
 10
169.4150220441556
 20
139.9548394444143
 30
0
 11
167.4150220441593
 21
139.9548394444143
 31
0
  0
LINE
  5
60C
330
606
100
AcDbEntity
  8
Размеры
370
    -2
 62
     0
100
AcDbLine
 10
172.4150220441556
 20
139.9548394444143
 30
0
 11
175.4150220441556
 21
139.9548394444143
 31
0
  0
LINE
  5
60D
330
606
100
AcDbEntity
  8
Размеры
370
    -2
 62
     0
100
AcDbLine
 10
164.4150220441593
 20
139.9548394444143
 30
0
 11
161.4150220441593
 21
139.9548394444143
 31
0
  0
SOLID
  5
60E
330
606
100
AcDbEntity
  8
Размеры
 62
     0
100
AcDbTrace
 38
0
 10
172.4150220441556
 20
140.4548394444143
 11
172.4150220441556
 21
139.4548394444143
 12
169.4150220441556
 22
139.9548394444143
 13
169.4150220441556
 23
139.9548394444143
  0
SOLID
  5
60F
330
606
100
AcDbEntity
  8
Размеры
 62
     0
100
AcDbTrace
 38
0
 10
164.4150220441593
 20
139.4548394444143
 11
164.4150220441593
 21
140.4548394444143
 12
167.4150220441593
 22
139.9548394444143
 13
167.4150220441593
 23
139.9548394444143
  0
MTEXT
  5
610
330
606
100
AcDbEntity
  8
Размеры
 48
2
 62
     0
100
AcDbMText
 10
155.4150220441593
 20
142.5798394444143
 30
0
210
0
220
0
230
1
 11
1
 21
0
 31
0
 40
4
 41
0
 46
0
 71
     5
 72
     1
  1
\A1;1
  7
GOST
 73
     1
 44
1
  0
POINT
  5
611
330
606
100
AcDbEntity
  8
Defpoints
 62
     0
100
AcDbPoint
 10
169.4150220441556
 20
182.7548394444141
 30
0
 50
0
  0
POINT
  5
612
330
606
100
AcDbEntity
  8
Defpoints
 62
     0
100
AcDbPoint
 10
167.4150220441593
 20
172.9548394444143
 30
0
 50
0
  0
POINT
  5
613
330
606
100
AcDbEntity
  8
Defpoints
 62
     0
100
AcDbPoint
 10
167.4150220441593
 20
139.9548394444143
 30
0
 50
0
  0
ENDBLK
  5
614
330
606
100
AcDbEntity
  8
0
100
AcDbBlockEnd
  0
BLOCK
  5
61D
330
61C
100
AcDbEntity
  8
0
100
AcDbBlockBegin
  2
*D35
 70
     1
 10
0
 20
0
 30
0
  3
*D35
  1

  0
LINE
  5
61E
330
61C
100
AcDbEntity
  8
Размеры
370
    -2
 62
     0
100
AcDbLine
 10
166.7900220441593
 20
176.7548394444141
 30
0
 11
136.1650220441593
 21
176.7548394444141
 31
0
  0
LINE
  5
61F
330
61C
100
AcDbEntity
  8
Размеры
370
    -2
 62
     0
100
AcDbLine
 10
166.7900220441556
 20
241.1548394444142
 30
0
 11
136.1650220441593
 21
241.1548394444142
 31
0
  0
LINE
  5
620
330
61C
100
AcDbEntity
  8
Размеры
370
    -2
 62
     0
100
AcDbLine
 10
137.4150220441593
 20
179.7548394444141
 30
0
 11
137.4150220441593
 21
238.1548394444142
 31
0
  0
SOLID
  5
621
330
61C
100
AcDbEntity
  8
Размеры
 62
     0
100
AcDbTrace
 38
0
 10
136.9150220441593
 20
179.7548394444141
 11
137.9150220441593
 21
179.7548394444141
 12
137.4150220441593
 22
176.7548394444141
 13
137.4150220441593
 23
176.7548394444141
  0
SOLID
  5
622
330
61C
100
AcDbEntity
  8
Размеры
 62
     0
100
AcDbTrace
 38
0
 10
137.9150220441593
 20
238.1548394444142
 11
136.9150220441593
 21
238.1548394444142
 12
137.4150220441593
 22
241.1548394444142
 13
137.4150220441593
 23
241.1548394444142
  0
MTEXT
  5
623
330
61C
100
AcDbEntity
  8
Размеры
 48
2
 62
     0
100
AcDbMText
 10
133.9247646335219
 20
208.9548394444141
 30
0
210
0
220
0
230
1
 11
0
 21
1
 31
0
 40
4
 41
0
 46
0
 71
     5
 72
     1
  1
\A1;\A1;{\Q0;%%C}32.2 \S+0.1600^;
  7
GOST
 73
     1
 44
1
  0
POINT
  5
624
330
61C
100
AcDbEntity
  8
Defpoints
 62
     0
100
AcDbPoint
 10
167.4150220441593
 20
176.7548394444141
 30
0
 50
0
  0
POINT
  5
625
330
61C
100
AcDbEntity
  8
Defpoints
 62
     0
100
AcDbPoint
 10
167.4150220441556
 20
241.1548394444142
 30
0
 50
0
  0
POINT
  5
626
330
61C
100
AcDbEntity
  8
Defpoints
 62
     0
100
AcDbPoint
 10
137.4150220441593
 20
241.1548394444142
 30
0
 50
0
  0
ENDBLK
  5
627
330
61C
100
AcDbEntity
  8
0
100
AcDbBlockEnd
  0
BLOCK
  5
62F
330
62E
100
AcDbEntity
  8
0
100
AcDbBlockBegin
  2
*D36
 70
     1
 10
0
 20
0
 30
0
  3
*D36
  1

  0
LINE
  5
630
330
62E
100
AcDbEntity
  8
Размеры
370
    -2
 62
     0
100
AcDbLine
 10
166.7900220441593
 20
166.9548394444143
 30
0
 11
126.1650220441593
 21
166.9548394444143
 31
0
  0
LINE
  5
631
330
62E
100
AcDbEntity
  8
Размеры
370
    -2
 62
     0
100
AcDbLine
 10
166.7900220441593
 20
250.9548394444143
 30
0
 11
126.1650220441593
 21
250.9548394444143
 31
0
  0
LINE
  5
632
330
62E
100
AcDbEntity
  8
Размеры
370
    -2
 62
     0
100
AcDbLine
 10
127.4150220441593
 20
169.9548394444143
 30
0
 11
127.4150220441593
 21
247.9548394444143
 31
0
  0
SOLID
  5
633
330
62E
100
AcDbEntity
  8
Размеры
 62
     0
100
AcDbTrace
 38
0
 10
126.9150220441593
 20
169.9548394444143
 11
127.9150220441593
 21
169.9548394444143
 12
127.4150220441593
 22
166.9548394444143
 13
127.4150220441593
 23
166.9548394444143
  0
SOLID
  5
634
330
62E
100
AcDbEntity
  8
Размеры
 62
     0
100
AcDbTrace
 38
0
 10
127.9150220441593
 20
247.9548394444143
 11
126.9150220441593
 21
247.9548394444143
 12
127.4150220441593
 22
250.9548394444143
 13
127.4150220441593
 23
250.9548394444143
  0
MTEXT
  5
635
330
62E
100
AcDbEntity
  8
Размеры
 48
2
 62
     0
100
AcDbMText
 10
124.5522580718421
 20
208.9548394444143
 30
0
210
0
220
0
230
1
 11
0
 21
1
 31
0
 40
4
 41
0
 46
0
 71
     5
 72
     1
  1
\A1;M42х3-6f
  7
GOST
 73
     1
 44
1
  0
POINT
  5
636
330
62E
100
AcDbEntity
  8
Defpoints
 62
     0
100
AcDbPoint
 10
167.4150220441593
 20
166.9548394444143
 30
0
 50
0
  0
POINT
  5
637
330
62E
100
AcDbEntity
  8
Defpoints
 62
     0
100
AcDbPoint
 10
167.4150220441593
 20
250.9548394444143
 30
0
 50
0
  0
POINT
  5
638
330
62E
100
AcDbEntity
  8
Defpoints
 62
     0
100
AcDbPoint
 10
127.4150220441593
 20
250.9548394444143
 30
0
 50
0
  0
ENDBLK
  5
639
330
62E
100
AcDbEntity
  8
0
100
AcDbBlockEnd
  0
BLOCK
  5
643
330
642
100
AcDbEntity
  8
0
100
AcDbBlockBegin
  2
*D37
 70
     1
 10
0
 20
0
 30
0
  3
*D37
  1

  0
LINE
  5
644
330
642
100
AcDbEntity
  8
Размеры
370
    -2
 62
     0
100
AcDbLine
 10
280.4150220441593
 20
161.5798394444141
 30
0
 11
280.4150220441593
 21
185.3407692637006
 31
0
  0
LINE
  5
645
330
642
100
AcDbEntity
  8
Размеры
370
    -2
 62
     0
100
AcDbLine
 10
289.4150220441593
 20
178.7448394444184
 30
0
 11
289.4150220441593
 21
185.3407692637006
 31
0
  0
LINE
  5
646
330
642
100
AcDbEntity
  8
Размеры
370
    -2
 62
     0
100
AcDbLine
 10
283.4150220441593
 20
184.0907692637006
 30
0
 11
286.4150220441593
 21
184.0907692637006
 31
0
  0
SOLID
  5
647
330
642
100
AcDbEntity
  8
Размеры
 62
     0
100
AcDbTrace
 38
0
 10
283.4150220441593
 20
184.5907692637006
 11
283.4150220441593
 21
183.5907692637006
 12
280.4150220441593
 22
184.0907692637006
 13
280.4150220441593
 23
184.0907692637006
  0
SOLID
  5
648
330
642
100
AcDbEntity
  8
Размеры
 62
     0
100
AcDbTrace
 38
0
 10
286.4150220441593
 20
183.5907692637006
 11
286.4150220441593
 21
184.5907692637006
 12
289.4150220441593
 22
184.0907692637006
 13
289.4150220441593
 23
184.0907692637006
  0
MTEXT
  5
649
330
642
100
AcDbEntity
  8
Размеры
 48
2
 62
     0
100
AcDbMText
 10
295.4267037496511
 20
186.7986119761752
 30
0
210
0
220
0
230
1
 11
1
 21
0
 31
0
 40
4
 41
0
 46
0
 71
     5
 72
     1
  1
\A1;4.5
  7
GOST
 73
     1
 44
1
  0
POINT
  5
64A
330
642
100
AcDbEntity
  8
Defpoints
 62
     0
100
AcDbPoint
 10
280.4150220441593
 20
160.9548394444141
 30
0
 50
0
  0
POINT
  5
64B
330
642
100
AcDbEntity
  8
Defpoints
 62
     0
100
AcDbPoint
 10
289.4150220441593
 20
178.1198394444184
 30
0
 50
0
  0
POINT
  5
64C
330
642
100
AcDbEntity
  8
Defpoints
 62
     0
100
AcDbPoint
 10
289.4150220441593
 20
184.0907692637006
 30
0
 50
0
  0
ENDBLK
  5
64D
330
642
100
AcDbEntity
  8
0
100
AcDbBlockEnd
  0
BLOCK
  5
66A
330
669
100
AcDbEntity
  8
0
100
AcDbBlockBegin
  2
*D38
 70
     1
 10
0
 20
0
 30
0
  3
*D38
  1

  0
LINE
  5
66B
330
669
100
AcDbEntity
  8
Размеры
370
    -2
 62
     0
100
AcDbLine
 10
362.3569367750615
 20
156.6808152174492
 30
0
 11
390.6110155735286
 21
140.3683152174482
 31
0
  0
LINE
  5
66C
330
669
100
AcDbEntity
  8
Размеры
370
    -2
 62
     0
100
AcDbLine
 10
369.7920938243051
 20
158.6641040609138
 30
0
 11
393.328594096581
 21
145.0752992929326
 31
0
  0
LINE
  5
66D
330
669
100
AcDbEntity
  8
Размеры
370
    -2
 62
     0
100
AcDbLine
 10
389.528483818798
 20
140.9933152174482
 30
0
 11
373.2256880328118
 21
112.7560446107026
 31
0
  0
LINE
  5
66E
330
669
100
AcDbEntity
  8
Размеры
370
    -2
 62
     0
100
AcDbLine
 10
389.528483818798
 20
140.9933152174482
 30
0
 11
392.2460623418505
 21
145.7002992929327
 31
0
  0
LINE
  5
66F
330
669
100
AcDbEntity
  8
Размеры
370
    -2
 62
     0
100
AcDbLine
 10
388.0284838187979
 20
138.395239006095
 30
0
 11
386.5284838187978
 21
135.7971627947417
 31
0
  0
LINE
  5
670
330
669
100
AcDbEntity
  8
Размеры
370
    -2
 62
     0
100
AcDbLine
 10
393.7460623418506
 20
148.2983755042859
 30
0
 11
395.2460623418507
 21
150.8964517156392
 31
0
  0
SOLID
  5
671
330
669
100
AcDbEntity
  8
Размеры
 62
     0
100
AcDbTrace
 38
0
 10
388.4614965206901
 20
138.1452390060949
 11
387.5954711169057
 21
138.645239006095
 12
389.528483818798
 22
140.9933152174482
 13
389.528483818798
 23
140.9933152174482
  0
SOLID
  5
672
330
669
100
AcDbEntity
  8
Размеры
 62
     0
100
AcDbTrace
 38
0
 10
393.3130496399584
 20
148.548375504286
 11
394.1790750437428
 21
148.0483755042859
 12
392.2460623418505
 22
145.7002992929327
 13
392.2460623418505
 23
145.7002992929327
  0
MTEXT
  5
673
330
669
100
AcDbEntity
  8
Размеры
 48
2
 62
     0
100
AcDbMText
 10
375.0254057762281
 20
121.4330897012671
 30
0
210
0
220
0
230
1
 11
0.5000000000000304
 21
0.8660254037844213
 31
0
 40
4
 41
0
 46
0
 71
     5
 72
     1
  1
\A1;2.7176
  7
GOST
 73
     1
 44
1
  0
POINT
  5
674
330
669
100
AcDbEntity
  8
Defpoints
 62
     0
100
AcDbPoint
 10
361.8156708976962
 20
156.9933152174492
 30
0
 50
0
  0
POINT
  5
675
330
669
100
AcDbEntity
  8
Defpoints
 62
     0
100
AcDbPoint
 10
369.2508279469398
 20
158.9766040609138
 30
0
 50
0
  0
POINT
  5
676
330
669
100
AcDbEntity
  8
Defpoints
 62
     0
100
AcDbPoint
 10
392.2460623418505
 20
145.7002992929327
 30
0
 50
0
  0
ENDBLK
  5
677
330
669
100
AcDbEntity
  8
0
100
AcDbBlockEnd
  0
BLOCK
  5
67C
330
67B
100
AcDbEntity
  8
0
100
AcDbBlockBegin
  2
*D39
 70
     1
 10
0
 20
0
 30
0
  3
*D39
  1

  0
LINE
  5
67D
330
67B
100
AcDbEntity
  8
Размеры
370
    -2
 62
     0
100
AcDbLine
 10
362.2023794290544
 20
158.3494765838642
 30
0
 11
339.3358830594092
 21
166.6714368046555
 31
0
  0
LINE
  5
67E
330
67B
100
AcDbEntity
  8
Размеры
370
    -2
 62
     0
100
AcDbLine
 10
364.2543339833864
 20
163.9876928360983
 30
0
 11
341.3878376137412
 21
172.3096530568896
 31
0
  0
LINE
  5
67F
330
67B
100
AcDbEntity
  8
Размеры
370
    -2
 62
     0
100
AcDbLine
 10
340.5105114452913
 20
166.243946272503
 30
0
 11
333.4645296770308
 21
146.8834936567853
 31
0
  0
LINE
  5
680
330
67B
100
AcDbEntity
  8
Размеры
370
    -2
 62
     0
100
AcDbLine
 10
340.5105114452913
 20
166.243946272503
 30
0
 11
342.5624659996233
 21
171.8821625247371
 31
0
  0
LINE
  5
681
330
67B
100
AcDbEntity
  8
Размеры
370
    -2
 62
     0
100
AcDbLine
 10
339.4845341681253
 20
163.424838146386
 30
0
 11
338.4585568909592
 21
160.6057300202689
 31
0
  0
LINE
  5
682
330
67B
100
AcDbEntity
  8
Размеры
370
    -2
 62
     0
100
AcDbLine
 10
343.5884432767893
 20
174.7012706508541
 30
0
 11
344.6144205539554
 21
177.5203787769711
 31
0
  0
SOLID
  5
683
330
67B
100
AcDbEntity
  8
Размеры
 62
     0
100
AcDbTrace
 38
0
 10
339.9543855224781
 20
163.2538419335249
 11
339.0146828137724
 21
163.595834359247
 12
340.5105114452913
 22
166.243946272503
 13
340.5105114452913
 23
166.243946272503
  0
SOLID
  5
684
330
67B
100
AcDbEntity
  8
Размеры
 62
     0
100
AcDbTrace
 38
0
 10
343.1185919224365
 20
174.8722668637151
 11
344.0582946311422
 21
174.5302744379931
 12
342.5624659996233
 22
171.8821625247371
 13
342.5624659996233
 23
171.8821625247371
  0
MTEXT
  5
685
330
67B
100
AcDbEntity
  8
Размеры
 48
2
 62
     0
100
AcDbMText
 10
332.2686921296923
 20
151.5154995461684
 30
0
210
0
220
0
230
1
 11
0.3419924257220041
 21
0.9397027087056734
 31
0
 40
4
 41
0
 46
0
 71
     5
 72
     1
  1
\A1;{\Q0;%%C}3
  7
GOST
 73
     1
 44
1
  0
POINT
  5
686
330
67B
100
AcDbEntity
  8
Defpoints
 62
     0
100
AcDbPoint
 10
362.7896936219954
 20
158.135731317788
 30
0
 50
0
  0
POINT
  5
687
330
67B
100
AcDbEntity
  8
Defpoints
 62
     0
100
AcDbPoint
 10
364.8416481763275
 20
163.7739475700221
 30
0
 50
0
  0
POINT
  5
688
330
67B
100
AcDbEntity
  8
Defpoints
 62
     0
100
AcDbPoint
 10
342.5624659996233
 20
171.8821625247371
 30
0
 50
0
  0
ENDBLK
  5
689
330
67B
100
AcDbEntity
  8
0
100
AcDbBlockEnd
  0
BLOCK
  5
68F
330
68E
100
AcDbEntity
  8
0
100
AcDbBlockBegin
  2
*D40
 70
     1
 10
0
 20
0
 30
0
  3
*D40
  1

  0
LINE
  5
690
330
68E
100
AcDbEntity
  8
Размеры
370
    -2
 62
     0
100
AcDbLine
 10
421.1095757755664
 20
173.9565759005341
 30
0
 11
418.1095757755664
 21
173.9565759005341
 31
0
  0
LINE
  5
691
330
68E
100
AcDbEntity
  8
Размеры
370
    -2
 62
     0
100
AcDbLine
 10
418.1095757755664
 20
173.9565759005341
 30
0
 11
417.5248465084141
 21
176.2306515713024
 31
0
  0
LINE
  5
692
330
68E
100
AcDbEntity
  8
Размеры
370
    -2
 62
     0
100
AcDbLine
 10
367.8093645355809
 20
159.5012538348503
 30
0
 11
410.1974665667226
 21
144.0732464083348
 31
0
  0
LINE
  5
693
330
68E
100
AcDbEntity
  8
Размеры
370
    -2
 62
     0
100
AcDbLine
 10
411.4406709008422
 20
208.9548394444126
 30
0
 11
421.6378419704282
 21
208.9548394444126
 31
0
  0
ARC
  5
694
330
68E
100
AcDbEntity
  8
Размеры
370
    -2
 62
     0
100
AcDbCircle
 10
231.9367547634806
 20
208.9548394444143
 30
0
 40
188.4510872069476
100
AcDbArc
 50
340.9121154784085
 51
359.087884521423
  0
SOLID
  5
695
330
68E
100
AcDbEntity
  8
Размеры
 62
     0
100
AcDbTrace
 38
0
 10
409.5552473114972
 20
147.4951920564154
 11
410.4976325165115
 21
147.1606623486611
 12
409.0228507907415
 22
144.5007715874954
 13
409.0228507907415
 23
144.5007715874954
  0
SOLID
  5
696
330
68E
100
AcDbEntity
  8
Размеры
 62
     0
100
AcDbTrace
 38
0
 10
420.8639472560308
 20
205.9509546668252
 11
419.8639789343483
 21
205.9589142919047
 12
420.3878419704282
 22
208.9548394444126
 13
420.3878419704282
 23
208.9548394444126
  0
MTEXT
  5
697
330
68E
100
AcDbEntity
  8
Размеры
 48
2
 62
     0
100
AcDbMText
 10
425.8766919431382
 20
173.9565759005341
 30
0
210
0
220
0
230
1
 11
1
 21
0
 31
0
 40
4
 41
0
 46
0
 71
     5
 72
     1
  1
\A1;20%%d
  7
GOST
 73
     1
 44
1
  0
POINT
  5
698
330
68E
100
AcDbEntity
  8
Defpoints
 62
     0
100
AcDbPoint
 10
231.9367547634806
 20
208.9548394444143
 30
0
 50
0
  0
POINT
  5
699
330
68E
100
AcDbEntity
  8
Defpoints
 62
     0
100
AcDbPoint
 10
367.2220566475903
 20
159.7150164244306
 30
0
 50
0
  0
POINT
  5
69A
330
68E
100
AcDbEntity
  8
Defpoints
 62
     0
100
AcDbPoint
 10
410.8156709008422
 20
208.9548394444126
 30
0
 50
0
  0
POINT
  5
69B
330
68E
100
AcDbEntity
  8
Defpoints
 62
     0
100
AcDbPoint
 10
419.1136031355713
 20
187.0770035603073
 30
0
 50
0
  0
ENDBLK
  5
69C
330
68E
100
AcDbEntity
  8
0
100
AcDbBlockEnd
  0
BLOCK
  5
6A1
330
6A0
100
AcDbEntity
  8
0
100
AcDbBlockBegin
  2
*D41
 70
     1
 10
0
 20
0
 30
0
  3
*D41
  1

  0
LINE
  5
6A2
330
6A0
100
AcDbEntity
  8
Размеры
370
    -2
 62
     0
100
AcDbLine
 10
289.4150220441593
 20
256.5798394461206
 30
0
 11
289.4150220441593
 21
277.2765461879262
 31
0
  0
LINE
  5
6A3
330
6A0
100
AcDbEntity
  8
Размеры
370
    -2
 62
     0
100
AcDbLine
 10
288.6025220441593
 20
256.3621307272703
 30
0
 11
278.2541686732563
 21
274.2860045403506
 31
0
  0
ARC
  5
6A4
330
6A0
100
AcDbEntity
  8
Размеры
370
    -2
 62
     0
100
AcDbCircle
 10
289.4150220441593
 20
254.9548394461206
 30
0
 40
21.07170674180568
100
AcDbArc
 50
98.16416260429666
 51
111.8358373957038
  0
SOLID
  5
6A5
330
6A0
100
AcDbEntity
  8
Размеры
 62
     0
100
AcDbTrace
 38
0
 10
286.4582255117788
 20
275.3142581379756
 11
286.3870400108424
 21
276.3117212322585
 12
289.4150220441593
 22
276.0265461879262
 13
289.4150220441593
 23
276.0265461879262
  0
SOLID
  5
6A6
330
6A0
100
AcDbEntity
  8
Размеры
 62
     0
100
AcDbTrace
 38
0
 10
281.3588905141454
 20
274.9644326351956
 11
281.7959736090949
 21
274.065011505741
 12
278.8791686732563
 22
273.20347278562
 13
278.8791686732563
 23
273.20347278562
  0
MTEXT
  5
6A7
330
6A0
100
AcDbEntity
  8
Размеры
 48
2
 62
     0
100
AcDbMText
 10
284.6839342379253
 20
279.0085299794754
 30
0
210
0
220
0
230
1
 11
1
 21
0
 31
0
 40
4
 41
0
 46
0
 71
     5
 72
     1
  1
\A1;30%%d
  7
GOST
 73
     1
 44
1
  0
POINT
  5
6A8
330
6A0
100
AcDbEntity
  8
Defpoints
 62
     0
100
AcDbPoint
 10
289.4150220441593
 20
254.9548394461206
 30
0
 50
0
  0
POINT
  5
6A9
330
6A0
100
AcDbEntity
  8
Defpoints
 62
     0
100
AcDbPoint
 10
289.4150220441593
 20
255.9548394461206
 30
0
 50
0
  0
POINT
  5
6AA
330
6A0
100
AcDbEntity
  8
Defpoints
 62
     0
100
AcDbPoint
 10
288.9150220441593
 20
255.820864849905
 30
0
 50
0
  0
POINT
  5
6AB
330
6A0
100
AcDbEntity
  8
Defpoints
 62
     0
100
AcDbPoint
 10
282.2080738842104
 20
274.75576677876
 30
0
 50
0
  0
ENDBLK
  5
6AC
330
6A0
100
AcDbEntity
  8
0
100
AcDbBlockEnd
  0
ENDSEC
  0
SECTION
  2
ENTITIES
  0
TEXT
  5
3D9
330
1F
100
AcDbEntity
  8
Рамка
370
    -3
 62
     7
100
AcDbText
 10
332.1864857358978
 20
308.9887202766628
 30
0
 40
2.999999999999996
  1
1
 41
0.800000000000001
 51
15.00000000000004
  7
GOST
 11
0
 21
0
 31
0
100
AcDbText
  0
TEXT
  5
3DA
330
1F
100
AcDbEntity
  8
Рамка
370
    -3
 62
     7
100
AcDbText
 10
433.1864857358978
 20
164.9887202766628
 30
0
 40
2.999999999999996
  1
A
 41
0.800000000000001
 51
15.00000000000004
  7
GOST
 11
0
 21
0
 31
0
100
AcDbText
  0
TEXT
  5
3DB
330
1F
100
AcDbEntity
  8
Рамка
370
    -3
 62
     7
100
AcDbText
 10
398.713133875428
 20
56.98872002316114
 30
0
 40
2.999999999999999
  1
Масса
 51
14.99999999999946
  7
GOST
 11
0
 21
0
 31
0
100
AcDbText
  0
TEXT
  5
3DC
330
1F
100
AcDbEntity
  8
Рамка
370
    -3
 62
     7
100
AcDbText
 10
403.1864862355014
 20
36.98872002316114
 30
0
 40
2.999999999999999
  1
Листов
 51
14.99999999999946
  7
GOST
 11
0
 21
0
 31
0
100
AcDbText
  0
LINE
  5
3DD
330
1F
100
AcDbEntity
  8
Рамка
370
    60
 62
     7
100
AcDbLine
 10
414.1864862355014
 20
40.98872002316114
 30
0
 11
414.1864862355014
 21
60.98872002316114
 31
0
  0
TEXT
  5
3DE
330
1F
100
AcDbEntity
  8
Рамка
370
    -3
 62
     7
100
AcDbText
 10
415.1864862355014
 20
56.98872002316114
 30
0
 40
2.999999999999999
  1
Масштаб
 41
0.9185795196875118
 51
14.99999999999946
  7
GOST
 72
     5
 11
431.1864862355014
 21
56.98872002316114
 31
0
100
AcDbText
  0
TEXT
  5
3DF
330
1F
100
AcDbEntity
  8
Рамка
370
    -3
 62
     7
100
AcDbText
 10
422.7257461334539
 20
36.98872002316114
 30
0
 40
2.999999999999999
  1
1
 41
0.5000000000000001
 51
14.99999999999946
  7
GOST
 11
0
 21
0
 31
0
100
AcDbText
  0
TEXT
  5
3E0
330
1F
100
AcDbEntity
  8
Рамка
370
    -3
 62
     7
100
AcDbText
 10
418.0729529506516
 20
46.21856748467928
 30
0
 40
5
  1
2:1
 51
14.99999999999948
  7
GOST
 72
     1
 11
422.0729529506516
 21
46.21856748467928
 31
0
100
AcDbText
  0
LINE
  5
3E1
330
1F
100
AcDbEntity
  8
Рамка
370
    30
 62
     7
100
AcDbLine
 10
432.1864856937336
 20
20.98872027666278
 30
0
 11
432.1864856937336
 21
75.98872027666278
 31
0
  0
TEXT
  5
3E2
330
1F
100
AcDbEntity
  8
Рамка
370
    -3
 62
     7
100
AcDbText
 10
394.1864857358978
 20
16.98872027666278
 30
0
 40
2.999999999999996
  1
Формат
 41
0.800000000000001
 51
15.00000000000004
  7
GOST
 11
0
 21
0
 31
0
100
AcDbText
  0
TEXT
  5
3E3
330
1F
100
AcDbEntity
  8
Рамка
370
    -3
 62
     7
100
AcDbText
 10
412.1864857358978
 20
16.98872027666278
 30
0
 40
2.999999999999996
  1
A3
 51
15.00000000000004
  7
GOST
 11
0
 21
0
 31
0
100
AcDbText
  0
MTEXT
  5
3E4
330
1F
100
AcDbEntity
  8
Рамка
370
    -3
 62
     7
100
AcDbMText
 10
407.9463060121379
 20
28.21986327333673
 30
0
210
0
220
0
230
1
 11
1
 21
0
 31
0
 40
4
 41
0
 46
0
 71
     5
 72
     5
  1
ООО НТП "Экор"
  7
GOST
 73
     1
 44
1
  0
LINE
  5
3E5
330
1F
100
AcDbEntity
  8
Рамка
370
    60
 62
     7
100
AcDbLine
 10
402.1864862355014
 20
35.98872002316114
 30
0
 11
402.1864862355014
 21
40.98872002316114
 31
0
  0
LINE
  5
3E6
330
1F
100
AcDbEntity
  8
Рамка
370
    60
 62
     7
100
AcDbLine
 10
397.1864862355014
 20
40.98872002316114
 30
0
 11
397.1864862355014
 21
60.98872002316114
 31
0
  0
LINE
  5
3E7
330
1F
100
AcDbEntity
  8
Рамка
370
    30
 62
     7
100
AcDbLine
 10
392.1864862355014
 20
40.98872002316114
 30
0
 11
392.1864862355014
 21
55.98872002316114
 31
0
  0
LINE
  5
3E8
330
1F
100
AcDbEntity
  8
Рамка
370
    30
 62
     7
100
AcDbLine
 10
387.1864862355014
 20
40.98872002316114
 30
0
 11
387.1864862355014
 21
55.98872002316114
 31
0
  0
TEXT
  5
3E9
330
1F
100
AcDbEntity
  8
Рамка
370
    -3
 62
     7
100
AcDbText
 10
384.4274195897106
 20
56.98872002316114
 30
0
 40
2.999999999999999
  1
Лит.
 51
14.99999999999946
  7
GOST
 11
0
 21
0
 31
0
100
AcDbText
  0
LINE
  5
3EA
330
1F
100
AcDbEntity
  8
Рамка
370
    60
 62
     7
100
AcDbLine
 10
382.1864862355014
 20
20.98872002316114
 30
0
 11
382.1864862355014
 21
60.98872002316114
 31
0
  0
TEXT
  5
3EB
330
1F
100
AcDbEntity
  8
Рамка
370
    -3
 62
     7
100
AcDbText
 10
335.1864857358978
 20
16.98872027666278
 30
0
 40
2.999999999999996
  1
Копировал
 41
0.800000000000001
 51
15.00000000000004
  7
GOST
 11
0
 21
0
 31
0
100
AcDbText
  0
LINE
  5
3EC
330
1F
100
AcDbEntity
  8
Рамка
370
    60
 62
     7
100
AcDbLine
 10
382.1864862355014
 20
55.98872002316114
 30
0
 11
432.1864862355014
 21
55.98872002316114
 31
0
  0
LINE
  5
3ED
330
1F
100
AcDbEntity
  8
Рамка
370
    60
 62
     7
100
AcDbLine
 10
382.1864862355014
 20
40.98872002316114
 30
0
 11
432.1864862355014
 21
40.98872002316114
 31
0
  0
TEXT
  5
3EE
330
1F
100
AcDbEntity
  8
Рамка
370
    -3
 62
     7
100
AcDbText
 10
383.1864862355014
 20
36.98872002316114
 30
0
 40
2.999999999999999
  1
Лист
 51
14.99999999999946
  7
GOST
 11
0
 21
0
 31
0
100
AcDbText
  0
TEXT
  5
3EF
330
1F
100
AcDbEntity
  8
Рамка
370
    -3
 62
     7
100
AcDbText
 10
265.9363021363547
 20
51.98872002316114
 30
0
 40
2.999999999999999
  1
№ докум.
 51
14.99999999999946
  7
GOST
 11
0
 21
0
 31
0
100
AcDbText
  0
TEXT
  5
3F0
330
1F
100
AcDbEntity
  8
Рамка
370
    -3
 62
     7
100
AcDbText
 10
264.0716504038514
 20
21.9887203327404
 30
0
 40
2.999999999999999
  1
  Довгалов
 41
0.9000000000000005
 51
14.99999999999946
  7
GOST
 11
0
 21
0
 31
0
100
AcDbText
  0
TEXT
  5
3F1
330
1F
100
AcDbEntity
  8
Рамка
370
    -3
 62
     7
100
AcDbText
 10
262.1314905572085
 20
26.98264193443231
 30
0
 40
2.999999999999999
  1
  Сморода А.
 51
14.99999999999946
  7
GOST
 11
0
 21
0
 31
0
100
AcDbText
  0
TEXT
  5
3F2
330
1F
100
AcDbEntity
  8
Рамка
370
    -3
 62
     7
100
AcDbText
 10
262.1314905572085
 20
41.98264193443231
 30
0
 40
2.999999999999999
  1
  Сморода М.
 51
14.99999999999946
  7
GOST
 11
0
 21
0
 31
0
100
AcDbText
  0
TEXT
  5
3F3
330
1F
100
AcDbEntity
  8
Рамка
370
    -3
 62
     7
100
AcDbText
 10
262.1314905572085
 20
46.98264193443231
 30
0
 40
2.999999999999999
  1
  Сморода А.
 51
14.99999999999946
  7
GOST
 11
0
 21
0
 31
0
100
AcDbText
  0
LINE
  5
3F4
330
1F
100
AcDbEntity
  8
Рамка
370
    30
 62
     7
100
AcDbLine
 10
247.186486235501
 20
70.98872002316114
 30
0
 11
312.1864862355014
 21
70.98872002316114
 31
0
  0
LINE
  5
3F5
330
1F
100
AcDbEntity
  8
Рамка
370
    30
 62
     7
100
AcDbLine
 10
247.186486235501
 20
65.98872002316114
 30
0
 11
312.1864862355014
 21
65.98872002316114
 31
0
  0
LINE
  5
3F6
330
1F
100
AcDbEntity
  8
Рамка
370
    30
 62
     7
100
AcDbLine
 10
247.186486235501
 20
60.98872002316114
 30
0
 11
312.1864862355014
 21
60.98872002316114
 31
0
  0
LINE
  5
3F7
330
1F
100
AcDbEntity
  8
Рамка
370
    30
 62
     7
100
AcDbLine
 10
247.186486235501
 20
45.98872002316114
 30
0
 11
312.1864862355014
 21
45.98872002316114
 31
0
  0
LINE
  5
3F8
330
1F
100
AcDbEntity
  8
Рамка
370
    30
 62
     7
100
AcDbLine
 10
247.186486235501
 20
40.98872002316114
 30
0
 11
312.1864862355014
 21
40.98872002316114
 31
0
  0
LINE
  5
3F9
330
1F
100
AcDbEntity
  8
Рамка
370
    30
 62
     7
100
AcDbLine
 10
247.186486235501
 20
35.98872002316114
 30
0
 11
312.1864862355014
 21
35.98872002316114
 31
0
  0
LINE
  5
3FA
330
1F
100
AcDbEntity
  8
Рамка
370
    30
 62
     7
100
AcDbLine
 10
247.186486235501
 20
30.98872002316114
 30
0
 11
312.1864862355014
 21
30.98872002316114
 31
0
  0
LINE
  5
3FB
330
1F
100
AcDbEntity
  8
Рамка
370
    30
 62
     7
100
AcDbLine
 10
247.186486235501
 20
25.98872002316114
 30
0
 11
312.1864862355014
 21
25.98872002316114
 31
0
  0
LINE
  5
3FC
330
1F
100
AcDbEntity
  8
Рамка
370
    60
 62
     7
100
AcDbLine
 10
247.186486235501
 20
55.98872002316114
 30
0
 11
312.1864862355014
 21
55.98872002316114
 31
0
  0
LINE
  5
3FD
330
1F
100
AcDbEntity
  8
Рамка
370
    60
 62
     7
100
AcDbLine
 10
247.186486235501
 20
50.98872002316114
 30
0
 11
312.1864862355014
 21
50.98872002316114
 31
0
  0
LINE
  5
3FE
330
1F
100
AcDbEntity
  8
Рамка
370
    60
 62
     7
100
AcDbLine
 10
254.186486235501
 20
50.98872002316114
 30
0
 11
254.186486235501
 21
75.98872002316114
 31
0
  0
LINE
  5
3FF
330
1F
100
AcDbEntity
  8
Рамка
370
    60
 62
     7
100
AcDbLine
 10
247.1864856937332
 20
20.98872027666278
 30
0
 11
247.1864856937332
 21
75.98872027666278
 31
0
  0
LINE
  5
400
330
1F
100
AcDbEntity
  8
Рамка
370
    60
 62
     7
100
AcDbLine
 10
264.186486235501
 20
20.98872002316114
 30
0
 11
264.186486235501
 21
75.98872002316114
 31
0
  0
TEXT
  5
401
330
1F
100
AcDbEntity
  8
Рамка
370
    -3
 62
     7
100
AcDbText
 10
255.186486235501
 20
51.98872002316114
 30
0
 40
2.999999999999999
  1
Лист
 41
0.8655013075990913
 51
14.99999999999946
  7
GOST
 72
     5
 11
263.186486235501
 21
51.98872002316114
 31
0
100
AcDbText
  0
TEXT
  5
402
330
1F
100
AcDbEntity
  8
Рамка
370
    -3
 62
     7
100
AcDbText
 10
248.186486235501
 20
41.98872002316114
 30
0
 40
2.999999999999999
  1
Пров.
 51
14.99999999999946
  7
GOST
 11
0
 21
0
 31
0
100
AcDbText
  0
TEXT
  5
403
330
1F
100
AcDbEntity
  8
Рамка
370
    -3
 62
     7
100
AcDbText
 10
247.2117802147709
 20
51.98872002316114
 30
0
 40
2.999999999999999
  1
Изм.
 41
0.8562513133944654
 51
14.99999999999946
  7
GOST
 72
     5
 11
253.7621027622386
 21
51.98872002316114
 31
0
100
AcDbText
  0
TEXT
  5
404
330
1F
100
AcDbEntity
  8
Рамка
370
    -3
 62
     7
100
AcDbText
 10
248.186486235501
 20
21.98872002316114
 30
0
 40
2.999999999999999
  1
Утв.
 51
14.99999999999946
  7
GOST
 11
0
 21
0
 31
0
100
AcDbText
  0
TEXT
  5
405
330
1F
100
AcDbEntity
  8
Рамка
370
    -3
 62
     7
100
AcDbText
 10
248.186486235501
 20
26.98872002316114
 30
0
 40
2.999999999999999
  1
Н.контр.
 41
0.7700000000000004
 51
14.99999999999946
  7
GOST
 11
0
 21
0
 31
0
100
AcDbText
  0
TEXT
  5
406
330
1F
100
AcDbEntity
  8
Рамка
370
    -3
 62
     7
100
AcDbText
 10
248.186486235501
 20
46.98872002316114
 30
0
 40
2.999999999999999
  1
Разраб.
 41
0.9500000000000003
 51
14.99999999999946
  7
GOST
 11
0
 21
0
 31
0
100
AcDbText
  0
TEXT
  5
407
330
1F
100
AcDbEntity
  8
Рамка
370
    -3
 62
     7
100
AcDbText
 10
248.186486235501
 20
36.98872002316114
 30
0
 40
2.999999999999999
  1
Т.контр.
 41
0.8140000000000003
 51
14.99999999999946
  7
GOST
 11
0
 21
0
 31
0
100
AcDbText
  0
TEXT
  5
408
330
1F
100
AcDbEntity
  8
Рамка
370
    -3
 62
     7
100
AcDbText
 10
303.1864862355014
 20
51.98872002316114
 30
0
 40
2.999999999999999
  1
Дата
 41
0.6222000000000003
 51
14.99999999999946
  7
GOST
 11
0
 21
0
 31
0
100
AcDbText
  0
LINE
  5
409
330
1F
100
AcDbEntity
  8
Рамка
370
    60
 62
     7
100
AcDbLine
 10
302.1864862355014
 20
20.98872002316114
 30
0
 11
302.1864862355014
 21
75.98872002316114
 31
0
  0
LINE
  5
40A
330
1F
100
AcDbEntity
  8
Рамка
370
    60
 62
     7
100
AcDbLine
 10
312.1864862355014
 20
20.98872002316114
 30
0
 11
312.1864862355014
 21
75.98872002316114
 31
0
  0
LINE
  5
40B
330
1F
100
AcDbEntity
  8
Рамка
370
    60
 62
     7
100
AcDbLine
 10
287.1864862355014
 20
20.98872002316114
 30
0
 11
287.1864862355014
 21
75.98872002316114
 31
0
  0
TEXT
  5
40C
330
1F
100
AcDbEntity
  8
Рамка
370
    -3
 62
     7
100
AcDbText
 10
288.6505878506377
 20
51.98872002316114
 30
0
 40
2.999999999999999
  1
Подп.
 51
14.99999999999946
  7
GOST
 11
0
 21
0
 31
0
100
AcDbText
  0
LINE
  5
40D
330
1F
100
AcDbEntity
  8
Рамка
370
    60
 62
     7
100
AcDbLine
 10
312.1864862355014
 20
60.98872002316114
 30
0
 11
432.1864862355014
 21
60.98872002316114
 31
0
  0
LINE
  5
40E
330
1F
100
AcDbEntity
  8
Рамка
370
    60
 62
     7
100
AcDbLine
 10
312.1864862355014
 20
35.98872002316114
 30
0
 11
432.1864862355014
 21
35.98872002316114
 31
0
  0
MTEXT
  5
40F
330
1F
100
AcDbEntity
  8
Рамка
370
    -3
 62
     7
100
AcDbMText
 10
346.4087084577236
 20
48.17607389127204
 30
0
210
0
220
0
230
1
 11
1
 21
0
 31
0
 40
7
 41
0
 46
0
 71
     5
 72
     5
  1
{\H0.85714x;Корпус}\P
  7
GOST
 73
     1
 44
1
  0
LINE
  5
410
330
1F
100
AcDbEntity
  8
Рамка
370
    60
 62
     7
100
AcDbLine
 10
247.186486235501
 20
75.98872002316114
 30
0
 11
432.1864862355014
 21
75.98872002316114
 31
0
  0
LINE
  5
411
330
1F
100
AcDbEntity
  8
Рамка
370
    30
 62
     7
100
AcDbLine
 10
247.186486235501
 20
20.98872002316114
 30
0
 11
432.1864862355014
 21
20.98872002316114
 31
0
  0
LINE
  5
412
330
1F
100
AcDbEntity
  8
Рамка
370
    60
 62
     7
100
AcDbLine
 10
432.1864857358978
 20
307.9887202766628
 30
0
 11
432.1864857358978
 21
20.98872027666278
 31
0
  0
TEXT
  5
413
330
1F
100
AcDbEntity
  8
Рамка
370
    -3
 62
     7
100
AcDbText
 10
122.1864857358973
 20
308.9887202766628
 30
0
 40
2.999999999999996
  1
2
 41
0.800000000000001
 51
15.00000000000004
  7
GOST
 11
0
 21
0
 31
0
100
AcDbText
  0
LINE
  5
414
330
1F
100
AcDbEntity
  8
Рамка
370
    60
 62
     7
100
AcDbLine
 10
107.1864857358973
 20
307.9887202766628
 30
0
 11
107.1864857358973
 21
293.9887202766628
 31
0
  0
LINE
  5
415
330
1F
100
AcDbEntity
  8
Рамка
370
    30
 62
     7
100
AcDbLine
 10
25.18648564603973
 20
307.9887201207445
 30
0
 11
37.18648564603973
 21
307.9887201207445
 31
0
  0
LINE
  5
416
330
1F
100
AcDbEntity
  8
Рамка
370
    30
 62
     7
100
AcDbLine
 10
25.18648564603973
 20
247.9887201207445
 30
0
 11
37.18648564603973
 21
247.9887201207445
 31
0
  0
TEXT
  5
417
330
1F
100
AcDbEntity
  8
Рамка
370
    -3
 62
     7
100
AcDbText
 10
29.18648564603973
 20
262.6217159639097
 30
0
 40
2.999999999999999
  1
Перв. примен.
 50
90
 51
14.99999999999946
  7
GOST
 72
     1
 11
29.18648564603973
 21
275.5592159639097
 31
0
100
AcDbText
  0
LINE
  5
418
330
1F
100
AcDbEntity
  8
Рамка
370
    60
 62
     7
100
AcDbLine
 10
107.1864857358973
 20
293.9887202766628
 30
0
 11
37.1864857358978
 21
293.9887202766628
 31
0
  0
TEXT
  5
419
330
1F
100
AcDbEntity
  8
Рамка
370
    -3
 62
     7
100
AcDbText
 10
122.186485902997
 20
16.98872027666278
 30
0
 40
2.999999999999996
  1
2
 41
0.800000000000001
 51
15.00000000000004
  7
GOST
 11
0
 21
0
 31
0
100
AcDbText
  0
LINE
  5
41A
330
1F
100
AcDbEntity
  8
Рамка
370
    60
 62
     7
100
AcDbLine
 10
37.18648581313937
 20
165.9887201174921
 30
0
 11
25.18648581313937
 21
165.9887201174921
 31
0
  0
LINE
  5
41B
330
1F
100
AcDbEntity
  8
Рамка
370
    30
 62
     7
100
AcDbLine
 10
25.18648564603973
 20
187.9887201207445
 30
0
 11
37.18648564603973
 21
187.9887201207445
 31
0
  0
LINE
  5
41C
330
1F
100
AcDbEntity
  8
Рамка
370
    60
 62
     7
100
AcDbLine
 10
37.18648581313937
 20
130.9887201174921
 30
0
 11
25.18648581313937
 21
130.9887201174921
 31
0
  0
TEXT
  5
41D
330
1F
100
AcDbEntity
  8
Рамка
370
    -3
 62
     7
100
AcDbText
 10
29.18648581313937
 20
136.7515582088794
 30
0
 40
2.999999999999999
  1
Подп. и дата
 50
90
 51
14.99999999999946
  7
GOST
 72
     1
 11
29.18648581313937
 21
149.2015582088794
 31
0
100
AcDbText
  0
LINE
  5
41E
330
1F
100
AcDbEntity
  8
Рамка
370
    60
 62
     7
100
AcDbLine
 10
37.18648581313937
 20
105.9887201174921
 30
0
 11
25.18648581313937
 21
105.9887201174921
 31
0
  0
LINE
  5
41F
330
1F
100
AcDbEntity
  8
Рамка
370
    60
 62
     7
100
AcDbLine
 10
37.18648581313937
 20
80.98872011749211
 30
0
 11
25.18648581313937
 21
80.98872011749211
 31
0
  0
LINE
  5
420
330
1F
100
AcDbEntity
  8
Рамка
370
    60
 62
     7
100
AcDbLine
 10
37.18648581313937
 20
45.98872011749211
 30
0
 11
25.18648581313937
 21
45.98872011749211
 31
0
  0
TEXT
  5
421
330
1F
100
AcDbEntity
  8
Рамка
370
    -3
 62
     7
100
AcDbText
 10
29.18648581313937
 20
53.70232889546917
 30
0
 40
2.999999999999999
  1
Подп. и дата
 50
90
 51
14.99999999999946
  7
GOST
 72
     1
 11
29.18648581313937
 21
66.15232889546917
 31
0
100
AcDbText
  0
LINE
  5
422
330
1F
100
AcDbEntity
  8
Рамка
370
    60
 62
     7
100
AcDbLine
 10
37.18648581313937
 20
20.98872011749211
 30
0
 11
25.18648581313937
 21
20.98872011749211
 31
0
  0
TEXT
  5
423
330
1F
100
AcDbEntity
  8
Рамка
370
    -3
 62
     7
100
AcDbText
 10
29.23873128177547
 20
22.26382471798554
 30
0
 40
2.999999999999999
  1
Инв. № подл.
 50
90
 51
14.99999999999946
  7
GOST
 72
     1
 11
29.23873128177547
 21
34.00132471798554
 31
0
100
AcDbText
  0
TEXT
  5
424
330
1F
100
AcDbEntity
  8
Рамка
370
    -3
 62
     7
100
AcDbText
 10
29.18648581313937
 20
83.53105446872861
 30
0
 40
2.999999999999999
  1
Взам. инв. №
 50
90
 41
0.8000000000000005
 51
14.99999999999946
  7
GOST
 72
     1
 11
29.18648581313937
 21
93.13105446872862
 31
0
100
AcDbText
  0
TEXT
  5
425
330
1F
100
AcDbEntity
  8
Рамка
370
    -3
 62
     7
100
AcDbText
 10
29.18648581313937
 20
107.2065544436619
 30
0
 40
2.999999999999999
  1
Инв. № дубл.
 50
90
 51
14.99999999999946
  7
GOST
 72
     1
 11
29.18648581313937
 21
118.8690544436619
 31
0
100
AcDbText
  0
LINE
  5
426
330
1F
100
AcDbEntity
  8
Рамка
370
    60
 62
     7
100
AcDbLine
 10
25.18648581313937
 20
20.98872011749211
 30
0
 11
25.18648581313937
 21
165.9887201174921
 31
0
  0
LINE
  5
427
330
1F
100
AcDbEntity
  8
Рамка
370
    60
 62
     7
100
AcDbLine
 10
30.18648581313937
 20
20.98872011749211
 30
0
 11
30.18648581313937
 21
165.9887201174921
 31
0
  0
LINE
  5
428
330
1F
100
AcDbEntity
  8
Рамка
370
    60
 62
     7
100
AcDbLine
 10
37.18648581313937
 20
165.9887201174921
 30
0
 11
37.18648581313937
 21
20.98872011749211
 31
0
  0
LINE
  5
429
330
1F
100
AcDbEntity
  8
Рамка
370
    60
 62
     7
100
AcDbLine
 10
37.1864857358978
 20
20.98872027666278
 30
0
 11
37.1864857358978
 21
307.9887202766628
 31
0
  0
LINE
  5
42A
330
1F
100
AcDbEntity
  8
Рамка
370
    30
 62
     7
100
AcDbLine
 10
25.18648564603973
 20
187.9887201207445
 30
0
 11
25.18648564603973
 21
307.9887201207445
 31
0
  0
LINE
  5
42B
330
1F
100
AcDbEntity
  8
Рамка
370
    30
 62
     7
100
AcDbLine
 10
30.18648564603973
 20
187.9887201207445
 30
0
 11
30.18648564603973
 21
307.9887201207445
 31
0
  0
LINE
  5
42C
330
1F
100
AcDbEntity
  8
Рамка
370
    30
 62
     7
100
AcDbLine
 10
37.18648564603973
 20
307.9887201207445
 30
0
 11
37.18648564603973
 21
187.9887201207445
 31
0
  0
TEXT
  5
42D
330
1F
100
AcDbEntity
  8
Рамка
370
    -3
 62
     7
100
AcDbText
 10
29.18648564603973
 20
210.401136308343
 30
0
 40
2.999999999999999
  1
Справ. №
 50
90
 51
14.99999999999946
  7
GOST
 72
     1
 11
29.18648564603973
 21
218.7609712653981
 31
0
100
AcDbText
  0
LINE
  5
42E
330
1F
100
AcDbEntity
  8
Рамка
370
    60
 62
     7
100
AcDbLine
 10
432.1864857358978
 20
20.98872027666278
 30
0
 11
37.1864857358978
 21
20.98872027666278
 31
0
  0
LINE
  5
42F
330
1F
100
AcDbEntity
  8
Рамка
370
    60
 62
     7
100
AcDbLine
 10
37.1864857358978
 20
307.9887202766628
 30
0
 11
432.1864857358978
 21
307.9887202766628
 31
0
  0
LINE
  5
430
330
1F
100
AcDbEntity
  8
Рамка
370
    25
 62
     1
100
AcDbLine
 10
227.186485902997
 20
20.98872027666278
 30
0
 11
227.186485902997
 21
15.98872027666278
 31
0
  0
LINE
  5
431
330
1F
100
AcDbEntity
  8
Рамка
370
    25
 62
     1
100
AcDbLine
 10
227.1864857358973
 20
312.9887202766628
 30
0
 11
227.1864857358973
 21
307.9887202766628
 31
0
  0
LWPOLYLINE
  5
432
330
1F
100
AcDbEntity
  8
Рамка
370
    -3
 62
     1
100
AcDbPolyline
 90
        4
 70
     1
 43
0
 10
17.1864857358978
 20
15.98872027666278
 10
437.1864857358978
 20
15.98872027666278
 10
437.1864857358978
 20
312.9887202766628
 10
17.1864857358978
 20
312.9887202766628
  0
LINE
  5
433
330
1F
100
AcDbEntity
  8
Корпус
100
AcDbLine
 10
85.64825887975758
 20
56.88998394723819
 30
0
 11
91.23404531738424
 21
56.88998394723819
 31
0
  0
ARC
  5
434
102
{ACAD_REACTORS
330
458
330
475
102
}
330
1F
100
AcDbEntity
  8
Корпус
100
AcDbCircle
 10
85.64825887975621
 20
54.88998394723978
 30
0
 40
1.999999999998352
100
AcDbArc
 50
89.99999999996092
 51
180
1001
McsXdata5
1071
      165
1004
0600000000000000890000001C000000E304000000000000000000001F050A025C020509020FEE020C4D43535F46494C4C45545F3109020FEE020C4D43535F46494C4C45545F3209020FEE020C4D43535F46494C4C45545F3309020FEE020C4D43535F46494C4C45545F3409020FEE020C4D43535F46494C4C45545F351202
1004
240205020103020103020202010302032602010201030201220201030201220201030201221A
  0
ARC
  5
435
102
{ACAD_REACTORS
330
468
102
}
330
1F
100
AcDbEntity
  8
Корпус
100
AcDbCircle
 10
91.23404531737697
 20
55.88998394722068
 30
0
 40
1.000000000017372
100
AcDbArc
 50
45.00000000039612
 51
89.99999999958312
1001
McsXdata5
1071
      171
1004
06000000000000008F0000001C000000E304000000000000000000001F050A025C020509020FEE020C4D43535F46494C4C45545F3109020FEE020C4D43535F46494C4C45545F3209020FEE020C4D43535F46494C4C45545F3309020FEE020C4D43535F46494C4C45545F3409020FEE020C4D43535F46494C4C45545F351202
1004
2A02050201030201030202020103020306000000000000E03F0201030201220201030201220201030201221A
  0
CIRCLE
  5
436
330
1F
100
AcDbEntity
  8
Размеры
100
AcDbCircle
 10
88.94289026433262
 20
53.94938365329051
 30
0
 40
14.75202476984276
  0
LINE
  5
437
330
1F
100
AcDbEntity
  8
Корпус
370
    30
100
AcDbLine
 10
92.64825887975758
 20
55.88998394723819
 30
0
 11
103.5667168944997
 21
55.88998394723819
 31
0
  0
LINE
  5
438
330
1F
100
AcDbEntity
  8
Корпус
100
AcDbLine
 10
94.81325887976209
 20
53.72498394723391
 30
0
 11
103.6932082128369
 21
53.72498394723391
 31
0
  0
LINE
  5
439
330
1F
100
AcDbEntity
  8
Корпус
100
AcDbLine
 10
83.64825887975758
 20
52.88998394723819
 30
0
 11
74.22895445256336
 21
52.88998394723819
 31
0
  0
LINE
  5
43A
330
1F
100
AcDbEntity
  8
Корпус
100
AcDbLine
 10
94.81325887976209
 20
53.72498394723391
 30
0
 11
94.81325887976209
 21
40.41568470846994
 31
0
  0
LINE
  5
43B
102
{ACAD_REACTORS
330
449
102
}
330
1F
100
AcDbEntity
  8
Корпус
100
AcDbLine
 10
91.64825887975758
 20
39.447548753364
 30
0
 11
91.64825887975758
 21
55.88998394723819
 31
0
  0
LINE
  5
43C
330
1F
100
AcDbEntity
  8
Размеры
100
AcDbLine
 10
75.18282735418825
 20
58.94723695190635
 30
0
 11
84.06976533084435
 21
67.83417492856267
 31
0
  0
LINE
  5
43D
330
1F
100
AcDbEntity
  8
Размеры
100
AcDbLine
 10
78.1058304705889
 20
52.88998394723819
 30
0
 11
93.17201079490133
 21
67.95616427155062
 31
0
  0
LINE
  5
43E
330
1F
100
AcDbEntity
  8
Размеры
100
AcDbLine
 10
91.08608659165793
 20
56.88998394723819
 30
0
 11
98.89483817045357
 21
64.6987355260336
 31
0
  0
LINE
  5
43F
330
1F
100
AcDbEntity
  8
Размеры
100
AcDbLine
 10
96.90134271272336
 20
53.72498394723391
 30
0
 11
99.06634271272742
 21
55.88998394723819
 31
0
  0
LINE
  5
440
330
1F
100
AcDbEntity
  8
Размеры
100
AcDbLine
 10
99.06634271272742
 20
55.88998394723819
 30
0
 11
102.6200946142326
 21
59.44373584874336
 31
0
  0
LINE
  5
441
330
1F
100
AcDbEntity
  8
Размеры
100
AcDbLine
 10
102.6200946142326
 20
59.44373584874336
 30
0
 11
102.6296980462953
 21
59.45333928080606
 31
0
  0
LINE
  5
442
330
1F
100
AcDbEntity
  8
Размеры
100
AcDbLine
 10
98.89483817045357
 20
64.6987355260336
 30
0
 11
98.96782268239667
 21
64.77172003797671
 31
0
  0
LINE
  5
443
330
1F
100
AcDbEntity
  8
Размеры
100
AcDbLine
 10
93.17201079490133
 20
67.95616427155062
 30
0
 11
93.26874731270118
 21
68.05290078935025
 31
0
  0
LINE
  5
444
330
1F
100
AcDbEntity
  8
Размеры
100
AcDbLine
 10
84.06976533084435
 20
67.83417492856245
 30
0
 11
84.12970288145289
 21
67.89411247917099
 31
0
  0
LINE
  5
445
330
1F
100
AcDbEntity
  8
Размеры
100
AcDbLine
 10
74.99816143845192
 20
58.76257103617024
 30
0
 11
75.18282735418825
 21
58.94723695190612
 31
0
  0
TEXT
  5
446
330
1F
100
AcDbEntity
  8
Размеры
100
AcDbText
 10
84.33313921618583
 20
72.36603447263849
 30
0
 40
5
  1
А
 51
15.00000000000002
  7
GOST
 11
0
 21
0
 31
0
100
AcDbText
  0
DIMENSION
  5
447
102
{ACAD_REACTORS
330
449
102
}
102
{ACAD_XDICTIONARY
360
448
102
}
330
1F
100
AcDbEntity
  8
Размеры
100
AcDbDimension
280
     0
  2
*D9
 10
91.64825887975758
 20
31.447548753364
 30
0
 11
87.64825887975758
 21
34.072548753364
 31
0
 70
    32
  1

 71
     5
 42
4
 73
     0
 74
     0
 75
     0
  3
GOSTMTM
100
AcDbAlignedDimension
 13
83.64825887975758
 23
40.18024739455848
 33
0
 14
91.64825887975758
 24
39.447548753364
 34
0
 52
0
100
AcDbRotatedDimension
1001
ACAD
1000
DSTYLE
1002
{
1070
   340
1005
3B6
1070
   144
1040
0.5
1070
    40
1040
1
1070
   173
1070
     1
1070
   343
1005
0
1070
   342
1005
0
1070
   344
1005
0
1070
   283
1070
     1
1002
}
  0
DIMENSION
  5
456
102
{ACAD_REACTORS
330
458
102
}
102
{ACAD_XDICTIONARY
360
457
102
}
330
1F
100
AcDbEntity
  8
Размеры
100
AcDbDimension
280
     0
  2
*D10
 10
85.64825887975621
 20
54.88998394723978
 30
0
 11
75.00992911872027
 21
37.72994732007805
 31
0
 70
   164
  1

 71
     5
 42
0.9999999999991989
 73
     0
 74
     0
 75
     0
  3
GOSTMTM
100
AcDbRadialDimension
 15
84.59444343611858
 25
53.1901389511462
 35
0
 40
0
1001
ACAD_DSTYLE_DIMRADIAL_EXTENSION
1070
   387
1070
     1
1070
   388
1040
1.570796326794214
1070
   390
1040
3.141592653589793
1001
ACAD
1000
DSTYLE
1002
{
1070
   279
1070
     1
1070
   340
1005
3B6
1070
   144
1040
0.5
1070
    40
1040
1
1070
    75
1070
     0
1070
   173
1070
     1
1070
   344
1005
0
1070
   342
1005
0
1070
   343
1005
463
1070
   283
1070
     1
1002
}
  0
DIMENSION
  5
466
102
{ACAD_REACTORS
330
468
102
}
102
{ACAD_XDICTIONARY
360
467
102
}
330
1F
100
AcDbEntity
  8
Размеры
100
AcDbDimension
280
     0
  2
*D12
 10
91.23404531737697
 20
55.88998394722068
 30
0
 11
99.34628672763301
 21
34.72595272830847
 31
0
 70
   164
  1

 71
     5
 42
0.5000000000086514
 73
     0
 74
     0
 75
     0
  3
GOSTMTM
100
AcDbRadialDimension
 15
91.59195681657911
 25
54.95622843383751
 35
0
 40
0
1001
ACAD_DSTYLE_DIMRADIAL_EXTENSION
1070
   387
1070
     1
1070
   388
1040
0.7853981634043817
1070
   390
1040
1.570796326787621
1001
ACAD
1000
DSTYLE
1002
{
1070
   279
1070
     1
1070
   340
1005
3B6
1070
   144
1040
0.5
1070
    40
1040
1
1070
    75
1070
     0
1070
   173
1070
     1
1070
   344
1005
0
1070
   342
1005
0
1070
   343
1005
463
1070
   283
1070
     1
1002
}
  0
DIMENSION
  5
473
102
{ACAD_REACTORS
330
475
102
}
102
{ACAD_XDICTIONARY
360
474
102
}
330
1F
100
AcDbEntity
  8
Размеры
100
AcDbDimension
280
     0
  2
*D13
 10
62.07027321794294
 20
42.34777161783165
 30
0
 11
62.07027321794294
 21
42.34777161783188
 31
0
 70
   160
  1
{\Q0;%%C}34
 71
     5
 42
14.54221232940654
 73
     0
 74
     0
 75
     0
  3
GOSTMTM
100
AcDbAlignedDimension
 13
85.64825887975758
 23
56.88998394723819
 33
0
 14
64.51386014300442
 24
42.34777161783165
 34
0
 52
0
 50
90
100
AcDbRotatedDimension
1001
ACAD
1000
DSTYLE
1002
{
1070
    76
1070
     1
1070
   282
1070
     1
1070
   340
1005
3B6
1070
   144
1040
1
1070
    40
1040
1
1070
   173
1070
     1
1070
   343
1005
0
1070
   342
1005
0
1070
   344
1005
463
1070
   283
1070
     1
1002
}
  0
LINE
  5
480
330
1F
100
AcDbEntity
  8
Корпус
100
AcDbLine
 10
83.64825887975758
 20
40.18024739455848
 30
0
 11
83.64825887975758
 21
54.88998394723978
 31
0
  0
LINE
  5
481
330
1F
100
AcDbEntity
  8
Корпус
100
AcDbLine
 10
91.94115209857091
 20
56.59709072842463
 30
0
 11
94.81325887976209
 21
53.72498394723391
 31
0
  0
LINE
  5
482
330
1F
100
AcDbEntity
  8
Корпус
 62
     7
100
AcDbLine
 10
162.9494897301397
 20
53.94938365329051
 30
0
 11
168.5352761677682
 21
53.94938365329051
 31
0
  0
ARC
  5
483
102
{ACAD_REACTORS
330
4A3
102
}
330
1F
100
AcDbEntity
  8
Корпус
 62
     7
100
AcDbCircle
 10
168.5352759911625
 20
51.94938347668483
 30
0
 40
2.000000176605689
100
AcDbArc
 50
4.978313060379714E-06
 51
89.99999502170384
1001
McsXdata5
1071
      167
1004
06000000000000008B0000001C000000E304000000000000000000001F050A025C020509020FEE020C4D43535F46494C4C45545F3109020FEE020C4D43535F46494C4C45545F3209020FEE020C4D43535F46494C4C45545F3309020FEE020C4D43535F46494C4C45545F3409020FEE020C4D43535F46494C4C45545F351202
1004
2602050201030201030202020103020326020102010302012202010302012202010302010302011A
  0
LINE
  5
484
330
1F
100
AcDbEntity
  8
Корпус
 62
     7
100
AcDbLine
 10
162.242382948953
 20
53.65649043447536
 30
0
 11
158.0352761677655
 21
49.44938365329028
 31
0
  0
ARC
  5
485
102
{ACAD_REACTORS
330
4B0
330
4BD
102
}
330
1F
100
AcDbEntity
  8
Корпус
 62
     7
100
AcDbCircle
 10
162.949489514875
 20
52.94938417299034
 30
0
 40
0.9999994803001987
100
AcDbArc
 50
89.99998765716974
 51
135.000012334056
1001
McsXdata5
1071
      173
1004
0600000000000000910000001C000000E304000000000000000000001F050A025C020509020FEE020C4D43535F46494C4C45545F3109020FEE020C4D43535F46494C4C45545F3209020FEE020C4D43535F46494C4C45545F3309020FEE020C4D43535F46494C4C45545F3409020FEE020C4D43535F46494C4C45545F351202
1004
2C02050201030201030202020103020306000000000000E03F02010302012202010302012202010302010302011A
  0
CIRCLE
  5
486
330
1F
100
AcDbEntity
  8
Размеры
100
AcDbCircle
 10
165.7423829489539
 20
53.94938365329051
 30
0
 40
14.75202476984276
  0
LINE
  5
487
330
1F
100
AcDbEntity
  8
Размеры
100
AcDbLine
 10
151.8941283639424
 20
49.44938365329028
 30
0
 11
155.142128363942
 21
52.69738365328988
 31
0
  0
LINE
  5
488
330
1F
100
AcDbEntity
  8
Размеры
100
AcDbLine
 10
155.142128363942
 20
52.69738365328988
 30
0
 11
163.8941283639419
 21
61.44938365329028
 31
0
  0
LINE
  5
489
330
1F
100
AcDbEntity
  8
Размеры
100
AcDbLine
 10
165.3743844850119
 20
53.94938365329051
 30
0
 11
172.8743844850114
 21
61.44938365329028
 31
0
  0
LINE
  5
48A
330
1F
100
AcDbEntity
  8
Размеры
100
AcDbLine
 10
170.5352761677655
 20
41.14976309390579
 30
0
 11
180.1455090309278
 21
50.75999595706833
 31
0
  0
LINE
  5
48B
330
1F
100
AcDbEntity
  8
Размеры
100
AcDbLine
 10
170.5352761677655
 20
50.13001921497482
 30
0
 11
179.5494786713043
 21
59.14422171851413
 31
0
  0
LINE
  5
48C
102
{ACAD_REACTORS
330
494
102
}
330
1F
100
AcDbEntity
  8
Корпус
 62
     7
100
AcDbLine
 10
170.5352761677655
 20
39.9976665760588
 30
0
 11
170.5352761677664
 21
51.94938365046062
 31
0
  0
LINE
  5
48D
330
1F
100
AcDbEntity
  8
Размеры
100
AcDbLine
 10
151.595403318041
 20
58.13091472845792
 30
0
 11
154.9138722428729
 21
61.44938365329028
 31
0
  0
LINE
  5
48E
330
1F
100
AcDbEntity
  8
Корпус
100
AcDbLine
 10
178.4456201273292
 20
61.44938365329028
 30
0
 11
153.0391457705782
 21
61.44938365329028
 31
0
  0
LINE
  5
48F
330
1F
100
AcDbEntity
  8
Корпус
 62
     7
100
AcDbLine
 10
151.6934600432628
 20
49.44938365329028
 30
0
 11
158.0352761677655
 21
49.44938365329028
 31
0
  0
LINE
  5
490
330
1F
100
AcDbEntity
  8
Корпус
370
    30
 62
     7
100
AcDbLine
 10
151.0435826302182
 20
52.69738365328988
 30
0
 11
161.2832761677669
 21
52.69738365328988
 31
0
  0
TEXT
  5
491
330
1F
100
AcDbEntity
  8
Размеры
100
AcDbText
 10
163.9477667778947
 20
72.36603447263849
 30
0
 40
5
  1
Б
 51
15.00000000000002
  7
GOST
 11
0
 21
0
 31
0
100
AcDbText
  0
DIMENSION
  5
492
102
{ACAD_REACTORS
330
494
102
}
102
{ACAD_XDICTIONARY
360
493
102
}
330
1F
100
AcDbEntity
  8
Размеры
100
AcDbDimension
280
     0
  2
*D14
 10
162.5352761677655
 20
31.447548753364
 30
0
 11
166.5352761677655
 21
34.072548753364
 31
0
 70
    32
  1

 71
     5
 42
4
 73
     0
 74
     0
 75
     0
  3
GOSTMTM
100
AcDbAlignedDimension
 13
170.5352761677655
 23
39.9976665760588
 33
0
 14
162.5352761677655
 24
53.85956342109318
 34
0
 52
0
100
AcDbRotatedDimension
1001
ACAD
1000
DSTYLE
1002
{
1070
   340
1005
3B6
1070
   144
1040
0.5
1070
    40
1040
1
1070
   173
1070
     1
1070
   343
1005
0
1070
   342
1005
0
1070
   344
1005
0
1070
   283
1070
     1
1002
}
  0
DIMENSION
  5
4A1
102
{ACAD_REACTORS
330
4A3
102
}
102
{ACAD_XDICTIONARY
360
4A2
102
}
330
1F
100
AcDbEntity
  8
Размеры
100
AcDbDimension
280
     0
  2
*D15
 10
168.5352759911625
 20
51.94938347668483
 30
0
 11
178.150565211246
 21
31.42943325374098
 31
0
 70
   164
  1

 71
     5
 42
1.000000088302883
 73
     0
 74
     0
 75
     0
  3
GOSTMTM
100
AcDbRadialDimension
 15
169.3838950829827
 25
50.13834887088035
 35
0
 40
20.66102680669311
1001
ACAD_DSTYLE_DIMRADIAL_EXTENSION
1070
   387
1070
     1
1070
   388
1040
8.688795759467025E-08
1070
   390
1040
1.570796239907237
1001
ACAD
1000
DSTYLE
1002
{
1070
   279
1070
     1
1070
   340
1005
3B6
1070
   144
1040
0.5
1070
    40
1040
1
1070
    75
1070
     0
1070
   173
1070
     1
1070
   344
1005
0
1070
   342
1005
0
1070
   343
1005
463
1070
   283
1070
     1
1002
}
  0
DIMENSION
  5
4AE
102
{ACAD_REACTORS
330
4B0
102
}
102
{ACAD_XDICTIONARY
360
4AF
102
}
330
1F
100
AcDbEntity
  8
Размеры
100
AcDbDimension
280
     0
  2
*D16
 10
162.949489514875
 20
52.94938417299034
 30
0
 11
154.7757519344158
 21
36.45283330399132
 31
0
 70
   164
  1

 71
     5
 42
0.4999997401501573
 73
     0
 74
     0
 75
     0
  3
GOSTMTM
100
AcDbRadialDimension
 15
162.505518011902
 25
52.05334384736386
 35
0
 40
17.41049145850513
1001
ACAD_DSTYLE_DIMRADIAL_EXTENSION
1070
   387
1070
     1
1070
   388
1040
1.57079611137187
1070
   390
1040
2.356194705462212
1001
ACAD
1000
DSTYLE
1002
{
1070
   279
1070
     1
1070
   340
1005
3B6
1070
   144
1040
0.5
1070
    40
1040
1
1070
    75
1070
     0
1070
   173
1070
     1
1070
   344
1005
0
1070
   342
1005
0
1070
   343
1005
463
1070
   283
1070
     1
1002
}
  0
DIMENSION
  5
4BB
102
{ACAD_REACTORS
330
4BD
102
}
102
{ACAD_XDICTIONARY
360
4BC
102
}
330
1F
100
AcDbEntity
  8
Размеры
100
AcDbDimension
280
     0
  2
*D17
 10
144.8326534395615
 20
79.18072304347868
 30
0
 11
142.1248107270868
 21
68.06505334838459
 31
0
 70
    32
  1
{\Q0;%%C}37.5
 71
     5
 42
25.23133939018817
 73
     0
 74
     0
 75
     0
  3
GOSTMTM
100
AcDbAlignedDimension
 13
162.949489730298
 23
53.94938365329051
 33
0
 14
162.949489730298
 24
79.18072304347868
 34
0
 52
0
 50
90
100
AcDbRotatedDimension
1001
ACAD
1000
DSTYLE
1002
{
1070
    76
1070
     1
1070
   282
1070
     1
1070
   340
1005
3B6
1070
   144
1040
1
1070
    40
1040
1
1070
   173
1070
     1
1070
   343
1005
0
1070
   342
1005
0
1070
   344
1005
463
1070
   283
1070
     1
1002
}
  0
DIMENSION
  5
4C8
102
{ACAD_REACTORS
330
4CA
102
}
102
{ACAD_XDICTIONARY
360
4C9
102
}
330
1F
100
AcDbEntity
  8
Размеры
100
AcDbDimension
280
     0
  2
*D18
 10
113.3542796125484
 20
43.02032063610663
 30
0
 11
112.0911770915927
 21
46.56823589431896
 31
0
 70
    37
  1

 71
     5
 42
0.785398163397609
 73
     0
 74
     0
 75
     0
  3
GOSTMTM
100
AcDb3PointAngularDimension
 13
95.81325887976209
 23
53.72498394723391
 33
0
 14
95.5203656609483
 24
53.01787716604747
 34
0
 15
94.81325887976209
 25
53.72498394723391
 35
0
1001
ACAD
1000
DSTYLE
1002
{
1070
   340
1005
3B6
1070
   144
1040
1
1070
    40
1040
1
1070
   173
1070
     1
1070
   343
1005
0
1070
   342
1005
0
1070
   344
1005
0
1070
   272
1070
     0
1070
   283
1070
     1
1002
}
  0
DIMENSION
  5
4D8
102
{ACAD_REACTORS
330
4DA
102
}
102
{ACAD_XDICTIONARY
360
4D9
102
}
330
1F
100
AcDbEntity
  8
Размеры
100
AcDbDimension
280
     0
  2
*D19
 10
138.0119613428328
 20
44.08415261616007
 30
0
 11
141.3852872138881
 21
42.55273241523831
 31
0
 70
    37
  1

 71
     5
 42
0.7853981633968051
 73
     0
 74
     0
 75
     0
  3
GOSTMTM
100
AcDb3PointAngularDimension
 13
157.3281693865783
 23
48.74227687210407
 33
0
 14
157.0352761677655
 24
49.44938365329028
 34
0
 15
158.0352761677655
 25
49.44938365329028
 35
0
1001
ACAD
1000
DSTYLE
1002
{
1070
   340
1005
3B6
1070
   144
1040
1
1070
    40
1040
1
1070
   173
1070
     1
1070
   343
1005
0
1070
   342
1005
0
1070
   344
1005
0
1070
   272
1070
     0
1070
   283
1070
     1
1002
}
  0
CIRCLE
  5
4E8
330
1F
100
AcDbEntity
  8
Корпус
100
AcDbCircle
 10
72.84431034614636
 20
208.9548394441596
 30
0
 40
29.5
  0
ARC
  5
4E9
330
1F
100
AcDbEntity
  8
Корпус
370
    30
 62
     7
100
AcDbCircle
 10
72.84431034700128
 20
208.9548394444142
 30
0
 40
16.50000000054333
100
AcDbArc
 50
237.7423702835213
 51
144.131919658623
  0
CIRCLE
  5
4EA
330
1F
100
AcDbEntity
  8
Корпус
100
AcDbCircle
 10
72.84431034614636
 20
208.9548394441596
 30
0
 40
15.41749999999956
  0
CIRCLE
  5
4EB
330
1F
100
AcDbEntity
  8
Корпус
100
AcDbCircle
 10
72.84431034700128
 20
208.9548394444142
 30
0
 40
15
  0
LINE
  5
4EC
102
{ACAD_REACTORS
330
50E
102
}
330
1F
100
AcDbEntity
  8
Размеры
  6
ГОСТ 2.303 6
100
AcDbLine
 10
42.34431034700174
 20
208.9548394444142
 30
0
 11
103.3443103470013
 21
208.9548394444142
 31
0
  0
LINE
  5
4ED
330
1F
100
AcDbEntity
  8
Размеры
  6
ГОСТ 2.303 6
100
AcDbLine
 10
72.84431034700128
 20
178.4548394444142
 30
0
 11
72.84431034700128
 21
239.4548394444142
 31
0
  0
DIMENSION
  5
4EE
102
{ACAD_REACTORS
330
4F0
102
}
102
{ACAD_XDICTIONARY
360
4EF
102
}
330
1F
100
AcDbEntity
  8
Размеры
100
AcDbDimension
280
     0
  2
*D20
 10
112.3159265255058
 20
234.9548394444142
 30
0
 11
109.4531625531887
 21
208.9548394444142
 31
0
 70
    32
  1
{\Q0;%%C}<>
 71
     5
 42
52
 73
     0
 74
     0
 75
     0
  3
GOSTMTM
100
AcDbAlignedDimension
 13
72.84431034727504
 23
182.9548394444142
 33
0
 14
72.8443103472805
 24
234.9548394444142
 34
0
 52
0
 50
90
100
AcDbRotatedDimension
1001
ACAD
1000
DSTYLE
1002
{
1070
   340
1005
3B6
1070
   144
1040
1
1070
    40
1040
1
1070
   173
1070
     1
1070
   343
1005
0
1070
   342
1005
0
1070
   344
1005
0
1070
   283
1070
     1
1002
}
  0
DIMENSION
  5
4FD
102
{ACAD_REACTORS
330
4FF
102
}
102
{ACAD_XDICTIONARY
360
4FE
102
}
330
1F
100
AcDbEntity
  8
Размеры
100
AcDbDimension
280
     0
  2
*D21
 10
95.84431034639329
 20
248.4548394441596
 30
0
 11
72.84431034682643
 21
251.1955874756556
 31
0
 70
    32
  1

 71
     5
 42
45.99999999913371
 73
     0
 74
     0
 75
     0
  3
GOSTMTM
100
AcDbAlignedDimension
 13
49.84431034725958
 23
221.0791950978862
 33
0
 14
95.84431034639329
 24
221.0791950980782
 34
0
 52
0
100
AcDbRotatedDimension
1001
ACAD
1000
DSTYLE
1002
{
1070
   340
1005
3B6
1070
   144
1040
1
1070
    40
1040
1
1070
   173
1070
     1
1070
   343
1005
0
1070
   342
1005
0
1070
   344
1005
0
1070
   283
1070
     1
1002
}
  0
DIMENSION
  5
50C
102
{ACAD_REACTORS
330
50E
102
}
102
{ACAD_XDICTIONARY
360
50D
102
}
330
1F
100
AcDbEntity
  8
Размеры
100
AcDbDimension
280
     0
  2
*D22
 10
102.3443103461464
 20
256.4548394441596
 30
0
 11
72.84431034614659
 21
259.3505087354982
 31
0
 70
    32
  1
{\Q0;%%C}<> h12 
 71
     5
 42
58.99999999999955
 73
     0
 74
     0
 75
     0
  3
GOSTMTM
100
AcDbAlignedDimension
 13
43.34431034614681
 23
208.9548394444142
 33
0
 14
102.3443103461464
 24
208.9548394439049
 34
0
 52
0
100
AcDbRotatedDimension
1001
ACAD
1000
DSTYLE
1002
{
1070
   147
1040
0.625
1070
   340
1005
3B6
1070
   144
1040
1
1070
    40
1040
1
1070
   173
1070
     1
1070
   343
1005
0
1070
   342
1005
0
1070
   344
1005
0
1070
   283
1070
     1
1002
}
  0
DIMENSION
  5
51B
102
{ACAD_REACTORS
330
51D
102
}
102
{ACAD_XDICTIONARY
360
51C
102
}
330
1F
100
AcDbEntity
  8
Размеры
100
AcDbDimension
280
     0
  2
*D23
 10
52.73698728258796
 20
197.7881228623885
 30
0
 11
71.09647644717097
 21
212.1020726197589
 31
0
 70
   163
  1
{\Q0;%%c}46
 71
     5
 42
45.99999999999648
 73
     0
 74
     0
 75
     0
  3
GOSTMTM
100
AcDbDiametricDimension
 15
92.95163340970521
 25
220.1215560259308
 35
0
 40
0
1001
ACAD_DSTYLE_DIMRADIAL_EXTENSION
1070
   387
1070
     1
1070
   388
1040
0
1070
   390
1040
0
1001
ACAD
1000
DSTYLE
1002
{
1070
    75
1070
     1
1070
    76
1070
     1
1070
   340
1005
3B6
1070
   279
1070
     2
1070
   144
1040
1
1070
    40
1040
1
1070
   173
1070
     1
1070
   344
1005
0
1070
   342
1005
0
1070
   343
1005
0
1070
   283
1070
     1
1002
}
  0
LWPOLYLINE
  5
527
102
{ACAD_REACTORS
330
533
102
}
330
1F
100
AcDbEntity
  8
Корпус
100
AcDbPolyline
 90
       13
 70
     0
 43
0
 10
50.84431034601221
 20
222.8112459033948
 42
0.01923788644366122
 10
49.84431034725958
 20
221.0791950978862
 42
0
 10
49.8443103472564
 20
196.8304837909488
 42
0.01923788647418833
 10
50.84431034769977
 20
195.0984329827545
 42
0
 10
71.84431034568706
 20
182.9740773309317
 42
0.01923788649740169
 10
73.84431034886211
 20
182.9740773309527
 42
0
 10
94.84431034600675
 20
195.0984329822838
 42
0.0192378864901226
 10
95.84431034725958
 20
196.8304837919221
 42
0
 10
95.84431034726049
 20
221.0791950969046
 42
0.0192378864596099
 10
94.84431034769841
 20
222.8112459038589
 42
0
 10
73.84431034569798
 20
234.9356015579976
 42
0.01923788643637808
 10
71.84431034886211
 20
234.935601558019
 42
0
 10
50.84431034601266
 20
222.8112459033948
 42
0
  0
LINE
  5
528
330
1F
100
AcDbEntity
  8
Размеры
  6
Continuous
370
    25
100
AcDbLine
 10
424.5938944025656
 20
292.9887222755393
 30
0
 11
418.8203894025651
 21
292.9887222755393
 31
0
1001
ACAD
1000
DSTYLE
1002
{
1070
    40
1040
1
1002
}
  0
TEXT
  5
529
330
1F
100
AcDbEntity
  8
Размеры
  6
Continuous
370
    25
100
AcDbText
 10
414.9044690716769
 20
294.3220556088751
 30
0
 40
5
  1
3.2
 51
15.0000000019586
  7
GOST
 11
0
 21
0
 31
0
100
AcDbText
1001
ACAD
1000
DSTYLE
1002
{
1070
    40
1040
1
1002
}
  0
LINE
  5
52A
330
1F
100
AcDbEntity
  8
Размеры
  6
Continuous
370
    25
100
AcDbLine
 10
418.8203894025651
 20
292.9887222755393
 30
0
 11
421.7071419025651
 21
287.9887202766628
 31
0
1001
ACAD
1000
DSTYLE
1002
{
1070
    40
1040
1
1002
}
  0
LINE
  5
52B
330
1F
100
AcDbEntity
  8
Размеры
  6
Continuous
370
    25
100
AcDbLine
 10
421.7071419025651
 20
287.9887202766628
 30
0
 11
426.9032964025646
 21
296.988723874642
 31
0
1001
ACAD
1000
DSTYLE
1002
{
1070
    40
1040
1
1002
}
  0
MTEXT
  5
52C
330
1F
100
AcDbEntity
  8
Рамка
370
    -3
100
AcDbMText
 10
397.1864862355014
 20
55.98872002316114
 30
0
210
0
220
0
230
1
 11
1
 21
0
 31
0
 40
4
 41
17
 46
10
 71
     1
 72
     1
  1
\pxqc;{\Q15;см.\Pтабл.}
  7
ГОСТ 2.304
 73
     1
 44
1
1001
ACAD
1000
ACAD_MTEXT_DEFINED_HEIGHT_BEGIN
1070
    46
1040
10
1000
ACAD_MTEXT_DEFINED_HEIGHT_END
  0
MTEXT
  5
52D
330
1F
100
AcDbEntity
  8
Рамка
370
    -3
100
AcDbMText
 10
247.186486235501
 20
87.55193454623497
 30
0
210
0
220
0
230
1
 11
1
 21
0
 31
0
 40
4
 41
185.0000000000002
 46
26.88027983871361
 71
     1
 72
     1
  1
{\Q15;Технические требования по ОСТ 4Г 0.070.014.}
  7
ГОСТ 2.304
 73
     1
 44
1
1001
ACAD
1000
ACAD_MTEXT_DEFINED_HEIGHT_BEGIN
1070
    46
1040
26.88027983871361
1000
ACAD_MTEXT_DEFINED_HEIGHT_END
  0
CIRCLE
  5
52E
102
{ACAD_REACTORS
330
545
102
}
330
1F
100
AcDbEntity
  8
Корпус
100
AcDbCircle
 10
72.84431034727504
 20
184.9548394444142
 30
0
 40
1.5
  0
LINE
  5
52F
102
{ACAD_REACTORS
330
533
102
}
330
1F
100
AcDbEntity
  8
Размеры
  6
ГОСТ 2.303 5
100
AcDbLine
 10
70.84431034727504
 20
184.9548394444142
 30
0
 11
74.84431034727504
 21
184.9548394444142
 31
0
  0
LINE
  5
530
330
1F
100
AcDbEntity
  8
Размеры
  6
ГОСТ 2.303 5
100
AcDbLine
 10
72.84431034700128
 20
182.9548394444142
 30
0
 11
72.84431034700128
 21
186.9548394444142
 31
0
  0
DIMENSION
  5
531
102
{ACAD_REACTORS
330
533
102
}
102
{ACAD_XDICTIONARY
360
532
102
}
330
1F
100
AcDbEntity
  8
Размеры
100
AcDbDimension
280
     0
  2
*D24
 10
47.34431034727504
 20
182.9548394444142
 30
0
 11
47.34431034727504
 21
176.9548394444142
 31
0
 70
   160
  1

 71
     5
 42
2
 73
     0
 74
     0
 75
     0
  3
GOSTMTM
100
AcDbAlignedDimension
 13
70.84431034727504
 23
184.9548394444142
 33
0
 14
72.84431034728595
 24
182.9548394444142
 34
0
 52
0
 50
90
100
AcDbRotatedDimension
1001
ACAD
1000
DSTYLE
1002
{
1070
   340
1005
3B6
1070
   144
1040
1
1070
    40
1040
1
1070
   173
1070
     1
1070
   343
1005
0
1070
   342
1005
0
1070
   344
1005
0
1070
   283
1070
     1
1002
}
  0
DIMENSION
  5
543
102
{ACAD_REACTORS
330
545
102
}
102
{ACAD_XDICTIONARY
360
544
102
}
330
1F
100
AcDbEntity
  8
Размеры
100
AcDbDimension
280
     0
  2
*D25
 10
73.53775906652891
 20
186.2849254844001
 30
0
 11
59.39574542173521
 21
159.1594951476504
 31
0
 70
   163
  1
{\Q0;%%c}3х7±0,5
 71
     5
 42
2.999999999999983
 73
     0
 74
     0
 75
     0
  3
GOSTMTM
100
AcDbDiametricDimension
 15
72.15086162802118
 25
183.6247534044285
 35
0
 40
0
1001
ACAD_DSTYLE_DIMRADIAL_EXTENSION
1070
   387
1070
     1
1070
   388
1040
0
1070
   390
1040
0
1001
ACAD
1000
DSTYLE
1002
{
1070
    75
1070
     1
1070
    76
1070
     1
1070
   340
1005
3B6
1070
   279
1070
     1
1070
   144
1040
1
1070
    40
1040
1
1070
   173
1070
     1
1070
   344
1005
0
1070
   342
1005
0
1070
   343
1005
0
1070
   283
1070
     1
1002
}
  0
ARC
  5
551
330
1F
100
AcDbEntity
  8
Корпус
100
AcDbCircle
 10
72.84431034614636
 20
208.9548394441596
 30
0
 40
22.99999999999818
100
AcDbArc
 50
272.7267736366211
 51
267.2732263687682
  0
TEXT
  5
552
330
1F
100
AcDbEntity
  8
Рамка
370
    -3
 62
     7
100
AcDbText
 10
351.9364862355014
 20
65.48872027666278
 30
0
 40
5.999999999999997
  1
714761.000
 51
14.99999999999946
  7
GOST
 72
     1
 11
372.1864862355014
 21
65.48872027666278
 31
0
100
AcDbText
  0
TEXT
  5
553
330
1F
100
AcDbEntity
  8
Рамка
  6
Continuous
370
    -3
 62
     7
100
AcDbText
 10
333.5843091738934
 20
29.4552200579061
 30
0
 40
4
  1
60-В ГОСТ 2590-88
 41
0.77
 51
14.99999999999997
  7
GOST
 11
0
 21
0
 31
0
100
AcDbText
  0
TEXT
  5
554
330
1F
100
AcDbEntity
  8
Рамка
  6
Continuous
370
    -3
 62
     7
100
AcDbText
 10
314.0075895971731
 20
26.83088143356747
 30
0
 40
4
  1
Круг
 41
0.77
 51
14.99999999999997
  7
GOST
 11
0
 21
0
 31
0
100
AcDbText
  0
TEXT
  5
555
330
1F
100
AcDbEntity
  8
Рамка
  6
Continuous
370
    -3
 62
     7
100
AcDbText
 10
324.4202880098728
 20
23.35998196266758
 30
0
 40
4
  1
08Х18Н10Т-б ГОСТ 5949-75
 41
0.77
 51
14.99999999999997
  7
GOST
 11
0
 21
0
 31
0
100
AcDbText
  0
LINE
  5
556
330
1F
100
AcDbEntity
  8
Рамка
370
    -3
 62
     7
100
AcDbLine
 10
324.8224044119888
 20
28.27003487271998
 30
0
 11
379.1716107611956
 21
28.27003487271998
 31
0
  0
TEXT
  5
557
330
1F
100
AcDbEntity
  8
Рамка
370
    -3
 62
     7
100
AcDbText
 10
93.26368283582224
 20
303.4887202766628
 30
0
 40
4.999999999999999
  1
714761.000
 50
180
 51
15.00000000000004
  7
GOST
 11
0
 21
0
 31
0
100
AcDbText
  0
MTEXT
  5
558
330
1F
100
AcDbEntity
  8
Рамка
370
    -3
100
AcDbMText
 10
25.05704459266462
 20
165.2128527225133
 30
0
210
0
220
0
230
1
 11
3.061616997868383E-16
 21
1
 31
0
 40
3
 41
23.38606533470074
 46
14.13013303025963
 71
     1
 72
     1
  1
\pxqc;{\H0.83333x;\W0.7;Система контроля \Pи регулирования\Pпроцессов\Pнейтрализации}
  7
GOST
 73
     1
 44
0.6249999999999999
1001
ACAD
1000
ACAD_MTEXT_DEFINED_HEIGHT_BEGIN
1070
    46
1040
14.13013303025963
1000
ACAD_MTEXT_DEFINED_HEIGHT_END
  0
LINE
  5
559
330
1F
100
AcDbEntity
  8
Корпус
 62
     7
100
AcDbLine
 10
289.4150220441593
 20
254.9548394461206
 30
0
 11
285.950920430007
 21
260.9548394444139
 31
0
  0
LINE
  5
55A
102
{ACAD_REACTORS
330
5AD
330
5BC
102
}
330
1F
100
AcDbEntity
  8
Корпус
 62
     7
100
AcDbLine
 10
289.4150220441593
 20
254.9548394461206
 30
0
 11
289.4150220441593
 21
162.9548394427081
 31
0
  0
LINE
  5
55B
102
{ACAD_REACTORS
330
605
102
}
330
1F
100
AcDbEntity
  8
Корпус
 62
     7
100
AcDbLine
 10
167.4150220441593
 20
250.9548394444143
 30
0
 11
167.4150220441593
 21
166.9548394444143
 31
0
  0
HATCH
  5
55C
330
1F
100
AcDbEntity
  8
Размеры
100
AcDbHatch
 10
0
 20
0
 30
0
210
0
220
0
230
1
  2
ANSI31
 70
     0
 71
     1
 91
        2
 92
        7
 72
     1
 73
     1
 93
        9
 10
217.9188916469726
 20
178.9548394444143
 42
0
 10
243.325366003723
 20
178.9548394444143
 42
-0.4748257021000725
 10
235.41502204416
 20
157.5031223671827
 42
0
 10
235.4150220441611
 20
169.4548392678087
 42
0.414213562373095
 10
233.4150218675554
 20
171.4548394444143
 42
0
 10
227.829235391268
 20
171.4548394444144
 42
0.1989123673796057
 10
227.1221289775646
 20
171.1619463778178
 42
0
 10
226.1630220441603
 20
170.2028394444139
 42
0
 10
215.9233285066124
 20
170.2028394444139
 42
-0.1558188109331601
 97
        8
330
55D
330
55E
330
560
330
55F
330
566
330
561
330
563
330
600
 92
        7
 72
     1
 73
     1
 93
        4
 10
215.9233285066125
 20
170.2028394444139
 42
0
 10
226.1630220441603
 20
170.2028394444139
 42
0
 10
222.9150220441593
 20
166.9548394444143
 42
0
 10
216.5732059196566
 20
166.9548394444143
 42
-0.05631229168547881
 97
        4
330
560
330
563
330
600
330
5F0
 75
     0
 76
     1
 52
0
 41
2
 77
     0
 78
     1
 53
45
 43
-144.3430551943889
 44
-267.9646512010025
 45
-4.490128060534576
 46
4.490128060534577
 79
     0
 47
0
 98
        2
 10
234.471947146229
 20
174.146054630063
 10
219.9223212110669
 20
168.3262042559979
  0
LINE
  5
55D
102
{ACAD_REACTORS
330
55C
102
}
330
1F
100
AcDbEntity
  8
Корпус
 62
     7
100
AcDbLine
 10
227.8292356065326
 20
171.4548394444143
 30
0
 11
233.4150220441611
 21
171.4548394444143
 31
0
  0
LINE
  5
55E
102
{ACAD_REACTORS
330
55C
102
}
330
1F
100
AcDbEntity
  8
Корпус
 62
     7
100
AcDbLine
 10
235.4150220441593
 20
149.9548394444143
 30
0
 11
235.4150220441611
 21
169.4548394415845
 31
0
  0
ARC
  5
55F
102
{ACAD_REACTORS
330
55C
102
}
330
1F
100
AcDbEntity
  8
Корпус
 62
     7
100
AcDbCircle
 10
233.4150218675554
 20
169.4548392678087
 30
0
 40
2.000000176605689
100
AcDbArc
 50
4.978313060379714E-06
 51
89.99999502165173
1001
McsXdata5
1071
      167
1004
06000000000000008B0000001C000000E304000000000000000000001F050A025C020509020FEE020C4D43535F46494C4C45545F3109020FEE020C4D43535F46494C4C45545F3209020FEE020C4D43535F46494C4C45545F3309020FEE020C4D43535F46494C4C45545F3409020FEE020C4D43535F46494C4C45545F351202
1004
2602050201030201030202020103020326020102010302012202010302012202010302010302011A
  0
LINE
  5
560
102
{ACAD_REACTORS
330
55C
102
}
330
1F
100
AcDbEntity
  8
Корпус
 62
     7
100
AcDbLine
 10
227.122128825346
 20
171.1619462255992
 30
0
 11
222.9150220441593
 21
166.9548394444143
 31
0
  0
ARC
  5
561
102
{ACAD_REACTORS
330
55C
102
}
330
1F
100
AcDbEntity
  8
Корпус
 62
     7
100
AcDbCircle
 10
227.829235391268
 20
170.4548399641142
 30
0
 40
0.9999994803001987
100
AcDbArc
 50
89.99998765706552
 51
135.000012334056
1001
McsXdata5
1071
      173
1004
0600000000000000910000001C000000E304000000000000000000001F050A025C020509020FEE020C4D43535F46494C4C45545F3109020FEE020C4D43535F46494C4C45545F3209020FEE020C4D43535F46494C4C45545F3309020FEE020C4D43535F46494C4C45545F3409020FEE020C4D43535F46494C4C45545F351202
1004
2C02050201030201030202020103020306000000000000E03F02010302012202010302012202010302010302011A
  0
LINE
  5
562
330
1F
100
AcDbEntity
  8
Корпус
370
    30
 62
     7
100
AcDbLine
 10
167.4150220441593
 20
247.7068394444148
 30
0
 11
226.1630220441662
 21
247.7068394444111
 31
0
  0
LINE
  5
563
102
{ACAD_REACTORS
330
55C
102
}
330
1F
100
AcDbEntity
  8
Корпус
370
    30
 62
     7
100
AcDbLine
 10
167.4150220441593
 20
170.2028394444139
 30
0
 11
226.1630220441607
 21
170.2028394444139
 31
0
  0
LINE
  5
564
102
{ACAD_REACTORS
330
5E7
102
}
330
1F
100
AcDbEntity
  8
Корпус
100
AcDbLine
 10
251.4150220441593
 20
242.9548394444143
 30
0
 11
257.000808481786
 21
242.9548394444143
 31
0
  0
LWPOLYLINE
  5
565
330
1F
100
AcDbEntity
  8
Корпус
 62
     7
100
AcDbPolyline
 90
        3
 70
     0
 43
0
 10
249.4150220441593
 20
156.9548394444148
 10
249.4150220441593
 20
149.9548394444143
 10
235.4150220441593
 20
149.9548394444143
  0
LINE
  5
566
102
{ACAD_REACTORS
330
55C
102
}
330
1F
100
AcDbEntity
  8
Корпус
100
AcDbLine
 10
249.4150220441593
 20
178.9548394444143
 30
0
 11
184.4150220441593
 21
178.9548394444143
 31
0
  0
LINE
  5
567
102
{ACAD_REACTORS
330
5BC
102
}
330
1F
100
AcDbEntity
  8
Корпус
100
AcDbLine
 10
179.1033995676139
 20
188.1548394444142
 30
0
 11
184.4150220441593
 21
178.9548394444143
 31
0
  0
LINE
  5
568
102
{ACAD_REACTORS
330
5E7
102
}
330
1F
100
AcDbEntity
  8
Корпус
100
AcDbLine
 10
249.4150220441593
 20
238.9548394444143
 30
0
 11
184.4150220441593
 21
238.9548394444143
 31
0
  0
LINE
  5
569
330
1F
100
AcDbEntity
  8
Корпус
100
AcDbLine
 10
179.1033995676139
 20
229.7548394444141
 30
0
 11
184.4150220441593
 21
238.9548394444143
 31
0
  0
LINE
  5
56A
330
1F
100
AcDbEntity
  8
Корпус
100
AcDbLine
 10
184.4150220441593
 20
178.9548394444143
 30
0
 11
184.4150220441593
 21
238.9548394444143
 31
0
  0
LINE
  5
56B
330
1F
100
AcDbEntity
  8
Размеры
  6
ГОСТ 2.303 6
100
AcDbLine
 10
291.4150220441593
 20
208.9548394444143
 30
0
 11
165.4150220441593
 21
208.9548394444143
 31
0
  0
DIMENSION
  5
56C
102
{ACAD_REACTORS
330
56E
102
}
102
{ACAD_XDICTIONARY
360
56D
102
}
330
1F
100
AcDbEntity
  8
Размеры
100
AcDbDimension
280
     0
  2
*D26
 10
157.4150220441593
 20
188.1548394444142
 30
0
 11
157.4150220441593
 21
208.9548394444141
 31
0
 70
   160
  1
\A1;{\Q0;%%C}<> \S+0.2100^;
 71
     5
 42
20.79999999999995
 73
     0
 74
     0
 75
     0
  3
GOSTMTM
100
AcDbAlignedDimension
 13
169.4150220441556
 23
229.7548394444141
 33
0
 14
169.4150220441556
 24
188.1548394444142
 34
0
 52
0
 50
-90.00000000000001
100
AcDbRotatedDimension
1001
ACAD
1000
DSTYLE
1002
{
1070
   340
1005
3B6
1070
   144
1040
0.5
1070
    40
1040
1
1070
   173
1070
     1
1070
   343
1005
0
1070
   342
1005
0
1070
   344
1005
0
1070
   283
1070
     1
1002
}
  0
DIMENSION
  5
57B
102
{ACAD_REACTORS
330
57D
102
}
102
{ACAD_XDICTIONARY
360
57C
102
}
330
1F
100
AcDbEntity
  8
Размеры
100
AcDbDimension
280
     0
  2
*D27
 10
147.4150220441593
 20
178.9548394444143
 30
0
 11
144.5522580718421
 21
208.9548394444143
 31
0
 70
    32
  1
{\Q0;%%C}<> H12 
 71
     5
 42
30
 73
     0
 74
     0
 75
     0
  3
GOSTMTM
100
AcDbAlignedDimension
 13
184.4150220441593
 23
238.9548394444143
 33
0
 14
184.4150220441593
 24
178.9548394444143
 34
0
 52
0
 50
-90.00000000000001
100
AcDbRotatedDimension
1001
ACAD
1000
DSTYLE
1002
{
1070
   340
1005
3B6
1070
   144
1040
0.5
1070
    40
1040
1
1070
   173
1070
     1
1070
   343
1005
0
1070
   342
1005
0
1070
   344
1005
0
1070
   283
1070
     1
1002
}
  0
DIMENSION
  5
58A
102
{ACAD_REACTORS
330
58C
102
}
102
{ACAD_XDICTIONARY
360
58B
102
}
330
1F
100
AcDbEntity
  8
Размеры
100
AcDbDimension
280
     0
  2
*D28
 10
305.4150220441593
 20
175.9548394444157
 30
0
 11
305.4150220441593
 21
208.954839444415
 31
0
 70
   160
  1
M<>х2-6F 
 71
     5
 42
32.99999999999932
 73
     0
 74
     0
 75
     0
  3
GOSTMTM
100
AcDbAlignedDimension
 13
289.4150220441593
 23
241.9548394444143
 33
0
 14
289.4150220441593
 24
175.9548394444157
 34
0
 52
0
 50
-90.00000000000001
100
AcDbRotatedDimension
1001
ACAD
1000
DSTYLE
1002
{
1070
   340
1005
3B6
1070
   144
1040
0.5
1070
    40
1040
1
1070
   173
1070
     1
1070
   343
1005
0
1070
   342
1005
0
1070
   344
1005
0
1070
   283
1070
     1
1002
}
  0
DIMENSION
  5
599
102
{ACAD_REACTORS
330
59B
102
}
102
{ACAD_XDICTIONARY
360
59A
102
}
330
1F
100
AcDbEntity
  8
Размеры
100
AcDbDimension
280
     0
  2
*D29
 10
196.6934687779803
 20
198.1817009283623
 30
0
 11
214.9977676368308
 21
215.4843591915276
 31
0
 70
   165
  1

 71
     5
 42
2.094395102393192
 73
     0
 74
     0
 75
     0
  3
GOSTMTM
100
AcDb3PointAngularDimension
 13
184.4150220441593
 23
238.9548394444143
 33
0
 14
184.4150220441593
 24
178.9548394444143
 34
0
 15
167.0945139684704
 25
208.9548394444143
 35
0
1001
ACAD
1000
DSTYLE
1002
{
1070
   340
1005
3B6
1070
   144
1040
1
1070
    40
1040
1
1070
   173
1070
     1
1070
   343
1005
0
1070
   342
1005
0
1070
   344
1005
0
1070
   272
1070
     0
1070
   283
1070
     1
1002
}
  0
DIMENSION
  5
5AB
102
{ACAD_REACTORS
330
5AD
102
}
102
{ACAD_XDICTIONARY
360
5AC
102
}
330
1F
100
AcDbEntity
  8
Размеры
100
AcDbDimension
280
     0
  2
*D30
 10
289.4150220441593
 20
139.9548394444143
 30
0
 11
269.4150220441593
 21
143.1347607042569
 31
0
 70
    32
  1
<>±0,2
 71
     5
 42
20
 73
     0
 74
     0
 75
     0
  3
GOSTMTM
100
AcDbAlignedDimension
 13
249.4150220441593
 23
176.9548389676318
 33
0
 14
289.4150220441593
 24
162.9548394427081
 34
0
 52
0
100
AcDbRotatedDimension
1001
ACAD
1000
DSTYLE
1002
{
1070
   340
1005
3B6
1070
   144
1040
0.5
1070
    40
1040
1
1070
   173
1070
     1
1070
   343
1005
0
1070
   342
1005
0
1070
   344
1005
0
1070
   283
1070
     1
1002
}
  0
DIMENSION
  5
5BA
102
{ACAD_REACTORS
330
5BC
102
}
102
{ACAD_XDICTIONARY
360
5BB
102
}
330
1F
100
AcDbEntity
  8
Размеры
100
AcDbDimension
280
     0
  2
*D31
 10
289.4150220441593
 20
109.3325116385699
 30
0
 11
236.9150220441593
 21
112.5124328984125
 31
0
 70
    32
  1
<>±0,5
 71
     5
 42
52.5
 73
     0
 74
     0
 75
     0
  3
GOSTMTM
100
AcDbAlignedDimension
 13
184.4150220441593
 23
178.9548394444143
 33
0
 14
289.4150220441593
 24
162.9548394427081
 34
0
 52
0
100
AcDbRotatedDimension
1001
ACAD
1000
DSTYLE
1002
{
1070
   340
1005
3B6
1070
   144
1040
0.5
1070
    40
1040
1
1070
   173
1070
     1
1070
   343
1005
0
1070
   342
1005
0
1070
   344
1005
0
1070
   283
1070
     1
1002
}
  0
DIMENSION
  5
5C9
102
{ACAD_REACTORS
330
5CB
330
62D
102
}
102
{ACAD_XDICTIONARY
360
5CA
102
}
330
1F
100
AcDbEntity
  8
Размеры
100
AcDbDimension
280
     0
  2
*D32
 10
289.4150220441593
 20
101.3325116385699
 30
0
 11
228.4150220441593
 21
104.1124328984125
 31
0
 70
    32
  1
<> h12 
 71
     5
 42
61
 73
     0
 74
     0
 75
     0
  3
GOSTMTM
100
AcDbAlignedDimension
 13
167.4150220441593
 23
166.9548394444143
 33
0
 14
289.4150220441593
 24
162.9548394427081
 34
0
 52
0
100
AcDbRotatedDimension
1001
ACAD
1000
DSTYLE
1002
{
1070
   147
1040
0.625
1070
   340
1005
3B6
1070
   144
1040
0.5
1070
    40
1040
1
1070
   173
1070
     1
1070
   343
1005
0
1070
   342
1005
0
1070
   344
1005
0
1070
   283
1070
     1
1002
}
  0
LINE
  5
5D8
102
{ACAD_REACTORS
330
5AD
102
}
330
1F
100
AcDbEntity
  8
Корпус
100
AcDbLine
 10
257.4150220441593
 20
175.9548394444143
 30
0
 11
257.4150220441593
 21
241.9548394444143
 31
0
  0
LINE
  5
5D9
102
{ACAD_REACTORS
330
5E7
102
}
330
1F
100
AcDbEntity
  8
Корпус
100
AcDbLine
 10
260.5800220441638
 20
239.7898394444098
 30
0
 11
289.4150220441593
 21
239.7898394444098
 31
0
  0
LINE
  5
5DA
102
{ACAD_REACTORS
330
5E7
102
}
330
1F
100
AcDbEntity
  8
Корпус
370
    30
 62
     7
100
AcDbLine
 10
258.4150220441593
 20
241.9548394444143
 30
0
 11
289.4150220441593
 21
241.9548394444143
 31
0
  0
ARC
  5
5DB
102
{ACAD_REACTORS
330
5E7
102
}
330
1F
100
AcDbEntity
  8
Корпус
100
AcDbCircle
 10
251.4150220441575
 20
240.9548394444157
 30
0
 40
1.999999999998352
100
AcDbArc
 50
89.99999999994789
 51
180
1001
McsXdata5
1071
      165
1004
0600000000000000890000001C000000E304000000000000000000001F050A025C020509020FEE020C4D43535F46494C4C45545F3109020FEE020C4D43535F46494C4C45545F3209020FEE020C4D43535F46494C4C45545F3309020FEE020C4D43535F46494C4C45545F3409020FEE020C4D43535F46494C4C45545F351202
1004
240205020103020103020202010302032602010201030201220201030201220201030201221A
  0
ARC
  5
5DC
102
{ACAD_REACTORS
330
5E7
102
}
330
1F
100
AcDbEntity
  8
Корпус
100
AcDbCircle
 10
257.0008084817787
 20
241.9548394443966
 30
0
 40
1.000000000017372
100
AcDbArc
 50
45.00000000039152
 51
89.99999999958312
1001
McsXdata5
1071
      171
1004
06000000000000008F0000001C000000E304000000000000000000001F050A025C020509020FEE020C4D43535F46494C4C45545F3109020FEE020C4D43535F46494C4C45545F3209020FEE020C4D43535F46494C4C45545F3309020FEE020C4D43535F46494C4C45545F3409020FEE020C4D43535F46494C4C45545F351202
1004
2A02050201030201030202020103020306000000000000E03F0201030201220201030201220201030201221A
  0
LINE
  5
5DD
330
1F
100
AcDbEntity
  8
Корпус
100
AcDbLine
 10
251.4150220441593
 20
174.9548394444143
 30
0
 11
257.000808481786
 21
174.9548394444143
 31
0
  0
LINE
  5
5DE
330
1F
100
AcDbEntity
  8
Корпус
100
AcDbLine
 10
260.580022044162
 20
178.1198394444184
 30
0
 11
289.4150220441593
 21
178.1198394444184
 31
0
  0
LINE
  5
5DF
330
1F
100
AcDbEntity
  8
Корпус
370
    30
 62
     7
100
AcDbLine
 10
258.4150220441593
 20
175.9548394444143
 30
0
 11
289.4150220441593
 21
175.9548394444143
 31
0
  0
ARC
  5
5E0
330
1F
100
AcDbEntity
  8
Корпус
100
AcDbCircle
 10
251.4150220441575
 20
176.9548394444125
 30
0
 40
1.999999999998352
100
AcDbArc
 50
180
 51
270.0000000000521
1001
McsXdata5
1071
      165
1004
0600000000000000890000001C000000E304000000000000000000001F050A025C020509020FEE020C4D43535F46494C4C45545F3109020FEE020C4D43535F46494C4C45545F3209020FEE020C4D43535F46494C4C45545F3309020FEE020C4D43535F46494C4C45545F3409020FEE020C4D43535F46494C4C45545F351202
1004
240205020103020103020202010302032602010201030201220201030201220201030201221A
  0
ARC
  5
5E1
330
1F
100
AcDbEntity
  8
Корпус
100
AcDbCircle
 10
257.0008084817787
 20
175.9548394444316
 30
0
 40
1.000000000017372
100
AcDbArc
 50
270.0000000004169
 51
314.9999999996039
1001
McsXdata5
1071
      171
1004
06000000000000008F0000001C000000E304000000000000000000001F050A025C020509020FEE020C4D43535F46494C4C45545F3109020FEE020C4D43535F46494C4C45545F3209020FEE020C4D43535F46494C4C45545F3309020FEE020C4D43535F46494C4C45545F3409020FEE020C4D43535F46494C4C45545F351202
1004
2A02050201030201030202020103020306000000000000E03F0201030201220201030201220201030201221A
  0
LINE
  5
5E2
330
1F
100
AcDbEntity
  8
Корпус
100
AcDbLine
 10
260.5800220441638
 20
239.7898394444098
 30
0
 11
260.580022044162
 21
178.1198394444184
 31
0
  0
CIRCLE
  5
5E3
102
{ACAD_REACTORS
330
5E7
330
6AF
102
}
330
1F
100
AcDbEntity
  8
Размеры
100
AcDbCircle
 10
254.7096534287343
 20
240.0142391504667
 30
0
 40
14.75202476984276
  0
LINE
  5
5E4
102
{ACAD_REACTORS
330
5E7
102
}
330
1F
100
AcDbEntity
  8
Корпус
100
AcDbLine
 10
257.7079152629726
 20
242.6619462256006
 30
0
 11
260.5800220441638
 21
239.7898394444098
 31
0
  0
LINE
  5
5E5
102
{ACAD_REACTORS
330
5E7
102
}
330
1F
100
AcDbEntity
  8
Корпус
100
AcDbLine
 10
249.4150220441593
 20
176.9548389676318
 30
0
 11
249.4150220441593
 21
240.9548394444157
 31
0
  0
LINE
  5
5E6
330
1F
100
AcDbEntity
  8
Корпус
100
AcDbLine
 10
257.7079152629726
 20
175.2477326632277
 30
0
 11
260.580022044162
 21
178.1198394444184
 31
0
  0
HATCH
  5
5E7
330
1F
100
AcDbEntity
  8
Размеры
100
AcDbHatch
 10
0
 20
0
 30
0
210
0
220
0
230
1
  2
ANSI31
 70
     0
 71
     1
 91
        2
 92
        7
 72
     1
 73
     1
 93
        8
 10
239.9957176169649
 20
238.9548394444143
 42
-0.9704145969144982
 10
269.3334800589014
 20
241.9548394444143
 42
0
 10
258.4150220441589
 20
241.9548394444143
 42
0
 10
257.7079152629775
 20
242.6619462255955
 42
0.1989123673796371
 10
257.0008084817787
 20
242.9548394444143
 42
0
 10
251.4150220441575
 20
242.9548394444141
 42
0.414213562373095
 10
249.4150220441593
 20
240.9548394444157
 42
0
 10
249.4150220441593
 20
238.9548394444143
 42
0
 97
        8
330
564
330
568
330
5DB
330
5DC
330
5E3
330
5E4
330
5DA
330
5E5
 92
        7
 72
     1
 73
     1
 93
        4
 10
258.4150220441589
 20
241.9548394444143
 42
0
 10
269.3334800589014
 20
241.9548394444143
 42
-0.0368022243196103
 10
269.4599713772389
 20
239.7898394444098
 42
0
 10
260.5800220441638
 20
239.7898394444098
 42
0
 97
        4
330
5D9
330
5E3
330
5E4
330
5DA
 75
     0
 76
     1
 52
0
 41
2
 77
     0
 78
     1
 53
45
 43
-128.3430551943889
 44
-267.9646512010025
 45
-4.490128060534576
 46
4.490128060534577
 79
     0
 47
0
 98
        2
 10
253.5885936807485
 20
251.0607879062975
 10
262.0053930893087
 20
240.7434208893521
  0
LINE
  5
5E8
330
1F
100
AcDbEntity
  8
Корпус
 62
     7
100
AcDbLine
 10
222.9150220441629
 20
250.9548394444143
 30
0
 11
227.1221288253496
 21
246.7477326632277
 31
0
  0
ARC
  5
5E9
330
1F
100
AcDbEntity
  8
Корпус
 62
     7
100
AcDbCircle
 10
227.829235569558
 20
247.4548393551365
 30
0
 40
0.9999999107238288
100
AcDbArc
 50
224.999997881136
 51
270.000002118697
  0
LINE
  5
5EA
330
1F
100
AcDbEntity
  8
Корпус
 62
     7
100
AcDbLine
 10
227.8292356065363
 20
246.4548394444125
 30
0
 11
233.4150220441593
 21
246.4548394444162
 31
0
  0
ARC
  5
5EB
330
1F
100
AcDbEntity
  8
Корпус
 62
     7
100
AcDbCircle
 10
233.4150219407061
 20
248.4548395478694
 30
0
 40
2.000000103453206
100
AcDbArc
 50
270.0000029637158
 51
359.9999970424413
  0
LINE
  5
5EC
330
1F
100
AcDbEntity
  8
Корпус
 62
     7
100
AcDbLine
 10
235.4150220441593
 20
248.4548394446313
 30
0
 11
235.4150220441593
 21
267.9548394444143
 31
0
  0
LINE
  5
5ED
102
{ACAD_REACTORS
330
5F3
102
}
330
1F
100
AcDbEntity
  8
Корпус
 62
     7
100
AcDbLine
 10
235.4150220441593
 20
267.9548394444143
 30
0
 11
249.4150220441593
 21
267.9548394444143
 31
0
  0
LINE
  5
5EE
330
1F
100
AcDbEntity
  8
Корпус
 62
     7
100
AcDbLine
 10
249.4150220441593
 20
267.9548394444143
 30
0
 11
249.4150220441593
 21
260.9548394444139
 31
0
  0
LINE
  5
5EF
102
{ACAD_REACTORS
330
62D
102
}
330
1F
100
AcDbEntity
  8
Корпус
 62
     7
100
AcDbLine
 10
167.4150220441593
 20
250.9548394444143
 30
0
 11
222.9150220441629
 21
250.9548394444143
 31
0
  0
LINE
  5
5F0
102
{ACAD_REACTORS
330
55C
102
}
330
1F
100
AcDbEntity
  8
Корпус
 62
     7
100
AcDbLine
 10
167.4150220441593
 20
166.9548394444143
 30
0
 11
222.9150220441593
 21
166.9548394444143
 31
0
  0
DIMENSION
  5
5F1
102
{ACAD_REACTORS
330
5F3
102
}
102
{ACAD_XDICTIONARY
360
5F2
102
}
330
1F
100
AcDbEntity
  8
Размеры
100
AcDbDimension
280
     0
  2
*D33
 10
167.4150220441593
 20
277.9548394444143
 30
0
 11
201.4150220441593
 21
281.1347607042568
 31
0
 70
    32
  1
<>±0,2
 71
     5
 42
34
 73
     0
 74
     0
 75
     0
  3
GOSTMTM
100
AcDbAlignedDimension
 13
235.4150220441593
 23
267.9548394444143
 33
0
 14
167.4150220441593
 24
250.9548394444143
 34
0
 52
0
100
AcDbRotatedDimension
1001
ACAD
1000
DSTYLE
1002
{
1070
   340
1005
3B6
1070
   144
1040
0.5
1070
    40
1040
1
1070
   173
1070
     1
1070
   343
1005
0
1070
   342
1005
0
1070
   344
1005
0
1070
   283
1070
     1
1002
}
  0
CIRCLE
  5
600
102
{ACAD_REACTORS
330
5E7
330
55C
102
}
330
1F
100
AcDbEntity
  8
Размеры
100
AcDbCircle
 10
230.6221288253478
 20
171.4548394444143
 30
0
 40
14.75202476984276
  0
LINE
  5
601
330
1F
100
AcDbEntity
  8
Корпус
100
AcDbLine
 10
167.4150220441556
 20
241.1548394444142
 30
0
 11
169.4150220441556
 21
241.1548394444142
 31
0
  0
LINE
  5
602
102
{ACAD_REACTORS
330
605
330
61B
102
}
330
1F
100
AcDbEntity
  8
Корпус
100
AcDbLine
 10
169.4150220441556
 20
176.7548394444141
 30
0
 11
167.4150220441593
 21
176.7548394444141
 31
0
  0
DIMENSION
  5
603
102
{ACAD_REACTORS
330
605
102
}
102
{ACAD_XDICTIONARY
360
604
102
}
330
1F
100
AcDbEntity
  8
Размеры
100
AcDbDimension
280
     0
  2
*D34
 10
167.4150220441593
 20
139.9548394444143
 30
0
 11
155.4150220441593
 21
139.9548394444143
 31
0
 70
   160
  1

 71
     5
 42
0.999999999998181
 73
     0
 74
     0
 75
     0
  3
GOSTMTM
100
AcDbAlignedDimension
 13
169.4150220441556
 23
182.7548394444141
 33
0
 14
167.4150220441593
 24
172.9548394444143
 34
0
 52
0
100
AcDbRotatedDimension
1001
ACAD
1000
DSTYLE
1002
{
1070
   340
1005
3B6
1070
   144
1040
0.5
1070
    40
1040
1
1070
   173
1070
     1
1070
   343
1005
0
1070
   342
1005
0
1070
   344
1005
0
1070
   283
1070
     1
1002
}
  0
LINE
  5
615
330
1F
100
AcDbEntity
  8
Корпус
100
AcDbLine
 10
169.4150220441556
 20
241.1548394444142
 30
0
 11
169.4150220441556
 21
176.7548394444141
 31
0
  0
LINE
  5
616
330
1F
100
AcDbEntity
  8
Корпус
 62
     7
100
AcDbLine
 10
249.4150220441593
 20
260.9548394444139
 30
0
 11
285.950920430007
 21
260.9548394444139
 31
0
  0
LINE
  5
617
330
1F
100
AcDbEntity
  8
Корпус
 62
     7
100
AcDbLine
 10
249.4150220441593
 20
156.9548394444148
 30
0
 11
285.950920430007
 21
156.9548394444148
 31
0
  0
LINE
  5
618
330
1F
100
AcDbEntity
  8
Корпус
 62
     7
100
AcDbLine
 10
289.4150220441593
 20
162.9548394427081
 30
0
 11
285.950920430007
 21
156.9548394444148
 31
0
  0
DIMENSION
  5
619
102
{ACAD_REACTORS
330
61B
102
}
102
{ACAD_XDICTIONARY
360
61A
102
}
330
1F
100
AcDbEntity
  8
Размеры
100
AcDbDimension
280
     0
  2
*D35
 10
137.4150220441593
 20
241.1548394444142
 30
0
 11
137.4150220441593
 21
208.9548394444141
 31
0
 70
   160
  1
\A1;{\Q0;%%C}<> \S+0.1600^;
 71
     5
 42
32.20000000000005
 73
     0
 74
     0
 75
     0
  3
GOSTMTM
100
AcDbAlignedDimension
 13
167.4150220441593
 23
176.7548394444141
 33
0
 14
167.4150220441556
 24
241.1548394444142
 34
0
 52
0
 50
90
100
AcDbRotatedDimension
1001
ACAD
1000
DSTYLE
1002
{
1070
   340
1005
3B6
1070
   144
1040
0.5
1070
    40
1040
1
1070
   173
1070
     1
1070
   343
1005
0
1070
   342
1005
0
1070
   344
1005
0
1070
   283
1070
     1
1002
}
  0
LINE
  5
628
330
1F
100
AcDbEntity
  8
Корпус
100
AcDbLine
 10
179.1033995676139
 20
229.7548394444141
 30
0
 11
169.4150220441556
 21
229.7548394444141
 31
0
  0
LINE
  5
629
330
1F
100
AcDbEntity
  8
Корпус
100
AcDbLine
 10
169.4150220441556
 20
188.1548394444142
 30
0
 11
179.1033995676139
 21
188.1548394444142
 31
0
  0
LINE
  5
62A
330
1F
100
AcDbEntity
  8
Корпус
100
AcDbLine
 10
179.1033995676139
 20
188.1548394444142
 30
0
 11
179.1033995676139
 21
229.7548394444141
 31
0
  0
DIMENSION
  5
62B
102
{ACAD_REACTORS
330
62D
102
}
102
{ACAD_XDICTIONARY
360
62C
102
}
330
1F
100
AcDbEntity
  8
Размеры
100
AcDbDimension
280
     0
  2
*D36
 10
127.4150220441593
 20
250.9548394444143
 30
0
 11
124.5522580718421
 21
208.9548394444143
 31
0
 70
    32
  1
M<>х3-6f
 71
     5
 42
42
 73
     0
 74
     0
 75
     0
  3
GOSTMTM
100
AcDbAlignedDimension
 13
167.4150220441593
 23
166.9548394444143
 33
0
 14
167.4150220441593
 24
250.9548394444143
 34
0
 52
0
 50
90
100
AcDbRotatedDimension
1001
ACAD
1000
DSTYLE
1002
{
1070
   340
1005
3B6
1070
   144
1040
0.5
1070
    40
1040
1
1070
   173
1070
     1
1070
   343
1005
0
1070
   342
1005
0
1070
   344
1005
0
1070
   283
1070
     1
1002
}
  0
LWPOLYLINE
  5
63A
330
1F
100
AcDbEntity
  8
Корпус
100
AcDbPolyline
 90
        2
 70
     0
 43
0
 10
275.4150220441593
 20
157.9548394444143
 10
273.6829712365893
 20
160.9548394444143
  0
LWPOLYLINE
  5
63B
330
1F
100
AcDbEntity
  8
Корпус
100
AcDbPolyline
 90
        2
 70
     0
 43
0
 10
275.4150220441593
 20
163.9548394444143
 10
273.6829712365893
 20
160.9548394444143
  0
LWPOLYLINE
  5
63C
330
1F
100
AcDbEntity
  8
Корпус
100
AcDbPolyline
 90
        4
 70
     0
 43
0
 10
277.4150220441593
 20
157.9548394444143
 10
275.4150220441593
 20
157.9548394444143
 10
275.4150220441593
 20
163.9548394444143
 10
289.4150220441593
 20
163.9548394444143
  0
LWPOLYLINE
  5
63D
330
1F
100
AcDbEntity
  8
Корпус
100
AcDbPolyline
 90
        2
 70
     0
 43
0
 10
277.4150220441593
 20
157.9548394444141
 10
283.4150220441593
 20
157.9548394444141
  0
LWPOLYLINE
  5
63E
330
1F
100
AcDbEntity
  8
Корпус
100
AcDbPolyline
 90
        2
 70
     0
 43
0
 10
286.5282706991961
 20
157.9548394444143
 10
283.4150220441593
 20
157.9548394444143
  0
DIMENSION
  5
63F
102
{ACAD_REACTORS
330
641
102
}
102
{ACAD_XDICTIONARY
360
640
102
}
330
1F
100
AcDbEntity
  8
Размеры
100
AcDbDimension
280
     0
  2
*D37
 10
289.4150220441593
 20
184.0907692637006
 30
0
 11
295.4267037496511
 21
184.0907692637006
 31
0
 70
   160
  1

 71
     5
 42
4.5
 73
     0
 74
     0
 75
     0
  3
GOSTMTM
100
AcDbAlignedDimension
 13
280.4150220441593
 23
160.9548394444141
 33
0
 14
289.4150220441593
 24
178.1198394444184
 34
0
 52
0
100
AcDbRotatedDimension
1001
ACAD
1000
DSTYLE
1002
{
1070
   340
1005
3B6
1070
   144
1040
0.5
1070
    40
1040
1
1070
   173
1070
     1
1070
   343
1005
0
1070
   342
1005
0
1070
   344
1005
0
1070
   283
1070
     1
1002
}
  0
HATCH
  5
64E
330
1F
100
AcDbEntity
  8
Размеры
100
AcDbHatch
 10
0
 20
0
 30
0
210
0
220
0
230
1
  2
ANSI31
 70
     0
 71
     0
 91
       13
 92
        7
 72
     0
 73
     1
 93
       18
 10
268.1112854535227
 20
166.5830610779001
 10
270.0369807796319
 20
167.7446172899911
 10
272.0257975277796
 20
168.6965884504871
 10
274.0626341178072
 20
169.449544786597
 10
276.1367850887596
 20
170.0151460525683
 10
278.2375449796787
 20
163.9548394444143
 10
275.4150220441593
 20
163.9548394444143
 10
273.6829712365893
 20
160.9548394444143
 10
275.4150220441593
 20
157.9548394444143
 10
277.4150220441593
 20
157.9548394444141
 10
277.4150220441593
 20
156.954839444415
 10
262.2916986689565
 20
156.954839444415
 10
262.2337554438059
 20
157.8285926591186
 10
262.350376811994
 20
158.9049841505519
 10
262.6005851640625
 20
159.9415688377646
 10
263.4633179167481
 20
161.8837277649061
 10
264.7314758536399
 20
163.6438857354697
 10
266.3118635181086
 20
165.2132583172142
 97
        0
 92
        7
 72
     0
 73
     1
 93
        7
 10
282.4760696775961
 20
170.7044169721285
 10
284.5935840742918
 20
170.6380480463347
 10
288.8106742407685
 20
170.1602188404556
 10
289.4150220441593
 20
170.0447314855046
 10
289.4150220441593
 20
163.9548394444143
 10
278.2375449796787
 20
163.9548394444143
 10
280.3542083296093
 20
170.6309223910864
 97
        0
 92
        7
 72
     0
 73
     1
 93
        4
 10
283.4150220441593
 20
157.9548394444137
 10
286.5282706991952
 20
157.9548394444134
 10
285.950920430007
 20
156.954839444415
 10
283.4150220441593
 20
156.954839444415
 97
        0
 92
        7
 72
     1
 73
     1
 93
       17
 10
249.4150220441593
 20
260.9548394444141
 42
0
 10
285.950920430007
 20
260.9548394444141
 42
0
 10
289.4150220441593
 20
254.9548394461206
 42
0
 10
289.4150220441593
 20
241.9548394444143
 42
0
 10
269.3334800589005
 20
241.9548394444143
 42
0.9704145969144945
 10
239.9957176169642
 20
238.9548394444143
 42
0
 10
184.4150220441593
 20
238.9548394444143
 42
0
 10
179.1033995676139
 20
229.7548394444141
 42
0
 10
169.4150220441556
 20
229.7548394444141
 42
0
 10
169.4150220441556
 20
241.1548394444142
 42
0
 10
226.1630220177281
 20
247.7068394444111
 42
0
 10
227.1221288155944
 20
246.7477326387386
 42
0.1989123684373333
 10
227.8292356075422
 20
246.4548394158965
 42
0
 10
233.4150219348908
 20
246.4548394444159
 42
0.414213562373095
 10
235.4150219352091
 20
248.4548394335595
 42
0
 10
235.4150220441593
 20
267.9548394444143
 42
0
 10
249.4150220441593
 20
267.9548394444143
 42
0
 97
        0
 92
        7
 72
     1
 73
     1
 93
        4
 10
269.3334800589005
 20
241.9548394444143
 42
0
 10
289.4150220441593
 20
241.9548394444143
 42
0
 10
289.4150220441593
 20
239.7898394444101
 42
0
 10
269.4599713772382
 20
239.7898394444098
 42
0.03680222431960505
 97
        0
 92
        7
 72
     0
 73
     1
 93
        4
 10
167.4150220441611
 20
250.9548394444143
 10
222.9150220441629
 20
250.9548394444143
 10
226.1630220177281
 20
247.7068394444111
 10
167.4150220441575
 20
241.1548394444142
 97
        0
 92
        7
 72
     1
 73
     1
 93
        6
 10
169.4150220441556
 20
188.1548394444142
 42
0
 10
179.1033995676139
 20
188.1548394444142
 42
0
 10
184.4150220441593
 20
178.9548394444143
 42
0
 10
217.9188916469725
 20
178.9548394444143
 42
0.1558188109331586
 10
215.9233285066116
 20
170.2028394444139
 42
0
 10
169.4150220441556
 20
176.7548394444141
 42
0
 97
        0
 92
        7
 72
     1
 73
     1
 93
        4
 10
167.4150220441575
 20
176.7548394444141
 42
0
 10
215.9233285066116
 20
170.2028394444139
 42
0.05631229168547947
 10
216.5732059196566
 20
166.9548394444143
 42
0
 10
167.4150220441611
 20
166.9548394444143
 42
0
 97
        0
 92
        7
 72
     1
 73
     1
 93
       30
 10
235.4150220441593
 20
157.5031223671829
 42
0.4748257021000633
 10
243.325366003723
 20
178.9548394444143
 42
0
 10
249.4150220441593
 20
178.9548394444143
 42
0
 10
249.4150220441593
 20
176.9548394444125
 42
0.414213562373095
 10
251.4150220441575
 20
174.9548394444143
 42
0
 10
257.0008084817787
 20
174.9548394444143
 42
0.198912367379658
 10
257.7079152629772
 20
175.2477326632327
 42
0
 10
258.4150220441593
 20
175.9548394444143
 42
0
 10
289.4150220441593
 20
175.9548394444143
 42
0
 10
289.4150220441593
 20
170.0447314855046
 42
0
 10
288.8106742407685
 20
170.1602188404556
 42
0
 10
284.5935840742918
 20
170.6380480463347
 42
0
 10
282.4760696775961
 20
170.7044169721285
 42
0
 10
280.3542083296093
 20
170.6309223910864
 42
0
 10
278.2375449796787
 20
163.9548394444143
 42
0
 10
276.1367850887596
 20
170.0151460525683
 42
0
 10
274.0626341178072
 20
169.449544786597
 42
0
 10
272.0257975277796
 20
168.6965884504871
 42
0
 10
270.0369807796319
 20
167.7446172899911
 42
0
 10
268.1112854535227
 20
166.5830610779001
 42
0
 10
266.3118635181086
 20
165.2132583172142
 42
0
 10
264.7314758536399
 20
163.6438857354697
 42
0
 10
263.4633179167481
 20
161.8837277649061
 42
0
 10
262.6005851640625
 20
159.9415688377646
 42
0
 10
262.350376811994
 20
158.9049841505519
 42
0
 10
262.2337554438059
 20
157.8285926591186
 42
0
 10
262.2916986689565
 20
156.954839444415
 42
0
 10
249.4150220441593
 20
156.9548394444148
 42
0
 10
249.4150220441593
 20
149.9548394444143
 42
0
 10
235.4150220441593
 20
149.9548394444143
 42
0
 97
        0
 92
        7
 72
     0
 73
     1
 93
        4
 10
260.5800220441629
 20
178.1198394444184
 10
289.4150220441593
 20
178.1198394444184
 10
289.4150220441593
 20
175.9548394444143
 10
258.4150220441593
 20
175.9548394444143
 97
        0
 92
        7
 72
     0
 73
     1
 93
       24
 10
276.1367850887596
 20
170.0151460525683
 10
278.2375449796787
 20
163.9548394444143
 10
280.3542083296093
 20
170.6309223910864
 10
282.4760696775961
 20
170.7044169721285
 10
284.5935840742918
 20
170.6380480463347
 10
288.8106742407685
 20
170.1602188404556
 10
289.4150220441593
 20
170.0447314855046
 10
289.4150220441593
 20
163.9548394444143
 10
275.4150220441593
 20
163.9548394444143
 10
273.6829712365893
 20
160.9548394444143
 10
275.4150220441593
 20
157.9548394444143
 10
277.4150220441593
 20
157.9548394444141
 10
277.4150220441593
 20
156.954839444415
 10
262.2916986689565
 20
156.954839444415
 10
262.2337554438059
 20
157.8285926591186
 10
262.350376811994
 20
158.9049841505519
 10
262.6005851640625
 20
159.9415688377646
 10
263.4633179167481
 20
161.8837277649061
 10
264.7314758536399
 20
163.6438857354697
 10
266.3118635181086
 20
165.2132583172142
 10
268.1112854535227
 20
166.5830610779001
 10
270.0369807796319
 20
167.7446172899911
 10
272.0257975277796
 20
168.6965884504871
 10
274.0626341178072
 20
169.449544786597
 97
        0
 92
        7
 72
     0
 73
     1
 93
        4
 10
283.4150220441593
 20
157.9548394444143
 10
286.5282706991961
 20
157.9548394444143
 10
285.950920430007
 20
156.954839444415
 10
283.4150220441593
 20
156.954839444415
 97
        0
 92
        7
 72
     0
 73
     1
 93
       24
 10
266.3118635181086
 20
165.2132583172142
 10
268.1112854535227
 20
166.5830610779001
 10
270.0369807796319
 20
167.7446172899911
 10
272.0257975277796
 20
168.6965884504871
 10
274.0626341178072
 20
169.449544786597
 10
276.1367850887596
 20
170.0151460525683
 10
278.2375449796787
 20
163.9548394444143
 10
280.3542083296093
 20
170.6309223910864
 10
282.4760696775961
 20
170.7044169721285
 10
284.5935840742918
 20
170.6380480463347
 10
288.8106742407685
 20
170.1602188404556
 10
289.4150220441593
 20
170.0447314855046
 10
289.4150220441593
 20
163.9548394444143
 10
275.4150220441593
 20
163.9548394444143
 10
273.6829712365893
 20
160.9548394444143
 10
275.4150220441593
 20
157.9548394444143
 10
277.4150220441593
 20
157.9548394444141
 10
277.4150220441593
 20
156.954839444415
 10
262.2916986689565
 20
156.954839444415
 10
262.2337554438059
 20
157.8285926591186
 10
262.350376811994
 20
158.9049841505519
 10
262.6005851640625
 20
159.9415688377646
 10
263.4633179167481
 20
161.8837277649061
 10
264.7314758536399
 20
163.6438857354697
 97
        0
 75
     0
 76
     1
 52
0
 41
2
 77
     0
 78
     1
 53
45
 43
-144.3430551943889
 44
-267.9646512010023
 45
-4.490128060534576
 46
4.490128060534577
 79
     0
 47
0
 98
       13
 10
276.8822551828403
 20
258.2672285034089
 10
278.654325554437
 20
241.255352936083
 10
189.6963929002945
 20
250.1157047940653
 10
177.2919002991189
 20
174.9799210383756
 10
178.0007284477574
 20
168.246053626309
 10
242.5040899738692
 20
156.5503891737724
 10
275.1101848112435
 20
176.7519914099719
 10
276.5278411085205
 20
166.4739832547125
 10
285.1584801405556
 20
157.364228899987
 10
267.2365042342358
 20
158.9043987044363
 10
269.7020885660754
 20
159.3725753211295
 10
283.7211341724828
 20
166.145822074787
 10
284.885012490618
 20
157.429861135972
1001
ACAD
1010
0
1020
0
1030
0
  0
CIRCLE
  5
64F
330
1F
100
AcDbEntity
  8
Корпус
100
AcDbCircle
 10
72.84431034700174
 20
208.9548394444142
 30
0
 40
10.25488372093023
  0
LINE
  5
650
330
1F
100
AcDbEntity
  8
Размеры
  6
Continuous
370
   100
 62
     7
100
AcDbLine
 10
280.4150220441593
 20
299.953581966064
 30
0
 11
280.4150220441593
 21
279.9535819660639
 31
0
1001
ACAD
1000
DSTYLE
1002
{
1070
    41
1040
7
1070
   176
1070
     1
1070
   371
1070
    25
1002
}
  0
TEXT
  5
651
330
1F
100
AcDbEntity
  8
Размеры
  6
Continuous
370
    25
 62
     7
100
AcDbText
 10
292.858575209445
 20
299.3173929921321
 30
0
 40
7.000000000000004
  1
В
 51
15.0000000019586
  7
GOST
 11
0
 21
0
 31
0
100
AcDbText
1001
ACAD
1000
DSTYLE
1002
{
1070
    41
1040
7
1070
   176
1070
     1
1070
   371
1070
    25
1002
}
  0
LINE
  5
652
330
1F
100
AcDbEntity
  8
Размеры
  6
Continuous
370
   100
 62
     7
100
AcDbLine
 10
280.4150220441738
 20
115.332511638569
 30
0
 11
280.4150220441738
 21
135.332511638569
 31
0
1001
ACAD
1000
DSTYLE
1002
{
1070
    41
1040
7
1070
   176
1070
     1
1070
   371
1070
    25
1002
}
  0
TEXT
  5
653
330
1F
100
AcDbEntity
  8
Размеры
  6
Continuous
370
    25
 62
     7
100
AcDbText
 10
292.8585752094596
 20
109.02938249314
 30
0
 40
7.000000000000004
  1
В
 51
15.0000000019586
  7
GOST
 11
0
 21
0
 31
0
100
AcDbText
1001
ACAD
1000
DSTYLE
1002
{
1070
    41
1040
7
1070
   176
1070
     1
1070
   371
1070
    25
1002
}
  0
LINE
  5
654
330
1F
100
AcDbEntity
  8
Размеры
  6
Continuous
370
   100
 62
     7
100
AcDbLine
 10
280.4150220441738
 20
149.6848068487825
 30
0
 11
280.4150220441738
 21
160.0971701714764
 31
0
1001
ACAD
1000
DSTYLE
1002
{
1070
    41
1040
7
1070
   176
1070
     1
1070
   371
1070
    25
1002
}
  0
LINE
  5
655
330
1F
100
AcDbEntity
  8
Размеры
  6
Continuous
370
   100
 62
     7
100
AcDbLine
 10
280.4150220441738
 20
257.0825450771099
 30
0
 11
280.4150220441738
 21
267.4949083998038
 31
0
1001
ACAD
1000
DSTYLE
1002
{
1070
    41
1040
7
1070
   176
1070
     1
1070
   371
1070
    25
1002
}
  0
ELLIPSE
  5
656
330
1F
100
AcDbEntity
  8
Корпус
100
AcDbEllipse
 10
280.4150220441593
 20
160.9548394444139
 30
0
 11
3
 21
0
 31
0
210
0
220
0
230
1
 40
0.9396926207863885
 41
0
 42
6.283185307179586
  0
ARC
  5
657
330
1F
100
AcDbEntity
  8
Корпус
100
AcDbCircle
 10
280.4150220441593
 20
157.9548394444139
 30
0
 40
3
100
AcDbArc
 50
31.03393085267898
 51
148.966069147321
  0
SOLID
  5
658
330
1F
100
AcDbEntity
  8
Размеры
  6
Continuous
370
    25
 62
     7
100
AcDbTrace
 38
0
 10
287.4150220441593
 20
296.7869152994007
 11
280.4150220441593
 21
297.9535819660649
 12
287.4150220441593
 22
299.1202486327328
 13
287.4150220441593
 23
299.1202486327328
1001
ACAD
1000
DSTYLE
1002
{
1070
    41
1040
7
1070
   176
1070
     1
1070
   371
1070
    25
1002
}
  0
LWPOLYLINE
  5
659
330
1F
100
AcDbEntity
  8
Размеры
  6
Continuous
370
    25
 62
     7
100
AcDbPolyline
 90
        2
 70
     0
 43
0
 10
287.4150220441593
 20
297.9535819660649
 10
300.4150220441593
 20
297.9535819660649
1001
ACAD
1000
DSTYLE
1002
{
1070
    41
1040
7
1070
   176
1070
     1
1070
   371
1070
    25
1002
}
  0
SOLID
  5
65A
330
1F
100
AcDbEntity
  8
Размеры
  6
Continuous
370
    25
 62
     7
100
AcDbTrace
 38
0
 10
287.4150220441593
 20
116.1658449719021
 11
280.4150220441593
 21
117.3325116385699
 12
287.4150220441593
 22
118.4991783052342
 13
287.4150220441593
 23
118.4991783052342
1001
ACAD
1000
DSTYLE
1002
{
1070
    41
1040
7
1070
   176
1070
     1
1070
   371
1070
    25
1002
}
  0
LWPOLYLINE
  5
65B
330
1F
100
AcDbEntity
  8
Размеры
  6
Continuous
370
    25
 62
     7
100
AcDbPolyline
 90
        2
 70
     0
 43
0
 10
287.4150220441593
 20
117.3325116385699
 10
300.4150220441593
 20
117.3325116385699
1001
ACAD
1000
DSTYLE
1002
{
1070
    41
1040
7
1070
   176
1070
     1
1070
   371
1070
    25
1002
}
  0
TEXT
  5
65C
330
1F
100
AcDbEntity
  8
Размеры
  6
Continuous
370
    25
 62
     7
100
AcDbText
 10
354.7062513045425
 20
268.5017622680049
 30
0
 40
7.000000000000004
  1
В-В
 51
15.0000000019586
  7
GOST
 11
0
 21
0
 31
0
100
AcDbText
1001
ACAD
1000
DSTYLE
1002
{
1070
    41
1040
7
1070
   176
1070
     1
1070
   371
1070
    25
1002
}
  0
ARC
  5
65D
330
1F
100
AcDbEntity
  8
Корпус
370
    30
 62
     7
100
AcDbCircle
 10
363.8156709003247
 20
208.9548394444143
 30
0
 40
33.00000000108667
100
AcDbArc
 50
237.7423702835213
 51
144.1319196586232
  0
CIRCLE
  5
65E
330
1F
100
AcDbEntity
  8
Корпус
100
AcDbCircle
 10
363.8156708986148
 20
208.954839443905
 30
0
 40
30.83499999999913
  0
LINE
  5
65F
102
{ACAD_REACTORS
330
50E
102
}
330
1F
100
AcDbEntity
  8
Размеры
  6
ГОСТ 2.303 6
100
AcDbLine
 10
316.8156709008381
 20
208.9548394444209
 30
0
 11
410.8156709008422
 21
208.9548394444126
 31
0
  0
LWPOLYLINE
  5
660
102
{ACAD_REACTORS
330
533
330
668
102
}
330
1F
100
AcDbEntity
  8
Корпус
100
AcDbPolyline
 90
       13
 70
     0
 43
0
 10
319.8156708983465
 20
236.6676523623755
 42
0.01923788644366122
 10
317.8156709008413
 20
233.2035507513583
 42
0
 10
317.8156709008349
 20
184.7061281374836
 42
0.01923788647418833
 10
319.8156709017217
 20
181.2420265210949
 42
0
 10
361.8156708976962
 20
156.9933152174492
 42
0.01923788649740169
 10
365.8156709040463
 20
156.9933152174913
 42
0
 10
407.8156708983356
 20
181.2420265201536
 42
0.0192378864901226
 10
409.8156709008413
 20
184.7061281394301
 42
0
 10
409.8156709008431
 20
233.2035507493952
 42
0.0192378864596099
 10
407.8156709017189
 20
236.6676523633037
 42
0
 10
365.8156708977181
 20
260.9163636715812
 42
0.01923788643637808
 10
361.8156709040463
 20
260.9163636716239
 42
0
 10
319.8156708983474
 20
236.6676523623755
 42
0
  0
CIRCLE
  5
661
102
{ACAD_REACTORS
330
545
330
67A
102
}
330
1F
100
AcDbEntity
  8
Корпус
100
AcDbCircle
 10
363.8156708991614
 20
160.954839443905
 30
0
 40
3
  0
LINE
  5
662
102
{ACAD_REACTORS
330
50E
102
}
330
1F
100
AcDbEntity
  8
Размеры
  6
ГОСТ 2.303 6
100
AcDbLine
 10
367.2220566475903
 20
159.7150164244306
 30
0
 11
359.824596914857
 21
162.4074715778306
 31
0
  0
LINE
  5
663
330
1F
100
AcDbEntity
  8
Корпус
100
AcDbLine
 10
364.8417313315517
 20
163.7739173067735
 30
0
 11
372.6423755713072
 21
160.9347149954024
 31
0
  0
LINE
  5
664
330
1F
100
AcDbEntity
  8
Корпус
100
AcDbLine
 10
362.7896624105829
 20
158.1357426778131
 30
0
 11
365.8592803225924
 21
157.0184931276171
 31
0
  0
HATCH
  5
665
330
1F
100
AcDbEntity
  8
Корпус
370
    -3
100
AcDbHatch
 10
0
 20
0
 30
0
210
0
220
0
230
1
  2
ANSI31
 70
     0
 71
     0
 91
        6
 92
        7
 72
     1
 73
     1
 93
        8
 10
319.8156708983465
 20
236.6676523623748
 42
0
 10
361.8156709040463
 20
260.9163636716239
 42
-0.00961805339640664
 10
363.8156709003247
 20
260.9548394444145
 42
0
 10
363.8156709003247
 20
241.954839445501
 42
0
 10
363.8156708986148
 20
239.7898394439042
 42
0.414213562373095
 10
332.9806708986157
 20
208.9548394444143
 42
0
 10
317.8156709008381
 20
208.9548394444143
 42
0
 10
317.8156709008413
 20
233.2035507513579
 42
-0.01923788644366034
 97
        0
 92
        7
 72
     1
 73
     1
 93
        7
 10
365.8156708977181
 20
260.9163636715812
 42
0
 10
407.8156709017189
 20
236.6676523633037
 42
-0.01923788645961133
 10
409.8156709008431
 20
233.2035507493949
 42
0
 10
409.8156709008422
 20
208.9548394444143
 42
0
 10
396.8156709014115
 20
208.9548394444143
 42
0.414213562373095
 10
363.8156709003247
 20
241.954839445501
 42
0
 10
363.8156709003269
 20
260.9548394444145
 42
-0.009618053401749972
 97
        0
 92
        7
 72
     1
 73
     1
 93
        4
 10
363.8156709003247
 20
241.954839445501
 42
-0.414213562373095
 10
396.8156709014115
 20
208.9548394444143
 42
0
 10
394.650670898614
 20
208.954839443905
 42
0.414213562373095
 10
363.8156709003247
 20
239.7898394439042
 42
0
 97
        0
 92
        7
 72
     1
 73
     1
 93
       15
 10
396.8156709014115
 20
208.9548394444143
 42
0
 10
409.8156709008422
 20
208.9548394444143
 42
0
 10
409.8156709008413
 20
184.7061281394301
 42
-0.0192378864901226
 10
407.8156708983356
 20
181.2420265201536
 42
0
 10
372.6423755719347
 20
160.934714995174
 42
0
 10
364.8417313291384
 20
163.7739173062628
 42
1.000000000049744
 10
362.7896104699112
 20
158.1357615826715
 42
0
 10
365.8592803232182
 20
157.0184931273893
 42
0
 10
365.8156709040463
 20
156.9933152174913
 42
-0.01923788649740169
 10
361.8156708976962
 20
156.9933152174492
 42
0
 10
319.8156709017217
 20
181.2420265210949
 42
-0.01923788647418833
 10
317.8156709008349
 20
184.7061281374836
 42
0
 10
317.8156709008381
 20
208.9548394444143
 42
0
 10
332.9806708986157
 20
208.954839443905
 42
0.9999999999999999
 10
394.650670898614
 20
208.9548394444143
 42
0
 97
        0
 92
        7
 72
     1
 73
     1
 93
       15
 10
332.9806708986157
 20
208.954839443905
 42
0.9999999999999999
 10
394.650670898614
 20
208.9548394444143
 42
0
 10
396.8156709014115
 20
208.9548394444143
 42
0
 10
409.8156709008422
 20
208.9548394444143
 42
0
 10
409.8156709008413
 20
184.7061281394301
 42
-0.0192378864901226
 10
407.8156708983356
 20
181.2420265201536
 42
0
 10
372.6423755719347
 20
160.934714995174
 42
0
 10
364.8417313291384
 20
163.7739173062628
 42
1.000000000049744
 10
362.7896104699112
 20
158.1357615826715
 42
0
 10
365.8592803232182
 20
157.0184931273893
 42
0
 10
365.8156709040463
 20
156.9933152174913
 42
-0.01923788649740169
 10
361.8156708976962
 20
156.9933152174492
 42
0
 10
319.8156709017217
 20
181.2420265210949
 42
-0.01923788647418833
 10
317.8156709008349
 20
184.7061281374836
 42
0
 10
317.8156709008381
 20
208.9548394444143
 42
0
 97
        0
 92
        7
 72
     1
 73
     1
 93
       15
 10
317.8156709008381
 20
208.9548394444143
 42
0
 10
332.9806708986157
 20
208.954839443905
 42
0.9999999999999999
 10
394.650670898614
 20
208.9548394444143
 42
0
 10
396.8156709014115
 20
208.9548394444143
 42
0
 10
409.8156709008422
 20
208.9548394444143
 42
0
 10
409.8156709008413
 20
184.7061281394301
 42
-0.0192378864901226
 10
407.8156708983356
 20
181.2420265201536
 42
0
 10
372.6423755719347
 20
160.934714995174
 42
0
 10
364.8417313291384
 20
163.7739173062628
 42
1.000000000049744
 10
362.7896104699112
 20
158.1357615826715
 42
0
 10
365.8592803232182
 20
157.0184931273893
 42
0
 10
365.8156709040463
 20
156.9933152174913
 42
-0.01923788649740169
 10
361.8156708976962
 20
156.9933152174492
 42
0
 10
319.8156709017217
 20
181.2420265210949
 42
-0.01923788647418833
 10
317.8156709008349
 20
184.7061281374836
 42
0
 97
        0
 75
     0
 76
     1
 52
0
 41
2
 77
     0
 78
     1
 53
45
 43
-4310.510688856894
 44
-234.8699863670593
 45
-4.490128060534576
 46
4.490128060534577
 79
     0
 47
0
 98
        6
 10
328.942365332076
 20
229.8713164216074
 10
382.5724870278923
 20
245.2959089447399
 10
379.4260459320053
 20
236.7882134675933
 10
401.2753547710413
 20
188.3699341456911
 10
390.3067556434803
 20
191.37575217584
 10
328.6083855509492
 20
183.5184383777314
  0
DIMENSION
  5
666
102
{ACAD_REACTORS
330
668
102
}
102
{ACAD_XDICTIONARY
360
667
102
}
330
1F
100
AcDbEntity
  8
Размеры
100
AcDbDimension
280
     0
  2
*D38
 10
392.2460623418505
 20
145.7002992929327
 30
0
 11
377.4328882077702
 21
120.0431290713468
 31
0
 70
   160
  1

 71
     5
 42
2.717578523052282
 73
     0
 74
     0
 75
     0
  3
GOSTMTM
100
AcDbAlignedDimension
 13
361.8156708976962
 23
156.9933152174492
 33
0
 14
369.2508279469398
 24
158.9766040609138
 34
0
 52
0
 50
59.99999999999823
100
AcDbRotatedDimension
1001
ACAD
1000
DSTYLE
1002
{
1070
   340
1005
3B6
1070
   144
1040
0.5
1070
    40
1040
1
1070
   173
1070
     1
1070
   343
1005
0
1070
   342
1005
0
1070
   344
1005
0
1070
   283
1070
     1
1002
}
  0
DIMENSION
  5
678
102
{ACAD_REACTORS
330
67A
102
}
102
{ACAD_XDICTIONARY
360
679
102
}
330
1F
100
AcDbEntity
  8
Размеры
100
AcDbDimension
280
     0
  2
*D39
 10
342.5624659996233
 20
171.8821625247371
 30
0
 11
335.3457982062387
 21
150.3956273125643
 31
0
 70
   160
  1
{\Q0;%%C}<>
 71
     5
 42
3.000000000000025
 73
     0
 74
     0
 75
     0
  3
GOSTMTM
100
AcDbAlignedDimension
 13
362.7896936219954
 23
158.135731317788
 33
0
 14
364.8416481763275
 24
163.7739475700221
 34
0
 52
0
 50
70.00169001346674
100
AcDbRotatedDimension
1001
ACAD
1000
DSTYLE
1002
{
1070
   340
1005
3B6
1070
   144
1040
0.5
1070
    40
1040
1
1070
   173
1070
     1
1070
   343
1005
0
1070
   342
1005
0
1070
   344
1005
0
1070
   283
1070
     1
1002
}
  0
LINE
  5
68A
102
{ACAD_REACTORS
330
50E
102
}
330
1F
100
AcDbEntity
  8
Размеры
  6
ГОСТ 2.303 6
100
AcDbLine
 10
363.8156708981055
 20
155.9548394444143
 30
0
 11
363.8156708981055
 21
261.9548394444145
 31
0
  0
DIMENSION
  5
68B
102
{ACAD_REACTORS
330
68D
102
}
102
{ACAD_XDICTIONARY
360
68C
102
}
330
1F
100
AcDbEntity
  8
Размеры
100
AcDbDimension
280
     0
  2
*D40
 10
419.1136031355713
 20
187.0770035603073
 30
0
 11
425.8766919431382
 21
173.9565759005341
 31
0
 70
   165
  1

 71
     5
 42
0.3490658504017967
 73
     0
 74
     0
 75
     0
  3
GOSTMTM
100
AcDb3PointAngularDimension
 13
410.8156709008422
 23
208.9548394444126
 33
0
 14
367.2220566475903
 24
159.7150164244306
 34
0
 15
231.9367547634806
 25
208.9548394444143
 35
0
1001
ACAD
1000
DSTYLE
1002
{
1070
   340
1005
3B6
1070
   144
1040
1
1070
    40
1040
1
1070
   173
1070
     1
1070
   343
1005
0
1070
   342
1005
0
1070
   344
1005
0
1070
   272
1070
     0
1070
   283
1070
     1
1002
}
  0
DIMENSION
  5
69D
102
{ACAD_REACTORS
330
69F
102
}
102
{ACAD_XDICTIONARY
360
69E
102
}
330
1F
100
AcDbEntity
  8
Размеры
100
AcDbDimension
280
     0
  2
*D41
 10
282.2080738842104
 20
274.75576677876
 30
0
 11
284.6839342379253
 21
279.0085299794754
 31
0
 70
   165
  1

 71
     5
 42
0.5235987755983083
 73
     0
 74
     0
 75
     0
  3
GOSTMTM
100
AcDb3PointAngularDimension
 13
288.9150220441593
 23
255.820864849905
 33
0
 14
289.4150220441593
 24
255.9548394461206
 34
0
 15
289.4150220441593
 25
254.9548394461206
 35
0
1001
ACAD
1000
DSTYLE
1002
{
1070
   340
1005
3B6
1070
   144
1040
1
1070
    40
1040
1
1070
   173
1070
     1
1070
   343
1005
0
1070
   342
1005
0
1070
   344
1005
0
1070
   272
1070
     0
1070
   283
1070
     1
1002
}
  0
TEXT
  5
6AD
330
1F
100
AcDbEntity
  8
Размеры
  6
Continuous
370
    25
 62
     7
100
AcDbText
 10
62.24707826256554
 20
267.1817731001599
 30
0
 40
7.000000000000004
  1
(1:1)
 51
15.0000000019586
  7
GOST
 11
0
 21
0
 31
0
100
AcDbText
1001
ACAD
1000
DSTYLE
1002
{
1070
    41
1040
7
1070
   176
1070
     1
1070
   371
1070
    25
1002
}
  0
VIEWPORT
  5
228
330
224
100
AcDbEntity
 67
     1
  8
0
 48
100
100
AcDbViewport
 10
0
 20
0
 30
0
 40
2172.474886856792
 41
992.0703390530406
 68
     1
 69
     1
 12
497.2079701715577
 22
380.2783500593347
 13
0
 23
0
 14
10
 24
10
 15
10
 25
10
 16
0
 26
0
 36
1
 17
0
 27
0
 37
0
 42
50
 43
0
 44
0
 45
992.0703390530406
 50
0
 51
0
 72
   100
 90
   557168
  1

281
     0
 71
     1
 74
     0
110
0
120
0
130
0
111
1
121
0
131
0
112
0
122
1
132
0
 79
     0
146
0
170
     0
 61
     5
348
F5
292
     1
282
     1
141
0
142
0
 63
     0
340
0
345
0
346
0
332
0
333
0
361
36E
  0
ENDSEC
  0
SECTION
  2
OBJECTS
  0
DICTIONARY
  5
C
330
0
100
AcDbDictionary
281
     1
  3
ACAD_COLOR
350
6B
  3
ACAD_GROUP
350
D
  3
ACAD_LAYOUT
350
1A
  3
ACAD_MATERIAL
350
6A
  3
ACAD_MLEADERSTYLE
350
12D
  3
ACAD_MLINESTYLE
350
17
  3
ACAD_PLOTSETTINGS
350
19
  3
ACAD_PLOTSTYLENAME
350
E
  3
ACAD_SCALELIST
350
10C
  3
ACAD_TABLESTYLE
350
7E
  3
ACAD_VISUALSTYLE
350
EF
  3
AcDbVariableDictionary
350
5E
  3
MCS_STREAM_DICT
350
34E
  3
ACAD_IMAGE_DICT
350
351
  3
DictionaryVariant
350
35A
  3
HOST_DOC_SETTINGS
350
35D
  3
ACAD_DETAILVIEWSTYLE
350
3A3
  3
ACAD_SECTIONVIEWSTYLE
350
3A4
  0
DICTIONARY
  5
D
102
{ACAD_REACTORS
330
C
102
}
330
C
100
AcDbDictionary
281
     1
  0
ACDBDICTIONARYWDFLT
  5
E
102
{ACAD_REACTORS
330
C
102
}
330
C
100
AcDbDictionary
281
     1
  3
Normal
350
F
100
AcDbDictionaryWithDefault
340
F
  0
ACDBPLACEHOLDER
  5
F
102
{ACAD_REACTORS
330
E
102
}
330
E
  0
DICTIONARY
  5
17
102
{ACAD_REACTORS
330
C
102
}
330
C
100
AcDbDictionary
281
     1
  3
Standard
350
18
  0
MLINESTYLE
  5
18
102
{ACAD_REACTORS
330
17
102
}
330
17
100
AcDbMlineStyle
  2
STANDARD
 70
     0
  3

 62
     0
 51
90
 52
90
 71
     2
 49
0.5
 62
     0
  6
BYLAYER
 49
-0.5
 62
     0
  6
BYLAYER
  0
DICTIONARY
  5
19
102
{ACAD_REACTORS
330
C
102
}
330
C
100
AcDbDictionary
281
     1
  0
DICTIONARY
  5
1A
102
{ACAD_REACTORS
330
C
102
}
330
C
100
AcDbDictionary
281
     1
  3
Model
350
22
  3
A4
350
211
  3
A3
350
216
  3
A2
350
21B
  3
A1
350
220
  3
A0
350
225
  0
LAYOUT
  5
22
102
{ACAD_XDICTIONARY
360
358
102
}
102
{ACAD_REACTORS
330
1A
102
}
330
1A
100
AcDbPlotSettings
  1

  2
none_device
  4
ISO_A4_(210.00_x_297.00_MM)
  6

 40
7.5
 41
20
 42
7.5
 43
20
 44
210
 45
297
 46
0
 47
0
 48
0
 49
0
140
0
141
0
142
1
143
2.196923076923077
 70
 11952
 72
     1
 73
     0
 74
     0
  7

 75
     0
147
0.4551820728291316
148
0
149
0
 76
     0
 77
     2
 78
   300
333
0
100
AcDbLayout
  1
Model
 70
     1
 71
     0
 10
0
 20
0
 11
420
 21
297
 12
0
 22
0
 32
0
 14
17.1864857358978
 24
15.98872027666278
 34
0
 15
437.1864857358978
 25
312.9887202766628
 35
0
146
0
 13
0
 23
0
 33
0
 16
1
 26
0
 36
0
 17
0
 27
1
 37
0
 76
     0
330
1F
1001
ACAD_PSEXT
1000
None
1000
None
1000
Not applicable
1000
The layout will not be plotted unless a new plotter configuration name is selected.
1070
     0
  0
DICTIONARY
  5
5E
102
{ACAD_REACTORS
330
C
102
}
330
C
100
AcDbDictionary
281
     1
  3
CANNOSCALE
350
146
  3
CMLEADERSTYLE
350
145
  3
CTABLESTYLE
350
84
  3
DIMASSOC
350
5F
  3
HIDETEXT
350
63
  3
LAYEREVAL
350
1AE
  3
LAYERNOTIFY
350
1AF
  3
XCLIPFRAME
350
356
  0
DICTIONARYVAR
  5
5F
102
{ACAD_REACTORS
330
5E
102
}
330
5E
100
DictionaryVariables
280
     0
  1
2
  0
DICTIONARYVAR
  5
63
102
{ACAD_REACTORS
330
5E
102
}
330
5E
100
DictionaryVariables
280
     0
  1
1
  0
DICTIONARY
  5
6A
102
{ACAD_REACTORS
330
C
102
}
330
C
100
AcDbDictionary
281
     1
  3
ByBlock
350
ED
  3
ByLayer
350
EC
  3
Global
350
EE
  0
DICTIONARY
  5
6B
102
{ACAD_REACTORS
330
C
102
}
330
C
100
AcDbDictionary
281
     1
  0
DICTIONARY
  5
7E
102
{ACAD_REACTORS
330
C
102
}
330
C
100
AcDbDictionary
281
     1
  3
Standard
350
7F
  0
DICTIONARYVAR
  5
84
102
{ACAD_REACTORS
330
5E
102
}
330
5E
100
DictionaryVariables
280
     0
  1
Standard
  0
DICTIONARY
  5
EF
102
{ACAD_REACTORS
330
C
102
}
330
C
100
AcDbDictionary
281
     1
  3
2dWireframe
350
F5
  3
3D Hidden
350
F7
  3
3dWireframe
350
F6
  3
Basic
350
F4
  3
Brighten
350
FB
  3
ColorChange
350
FF
  3
Conceptual
350
F8
  3
Dim
350
FA
  3
Facepattern
350
FE
  3
Flat
350
F0
  3
FlatWithEdges
350
F1
  3
Gouraud
350
F2
  3
GouraudWithEdges
350
F3
  3
Linepattern
350
FD
  3
Realistic
350
F9
  3
Thicken
350
FC
  3
Wireframe
350
35F
  3
Hidden
350
360
  3
JitterOff
350
361
  3
OverhangOff
350
362
  3
EdgeColorOff
350
363
  3
Shades of Gray
350
364
  3
Sketchy
350
365
  3
X-Ray
350
366
  3
Shaded with edges
350
367
  3
Shaded
350
368
  0
VISUALSTYLE
  5
F0
102
{ACAD_REACTORS
330
EF
102
}
330
EF
100
AcDbVisualStyle
  2
Flat
 70
     0
177
     2
291
     1
 70
    58
 90
        2
176
     1
 90
        1
176
     1
 90
        1
176
     1
 90
        2
176
     1
 40
-0.6
176
     1
 40
30
176
     1
 62
     7
420
3271557119
176
     1
 90
        0
176
     1
 90
        4
176
     1
 62
     7
176
     1
 62
   257
176
     1
 90
        1
176
     1
 90
        1
176
     1
 40
1
176
     1
 90
        8
176
     1
 62
     7
176
     1
 40
1
176
     1
 90
        1
176
     1
 90
        6
176
     1
 90
        2
176
     1
 62
     7
176
     1
 90
        5
176
     1
 90
        0
176
     1
 90
        0
176
     1
290
     0
176
     1
 90
        1
176
     1
 40
0
176
     1
 90
        0
176
     1
290
     0
176
     1
290
     1
176
     1
290
     1
176
     1
290
     0
290
     0
176
     1
290
     0
290
     0
176
     1
290
     0
176
     1
290
     0
176
     1
 90
       50
176
     1
 40
0
176
     1
 40
1
176
     1
 90
        0
176
     1
 62
     0
420
3254779904
176
     1
 90
       50
176
     1
 90
        3
176
     1
 62
     5
420
3254780159
176
     1
290
     0
176
     1
 90
       50
176
     1
 90
       50
176
     1
 90
       50
176
     1
290
     0
176
     1
 90
       50
176
     1
 62
     0
176
     0
 40
1
176
     0
 90
        2
176
     1
  1
strokes_ogs.tif
176
     1
290
     0
176
     1
 40
1
176
     1
 40
1
176
     1
  0
VISUALSTYLE
  5
F1
102
{ACAD_REACTORS
330
EF
102
}
330
EF
100
AcDbVisualStyle
  2
FlatWithEdges
 70
     1
177
     2
291
     1
 70
    58
 90
        2
176
     1
 90
        1
176
     1
 90
        1
176
     1
 90
        2
176
     1
 40
-0.6
176
     1
 40
30
176
     1
 62
     7
420
3271557119
176
     1
 90
        1
176
     1
 90
        4
176
     1
 62
     7
176
     1
 62
   257
176
     1
 90
        1
176
     1
 90
        1
176
     1
 40
1
176
     1
 90
        0
176
     1
 62
   257
176
     1
 40
1
176
     1
 90
        1
176
     1
 90
        6
176
     1
 90
        2
176
     1
 62
     7
176
     1
 90
        5
176
     1
 90
        0
176
     1
 90
        0
176
     1
290
     0
176
     1
 90
        1
176
     1
 40
0
176
     1
 90
        0
176
     1
290
     0
176
     1
290
     1
176
     1
290
     1
176
     1
290
     0
290
     0
176
     1
290
     0
290
     0
176
     1
290
     0
176
     1
290
     0
176
     1
 90
       50
176
     1
 40
0
176
     1
 40
1
176
     1
 90
        0
176
     1
 62
     0
420
3254779904
176
     1
 90
       50
176
     1
 90
        3
176
     1
 62
     5
420
3254780159
176
     1
290
     0
176
     1
 90
       50
176
     1
 90
       50
176
     1
 90
       50
176
     1
290
     0
176
     1
 90
       50
176
     1
 62
     0
176
     0
 40
1
176
     0
 90
        2
176
     1
  1
strokes_ogs.tif
176
     1
290
     0
176
     1
 40
1
176
     1
 40
1
176
     1
  0
VISUALSTYLE
  5
F2
102
{ACAD_REACTORS
330
EF
102
}
330
EF
100
AcDbVisualStyle
  2
Gouraud
 70
     2
177
     2
291
     1
 70
    58
 90
        2
176
     1
 90
        2
176
     1
 90
        1
176
     1
 90
        2
176
     1
 40
-0.6
176
     1
 40
30
176
     1
 62
     7
420
3271557119
176
     1
 90
        0
176
     1
 90
        4
176
     1
 62
     7
176
     1
 62
   257
176
     1
 90
        1
176
     1
 90
        1
176
     1
 40
1
176
     1
 90
        0
176
     1
 62
     7
176
     1
 40
1
176
     1
 90
        1
176
     1
 90
        6
176
     1
 90
        2
176
     1
 62
     7
176
     1
 90
        5
176
     1
 90
        0
176
     1
 90
        0
176
     1
290
     0
176
     1
 90
        1
176
     1
 40
0
176
     1
 90
        0
176
     1
290
     0
176
     1
290
     1
176
     1
290
     1
176
     1
290
     0
290
     0
176
     1
290
     0
290
     0
176
     1
290
     0
176
     1
290
     0
176
     1
 90
       50
176
     1
 40
0
176
     1
 40
1
176
     1
 90
        0
176
     1
 62
     0
420
3254779904
176
     1
 90
       50
176
     1
 90
        3
176
     1
 62
     5
420
3254780159
176
     1
290
     0
176
     1
 90
       50
176
     1
 90
       50
176
     1
 90
       50
176
     1
290
     0
176
     1
 90
       50
176
     1
 62
     0
176
     0
 40
1
176
     0
 90
        2
176
     1
  1
strokes_ogs.tif
176
     1
290
     0
176
     1
 40
1
176
     1
 40
1
176
     1
  0
VISUALSTYLE
  5
F3
102
{ACAD_REACTORS
330
EF
102
}
330
EF
100
AcDbVisualStyle
  2
GouraudWithEdges
 70
     3
177
     2
291
     1
 70
    58
 90
        2
176
     1
 90
        2
176
     1
 90
        1
176
     1
 90
        2
176
     1
 40
-0.6
176
     1
 40
30
176
     1
 62
     7
420
3271557119
176
     1
 90
        1
176
     1
 90
        4
176
     1
 62
     7
176
     1
 62
   257
176
     1
 90
        1
176
     1
 90
        1
176
     1
 40
1
176
     1
 90
        0
176
     1
 62
   257
176
     1
 40
1
176
     1
 90
        1
176
     1
 90
        6
176
     1
 90
        2
176
     1
 62
     7
176
     1
 90
        5
176
     1
 90
        0
176
     1
 90
        0
176
     1
290
     0
176
     1
 90
        1
176
     1
 40
0
176
     1
 90
        0
176
     1
290
     0
176
     1
290
     1
176
     1
290
     1
176
     1
290
     0
290
     0
176
     1
290
     0
290
     0
176
     1
290
     0
176
     1
290
     0
176
     1
 90
       50
176
     1
 40
0
176
     1
 40
1
176
     1
 90
        0
176
     1
 62
     0
420
3254779904
176
     1
 90
       50
176
     1
 90
        3
176
     1
 62
     5
420
3254780159
176
     1
290
     0
176
     1
 90
       50
176
     1
 90
       50
176
     1
 90
       50
176
     1
290
     0
176
     1
 90
       50
176
     1
 62
     0
176
     0
 40
1
176
     0
 90
        2
176
     1
  1
strokes_ogs.tif
176
     1
290
     0
176
     1
 40
1
176
     1
 40
1
176
     1
  0
VISUALSTYLE
  5
F4
102
{ACAD_REACTORS
330
EF
102
}
330
EF
100
AcDbVisualStyle
  2
Basic
 70
     7
177
     2
291
     1
 70
    58
 90
        1
176
     1
 90
        0
176
     1
 90
        1
176
     1
 90
        0
176
     1
 40
-0.6
176
     1
 40
-30
176
     1
 62
     7
420
3271557119
176
     1
 90
        0
176
     1
 90
        4
176
     1
 62
     7
176
     1
 62
   257
176
     1
 90
        1
176
     1
 90
        1
176
     1
 40
1
176
     1
 90
        8
176
     1
 62
     7
176
     1
 40
1
176
     1
 90
        1
176
     1
 90
        6
176
     1
 90
        2
176
     1
 62
     7
176
     1
 90
        5
176
     1
 90
        0
176
     1
 90
        0
176
     1
290
     0
176
     1
 90
        1
176
     1
 40
0
176
     1
 90
        0
176
     1
290
     0
176
     1
290
     1
176
     1
290
     1
176
     1
290
     0
290
     0
176
     1
290
     0
290
     0
176
     1
290
     0
176
     1
290
     0
176
     1
 90
       50
176
     1
 40
0
176
     1
 40
1
176
     1
 90
        0
176
     1
 62
     0
420
3254779904
176
     1
 90
       50
176
     1
 90
        3
176
     1
 62
     5
420
3254780159
176
     1
290
     0
176
     1
 90
       50
176
     1
 90
       50
176
     1
 90
       50
176
     1
290
     0
176
     1
 90
       50
176
     1
 62
     0
176
     0
 40
1
176
     0
 90
        2
176
     1
  1
strokes_ogs.tif
176
     1
290
     0
176
     1
 40
1
176
     1
 40
1
176
     1
  0
VISUALSTYLE
  5
F5
102
{ACAD_REACTORS
330
EF
102
}
330
EF
100
AcDbVisualStyle
  2
2dWireframe
 70
     4
177
     2
291
     0
 70
    58
 90
        0
176
     1
 90
        2
176
     1
 90
        1
176
     1
 90
        0
176
     1
 40
-0.6
176
     1
 40
-30
176
     1
 62
     7
420
3271557119
176
     1
 90
        1
176
     1
 90
        4
176
     1
 62
     7
176
     1
 62
   257
176
     1
 90
        1
176
     1
 90
        1
176
     1
 40
1
176
     1
 90
        0
176
     1
 62
   257
176
     1
 40
1
176
     1
 90
        1
176
     1
 90
        6
176
     1
 90
        2
176
     1
 62
     7
176
     1
 90
        5
176
     1
 90
        0
176
     1
 90
        0
176
     1
290
     0
176
     1
 90
        1
176
     1
 40
0
176
     1
 90
        0
176
     1
290
     1
176
     1
290
     1
176
     1
290
     0
176
     1
290
     0
290
     0
176
     1
290
     0
290
     0
176
     1
290
     0
176
     1
290
     0
176
     1
 90
       50
176
     1
 40
0
176
     1
 40
1
176
     1
 90
        0
176
     1
 62
     0
420
3254779904
176
     1
 90
       50
176
     1
 90
        3
176
     1
 62
     5
420
3254780159
176
     1
290
     0
176
     1
 90
       50
176
     1
 90
       50
176
     1
 90
       50
176
     1
290
     0
176
     1
 90
       50
176
     1
 62
     0
176
     0
 40
1
176
     0
 90
        2
176
     1
  1
strokes_ogs.tif
176
     1
290
     0
176
     1
 40
1
176
     1
 40
1
176
     1
  0
VISUALSTYLE
  5
F6
102
{ACAD_REACTORS
330
EF
102
}
330
EF
100
AcDbVisualStyle
  2
3dWireframe
 70
     5
177
     2
291
     0
 70
    58
 90
        0
176
     1
 90
        2
176
     1
 90
        1
176
     1
 90
        0
176
     1
 40
-0.6
176
     1
 40
-30
176
     1
 62
     7
420
3271557119
176
     1
 90
        1
176
     1
 90
        4
176
     1
 62
     7
176
     1
 62
   257
176
     1
 90
        1
176
     1
 90
        1
176
     1
 40
1
176
     1
 90
        0
176
     1
 62
   257
176
     1
 40
1
176
     1
 90
        1
176
     1
 90
        6
176
     1
 90
        2
176
     1
 62
     7
176
     1
 90
        5
176
     1
 90
        0
176
     1
 90
        0
176
     1
290
     0
176
     1
 90
        1
176
     1
 40
0
176
     1
 90
        0
176
     1
290
     0
176
     1
290
     1
176
     1
290
     1
176
     1
290
     0
290
     0
176
     1
290
     0
290
     0
176
     1
290
     0
176
     1
290
     0
176
     1
 90
       50
176
     1
 40
0
176
     1
 40
1
176
     1
 90
        0
176
     1
 62
     0
420
3254779904
176
     1
 90
       50
176
     1
 90
        3
176
     1
 62
     5
420
3254780159
176
     1
290
     0
176
     1
 90
       50
176
     1
 90
       50
176
     1
 90
       50
176
     1
290
     0
176
     1
 90
       50
176
     1
 62
     0
176
     0
 40
1
176
     0
 90
        2
176
     1
  1
strokes_ogs.tif
176
     1
290
     0
176
     1
 40
1
176
     1
 40
1
176
     1
  0
VISUALSTYLE
  5
F7
102
{ACAD_REACTORS
330
EF
102
}
330
EF
100
AcDbVisualStyle
  2
3D Hidden
 70
     6
177
     2
291
     0
 70
    58
 90
        1
176
     1
 90
        2
176
     1
 90
        2
176
     1
 90
        0
176
     1
 40
-0.6
176
     1
 40
-30
176
     1
 62
     7
420
3271557119
176
     1
 90
        2
176
     1
 90
        2
176
     1
 62
     7
176
     1
 62
   257
176
     1
 90
        2
176
     1
 90
        1
176
     1
 40
40
176
     1
 90
        0
176
     1
 62
   257
176
     1
 40
1
176
     1
 90
        1
176
     1
 90
        6
176
     1
 90
        2
176
     1
 62
     7
176
     1
 90
        3
176
     1
 90
        0
176
     1
 90
        0
176
     1
290
     0
176
     1
 90
        1
176
     1
 40
0
176
     1
 90
        0
176
     1
290
     0
176
     1
290
     1
176
     1
290
     1
176
     1
290
     0
290
     0
176
     1
290
     0
290
     0
176
     1
290
     0
176
     1
290
     0
176
     1
 90
       50
176
     1
 40
0
176
     1
 40
1
176
     1
 90
        0
176
     1
 62
     0
420
3254779904
176
     1
 90
       50
176
     1
 90
        3
176
     1
 62
     5
420
3254780159
176
     1
290
     0
176
     1
 90
       50
176
     1
 90
       50
176
     1
 90
       50
176
     1
290
     0
176
     1
 90
       50
176
     1
 62
     0
176
     0
 40
1
176
     0
 90
        2
176
     1
  1
strokes_ogs.tif
176
     1
290
     0
176
     1
 40
1
176
     1
 40
1
176
     1
  0
VISUALSTYLE
  5
F8
102
{ACAD_REACTORS
330
EF
102
}
330
EF
100
AcDbVisualStyle
  2
Conceptual
 70
     9
177
     2
291
     0
 70
    58
 90
        3
176
     1
 90
        2
176
     1
 90
        1
176
     1
 90
        0
176
     1
 40
-0.6
176
     1
 40
-30
176
     1
 62
     7
420
3271557119
176
     1
 90
        2
176
     1
 90
        2
176
     1
 62
     7
176
     1
 62
   257
176
     1
 90
        1
176
     1
 90
        1
176
     1
 40
40
176
     1
 90
        8
176
     1
 62
     7
176
     1
 40
1
176
     1
 90
        1
176
     1
 90
        6
176
     1
 90
        2
176
     1
 62
     7
176
     1
 90
        3
176
     1
 90
        0
176
     1
 90
        0
176
     1
290
     0
176
     1
 90
        1
176
     1
 40
0
176
     1
 90
        0
176
     1
290
     0
176
     1
290
     1
176
     1
290
     1
176
     1
290
     0
290
     0
176
     1
290
     0
290
     0
176
     1
290
     0
176
     1
290
     0
176
     1
 90
       50
176
     1
 40
0
176
     1
 40
1
176
     1
 90
        0
176
     1
 62
     0
420
3254779904
176
     1
 90
       50
176
     1
 90
        3
176
     1
 62
     5
420
3254780159
176
     1
290
     0
176
     1
 90
       50
176
     1
 90
       50
176
     1
 90
       50
176
     1
290
     0
176
     1
 90
       50
176
     1
 62
     0
176
     0
 40
1
176
     0
 90
        2
176
     1
  1
strokes_ogs.tif
176
     1
290
     0
176
     1
 40
1
176
     1
 40
1
176
     1
  0
VISUALSTYLE
  5
F9
102
{ACAD_REACTORS
330
EF
102
}
330
EF
100
AcDbVisualStyle
  2
Realistic
 70
     8
177
     2
291
     0
 70
    58
 90
        2
176
     1
 90
        2
176
     1
 90
        1
176
     1
 90
        0
176
     1
 40
-0.6
176
     1
 40
-30
176
     1
 62
     7
420
3271557119
176
     1
 90
        1
176
     1
 90
        0
176
     1
 62
     7
176
     1
 62
   257
176
     1
 90
        1
176
     1
 90
        1
176
     1
 40
1
176
     1
 90
        8
176
     1
 62
   256
420
3262675064
176
     1
 40
1
176
     1
 90
        1
176
     1
 90
        6
176
     1
 90
        2
176
     1
 62
     7
176
     1
 90
        5
176
     1
 90
        0
176
     1
 90
        0
176
     1
290
     0
176
     1
 90
       13
176
     1
 40
0
176
     1
 90
        0
176
     1
290
     0
176
     1
290
     1
176
     1
290
     1
176
     1
290
     0
290
     0
176
     1
290
     0
290
     0
176
     1
290
     0
176
     1
290
     0
176
     1
 90
       50
176
     1
 40
0
176
     1
 40
1
176
     1
 90
        0
176
     1
 62
     0
420
3254779904
176
     1
 90
       50
176
     1
 90
        3
176
     1
 62
     5
420
3254780159
176
     1
290
     0
176
     1
 90
       50
176
     1
 90
       50
176
     1
 90
       50
176
     1
290
     0
176
     1
 90
       50
176
     1
 62
     0
176
     0
 40
1
176
     0
 90
        2
176
     1
  1
strokes_ogs.tif
176
     1
290
     0
176
     1
 40
1
176
     1
 40
1
176
     1
  0
VISUALSTYLE
  5
FA
102
{ACAD_REACTORS
330
EF
102
}
330
EF
100
AcDbVisualStyle
  2
Dim
 70
    11
177
     2
291
     1
 70
    58
 90
        2
176
     1
 90
        2
176
     1
 90
        1
176
     1
 90
        0
176
     1
 40
-0.6
176
     1
 40
-30
176
     1
 62
     7
420
3271557119
176
     1
 90
        1
176
     1
 90
        4
176
     1
 62
     7
176
     1
 62
   257
176
     1
 90
        1
176
     1
 90
        1
176
     1
 40
1
176
     1
 90
        8
176
     1
 62
     7
176
     1
 40
1
176
     1
 90
        1
176
     1
 90
        6
176
     1
 90
        2
176
     1
 62
     7
176
     1
 90
        5
176
     1
 90
        0
176
     1
 90
        0
176
     1
290
     0
176
     1
 90
        1
176
     1
 40
-50
176
     1
 90
        0
176
     1
290
     0
176
     1
290
     1
176
     1
290
     1
176
     1
290
     0
290
     0
176
     1
290
     0
290
     0
176
     1
290
     0
176
     1
290
     0
176
     1
 90
       50
176
     1
 40
0
176
     1
 40
1
176
     1
 90
        0
176
     1
 62
     0
420
3254779904
176
     1
 90
       50
176
     1
 90
        3
176
     1
 62
     5
420
3254780159
176
     1
290
     0
176
     1
 90
       50
176
     1
 90
       50
176
     1
 90
       50
176
     1
290
     0
176
     1
 90
       50
176
     1
 62
     0
176
     0
 40
1
176
     0
 90
        2
176
     1
  1
strokes_ogs.tif
176
     1
290
     0
176
     1
 40
1
176
     1
 40
1
176
     1
  0
VISUALSTYLE
  5
FB
102
{ACAD_REACTORS
330
EF
102
}
330
EF
100
AcDbVisualStyle
  2
Brighten
 70
    12
177
     2
291
     1
 70
    58
 90
        2
176
     1
 90
        2
176
     1
 90
        1
176
     1
 90
        0
176
     1
 40
-0.6
176
     1
 40
-30
176
     1
 62
     7
420
3271557119
176
     1
 90
        1
176
     1
 90
        4
176
     1
 62
     7
176
     1
 62
   257
176
     1
 90
        1
176
     1
 90
        1
176
     1
 40
1
176
     1
 90
        8
176
     1
 62
     7
176
     1
 40
1
176
     1
 90
        1
176
     1
 90
        6
176
     1
 90
        2
176
     1
 62
     7
176
     1
 90
        5
176
     1
 90
        0
176
     1
 90
        0
176
     1
290
     0
176
     1
 90
        1
176
     1
 40
50
176
     1
 90
        0
176
     1
290
     0
176
     1
290
     1
176
     1
290
     1
176
     1
290
     0
290
     0
176
     1
290
     0
290
     0
176
     1
290
     0
176
     1
290
     0
176
     1
 90
       50
176
     1
 40
0
176
     1
 40
1
176
     1
 90
        0
176
     1
 62
     0
420
3254779904
176
     1
 90
       50
176
     1
 90
        3
176
     1
 62
     5
420
3254780159
176
     1
290
     0
176
     1
 90
       50
176
     1
 90
       50
176
     1
 90
       50
176
     1
290
     0
176
     1
 90
       50
176
     1
 62
     0
176
     0
 40
1
176
     0
 90
        2
176
     1
  1
strokes_ogs.tif
176
     1
290
     0
176
     1
 40
1
176
     1
 40
1
176
     1
  0
VISUALSTYLE
  5
FC
102
{ACAD_REACTORS
330
EF
102
}
330
EF
100
AcDbVisualStyle
  2
Thicken
 70
    13
177
     2
291
     1
 70
    58
 90
        2
176
     1
 90
        2
176
     1
 90
        1
176
     1
 90
        0
176
     1
 40
-0.6
176
     1
 40
-30
176
     1
 62
     7
420
3271557119
176
     1
 90
        1
176
     1
 90
        4
176
     1
 62
     7
176
     1
 62
   257
176
     1
 90
        1
176
     1
 90
        1
176
     1
 40
1
176
     1
 90
       12
176
     1
 62
     7
176
     1
 40
1
176
     1
 90
        1
176
     1
 90
        6
176
     1
 90
        2
176
     1
 62
     7
176
     1
 90
        5
176
     1
 90
        0
176
     1
 90
        0
176
     1
290
     0
176
     1
 90
        1
176
     1
 40
0
176
     1
 90
        0
176
     1
290
     0
176
     1
290
     1
176
     1
290
     1
176
     1
290
     0
290
     0
176
     1
290
     0
290
     0
176
     1
290
     0
176
     1
290
     0
176
     1
 90
       50
176
     1
 40
0
176
     1
 40
1
176
     1
 90
        0
176
     1
 62
     0
420
3254779904
176
     1
 90
       50
176
     1
 90
        3
176
     1
 62
     5
420
3254780159
176
     1
290
     0
176
     1
 90
       50
176
     1
 90
       50
176
     1
 90
       50
176
     1
290
     0
176
     1
 90
       50
176
     1
 62
     0
176
     0
 40
1
176
     0
 90
        2
176
     1
  1
strokes_ogs.tif
176
     1
290
     0
176
     1
 40
1
176
     1
 40
1
176
     1
  0
VISUALSTYLE
  5
FD
102
{ACAD_REACTORS
330
EF
102
}
330
EF
100
AcDbVisualStyle
  2
Linepattern
 70
    14
177
     2
291
     1
 70
    58
 90
        2
176
     1
 90
        2
176
     1
 90
        1
176
     1
 90
        0
176
     1
 40
-0.6
176
     1
 40
-30
176
     1
 62
     7
420
3271557119
176
     1
 90
        1
176
     1
 90
        4
176
     1
 62
     7
176
     1
 62
   257
176
     1
 90
        7
176
     1
 90
        7
176
     1
 40
1
176
     1
 90
        8
176
     1
 62
     7
176
     1
 40
1
176
     1
 90
        1
176
     1
 90
        6
176
     1
 90
        2
176
     1
 62
     7
176
     1
 90
        5
176
     1
 90
        0
176
     1
 90
        0
176
     1
290
     0
176
     1
 90
        1
176
     1
 40
0
176
     1
 90
        0
176
     1
290
     0
176
     1
290
     1
176
     1
290
     1
176
     1
290
     0
290
     0
176
     1
290
     0
290
     0
176
     1
290
     0
176
     1
290
     0
176
     1
 90
       50
176
     1
 40
0
176
     1
 40
1
176
     1
 90
        0
176
     1
 62
     0
420
3254779904
176
     1
 90
       50
176
     1
 90
        3
176
     1
 62
     5
420
3254780159
176
     1
290
     0
176
     1
 90
       50
176
     1
 90
       50
176
     1
 90
       50
176
     1
290
     0
176
     1
 90
       50
176
     1
 62
     0
176
     0
 40
1
176
     0
 90
        2
176
     1
  1
strokes_ogs.tif
176
     1
290
     0
176
     1
 40
1
176
     1
 40
1
176
     1
  0
VISUALSTYLE
  5
FE
102
{ACAD_REACTORS
330
EF
102
}
330
EF
100
AcDbVisualStyle
  2
Facepattern
 70
    15
177
     2
291
     1
 70
    58
 90
        2
176
     1
 90
        2
176
     1
 90
        1
176
     1
 90
        0
176
     1
 40
-0.6
176
     1
 40
-30
176
     1
 62
     7
420
3271557119
176
     1
 90
        1
176
     1
 90
        4
176
     1
 62
     7
176
     1
 62
   257
176
     1
 90
        1
176
     1
 90
        1
176
     1
 40
1
176
     1
 90
        8
176
     1
 62
     7
176
     1
 40
1
176
     1
 90
        1
176
     1
 90
        6
176
     1
 90
        2
176
     1
 62
     7
176
     1
 90
        5
176
     1
 90
        0
176
     1
 90
        0
176
     1
290
     0
176
     1
 90
        1
176
     1
 40
0
176
     1
 90
        0
176
     1
290
     0
176
     1
290
     1
176
     1
290
     1
176
     1
290
     0
290
     0
176
     1
290
     0
290
     0
176
     1
290
     0
176
     1
290
     0
176
     1
 90
       50
176
     1
 40
0
176
     1
 40
1
176
     1
 90
        0
176
     1
 62
     0
420
3254779904
176
     1
 90
       50
176
     1
 90
        3
176
     1
 62
     5
420
3254780159
176
     1
290
     0
176
     1
 90
       50
176
     1
 90
       50
176
     1
 90
       50
176
     1
290
     0
176
     1
 90
       50
176
     1
 62
     0
176
     0
 40
1
176
     0
 90
        2
176
     1
  1
strokes_ogs.tif
176
     1
290
     0
176
     1
 40
1
176
     1
 40
1
176
     1
  0
VISUALSTYLE
  5
FF
102
{ACAD_REACTORS
330
EF
102
}
330
EF
100
AcDbVisualStyle
  2
ColorChange
 70
    16
177
     2
291
     1
 70
    58
 90
        2
176
     1
 90
        2
176
     1
 90
        3
176
     1
 90
        0
176
     1
 40
-0.6
176
     1
 40
-30
176
     1
 62
     9
420
3263201408
176
     1
 90
        1
176
     1
 90
        4
176
     1
 62
     7
176
     1
 62
   257
176
     1
 90
        1
176
     1
 90
        1
176
     1
 40
1
176
     1
 90
        8
176
     1
 62
     9
420
3263201408
176
     1
 40
1
176
     1
 90
        1
176
     1
 90
        6
176
     1
 90
        2
176
     1
 62
     7
176
     1
 90
        5
176
     1
 90
        0
176
     1
 90
        0
176
     1
290
     0
176
     1
 90
        1
176
     1
 40
0
176
     1
 90
        0
176
     1
290
     0
176
     1
290
     1
176
     1
290
     1
176
     1
290
     0
290
     0
176
     1
290
     0
290
     0
176
     1
290
     0
176
     1
290
     0
176
     1
 90
       50
176
     1
 40
0
176
     1
 40
1
176
     1
 90
        0
176
     1
 62
     0
420
3254779904
176
     1
 90
       50
176
     1
 90
        3
176
     1
 62
     5
420
3254780159
176
     1
290
     0
176
     1
 90
       50
176
     1
 90
       50
176
     1
 90
       50
176
     1
290
     0
176
     1
 90
       50
176
     1
 62
     0
176
     0
 40
1
176
     0
 90
        2
176
     1
  1
strokes_ogs.tif
176
     1
290
     0
176
     1
 40
1
176
     1
 40
1
176
     1
  0
DICTIONARY
  5
10C
102
{ACAD_REACTORS
330
C
102
}
330
C
100
AcDbDictionary
281
     1
  3
A0
350
10D
  3
A1
350
1BE
  3
A2
350
1BF
  3
A3
350
1C0
  3
A4
350
1C1
  3
A5
350
1C2
  3
A6
350
1C3
  3
A7
350
1C4
  3
A8
350
1C5
  3
A9
350
1C6
  3
B0
350
1C7
  3
B1
350
1C8
  3
B2
350
1C9
  3
B3
350
1CA
  3
B4
350
1CB
  3
B5
350
1CC
  3
B6
350
1CD
  0
SCALE
  5
10D
102
{ACAD_REACTORS
330
10C
102
}
330
10C
100
AcDbScale
 70
     0
300
1:1
140
1
141
1
290
     1
  0
DICTIONARY
  5
12D
102
{ACAD_REACTORS
330
C
102
}
330
C
100
AcDbDictionary
281
     1
  3
Standard
350
12E
  3
Аннотативный
350
13B
  0
DICTIONARYVAR
  5
145
102
{ACAD_REACTORS
330
5E
102
}
330
5E
100
DictionaryVariables
280
     0
  1
Standard
  0
DICTIONARYVAR
  5
146
102
{ACAD_REACTORS
330
5E
102
}
330
5E
100
DictionaryVariables
280
     0
  1
1:1
  0
DICTIONARYVAR
  5
1AE
102
{ACAD_REACTORS
330
5E
102
}
330
5E
100
DictionaryVariables
280
     0
  1
0
  0
DICTIONARYVAR
  5
1AF
102
{ACAD_REACTORS
330
5E
102
}
330
5E
100
DictionaryVariables
280
     0
  1
0
  0
SCALE
  5
1BE
102
{ACAD_REACTORS
330
10C
102
}
330
10C
100
AcDbScale
 70
     0
300
1:2
140
1
141
2
290
     0
  0
SCALE
  5
1BF
102
{ACAD_REACTORS
330
10C
102
}
330
10C
100
AcDbScale
 70
     0
300
1:4
140
1
141
4
290
     0
  0
SCALE
  5
1C0
102
{ACAD_REACTORS
330
10C
102
}
330
10C
100
AcDbScale
 70
     0
300
1:5
140
1
141
5
290
     0
  0
SCALE
  5
1C1
102
{ACAD_REACTORS
330
10C
102
}
330
10C
100
AcDbScale
 70
     0
300
1:8
140
1
141
8
290
     0
  0
SCALE
  5
1C2
102
{ACAD_REACTORS
330
10C
102
}
330
10C
100
AcDbScale
 70
     0
300
1:10
140
1
141
10
290
     0
  0
SCALE
  5
1C3
102
{ACAD_REACTORS
330
10C
102
}
330
10C
100
AcDbScale
 70
     0
300
1:16
140
1
141
16
290
     0
  0
SCALE
  5
1C4
102
{ACAD_REACTORS
330
10C
102
}
330
10C
100
AcDbScale
 70
     0
300
1:20
140
1
141
20
290
     0
  0
SCALE
  5
1C5
102
{ACAD_REACTORS
330
10C
102
}
330
10C
100
AcDbScale
 70
     0
300
1:30
140
1
141
30
290
     0
  0
SCALE
  5
1C6
102
{ACAD_REACTORS
330
10C
102
}
330
10C
100
AcDbScale
 70
     0
300
1:40
140
1
141
40
290
     0
  0
SCALE
  5
1C7
102
{ACAD_REACTORS
330
10C
102
}
330
10C
100
AcDbScale
 70
     0
300
1:50
140
1
141
50
290
     0
  0
SCALE
  5
1C8
102
{ACAD_REACTORS
330
10C
102
}
330
10C
100
AcDbScale
 70
     0
300
1:100
140
1
141
100
290
     0
  0
SCALE
  5
1C9
102
{ACAD_REACTORS
330
10C
102
}
330
10C
100
AcDbScale
 70
     0
300
2:1
140
2
141
1
290
     0
  0
SCALE
  5
1CA
102
{ACAD_REACTORS
330
10C
102
}
330
10C
100
AcDbScale
 70
     0
300
4:1
140
4
141
1
290
     0
  0
SCALE
  5
1CB
102
{ACAD_REACTORS
330
10C
102
}
330
10C
100
AcDbScale
 70
     0
300
8:1
140
8
141
1
290
     0
  0
SCALE
  5
1CC
102
{ACAD_REACTORS
330
10C
102
}
330
10C
100
AcDbScale
 70
     0
300
10:1
140
10
141
1
290
     0
  0
SCALE
  5
1CD
102
{ACAD_REACTORS
330
10C
102
}
330
10C
100
AcDbScale
 70
     0
300
100:1
140
100
141
1
290
     0
  0
LAYOUT
  5
211
102
{ACAD_REACTORS
330
1A
102
}
330
1A
100
AcDbPlotSettings
  1

  2
none_device
  4
ISO_A4_(210.00_x_297.00_MM)
  6

 40
7.5
 41
20
 42
7.5
 43
20
 44
210
 45
297
 46
0
 47
0
 48
0
 49
0
140
0
141
0
142
1
143
1
 70
   688
 72
     1
 73
     0
 74
     5
  7

 75
    16
147
1
148
0
149
0
 76
     0
 77
     2
 78
   300
333
0
100
AcDbLayout
  1
A4
 70
     0
 71
     1
 10
0
 20
0
 11
0
 21
0
 12
0
 22
0
 32
0
 14
0
 24
0
 34
0
 15
0
 25
0
 35
0
146
0
 13
0
 23
0
 33
0
 16
1
 26
0
 36
0
 17
0
 27
1
 37
0
 76
     0
330
210
331
214
  0
LAYOUT
  5
216
102
{ACAD_REACTORS
330
1A
102
}
330
1A
100
AcDbPlotSettings
  1

  2
none_device
  4
ISO_A3_(420.00_x_297.00_MM)
  6

 40
7.5
 41
20
 42
7.5
 43
20
 44
420
 45
297
 46
0
 47
0
 48
0
 49
0
140
0
141
0
142
1
143
1
 70
   688
 72
     1
 73
     0
 74
     5
  7

 75
    16
147
1
148
0
149
0
 76
     0
 77
     2
 78
   300
333
0
100
AcDbLayout
  1
A3
 70
     0
 71
     2
 10
0
 20
0
 11
0
 21
0
 12
0
 22
0
 32
0
 14
0
 24
0
 34
0
 15
0
 25
0
 35
0
146
0
 13
0
 23
0
 33
0
 16
1
 26
0
 36
0
 17
0
 27
1
 37
0
 76
     0
330
215
331
219
  0
LAYOUT
  5
21B
102
{ACAD_REACTORS
330
1A
102
}
330
1A
100
AcDbPlotSettings
  1

  2
none_device
  4
ISO_A2_(594.00_x_420.00_MM)
  6

 40
7.5
 41
20
 42
7.5
 43
20
 44
594
 45
420
 46
0
 47
0
 48
0
 49
0
140
0
141
0
142
1
143
1
 70
   688
 72
     1
 73
     0
 74
     5
  7

 75
    16
147
1
148
0
149
0
 76
     0
 77
     2
 78
   300
333
0
100
AcDbLayout
  1
A2
 70
     0
 71
     3
 10
0
 20
0
 11
0
 21
0
 12
0
 22
0
 32
0
 14
0
 24
0
 34
0
 15
0
 25
0
 35
0
146
0
 13
0
 23
0
 33
0
 16
1
 26
0
 36
0
 17
0
 27
1
 37
0
 76
     0
330
21A
331
21E
  0
LAYOUT
  5
220
102
{ACAD_REACTORS
330
1A
102
}
330
1A
100
AcDbPlotSettings
  1

  2
none_device
  4
ISO_A1_(841.00_x_594.00_MM)
  6

 40
7.5
 41
20
 42
7.5
 43
20
 44
841
 45
594
 46
0
 47
0
 48
0
 49
0
140
0
141
0
142
1
143
1
 70
   688
 72
     1
 73
     0
 74
     5
  7

 75
    16
147
1
148
0
149
0
 76
     0
 77
     2
 78
   300
333
0
100
AcDbLayout
  1
A1
 70
     0
 71
     4
 10
-20
 20
-7.5
 11
277
 21
202.5
 12
0
 22
0
 32
0
 14
0
 24
0
 34
0
 15
0
 25
0
 35
0
146
0
 13
0
 23
0
 33
0
 16
1
 26
0
 36
0
 17
0
 27
1
 37
0
 76
     0
330
21F
331
223
  0
LAYOUT
  5
225
102
{ACAD_REACTORS
330
1A
102
}
330
1A
100
AcDbPlotSettings
  1

  2
none_device
  4
ISO_A0_(1189.00_x_841.00_MM)
  6

 40
7.5
 41
20
 42
7.5
 43
20
 44
1189
 45
841
 46
0
 47
0
 48
0
 49
0
140
0
141
0
142
1
143
1
 70
   688
 72
     1
 73
     0
 74
     5
  7

 75
    16
147
1
148
0
149
0
 76
     0
 77
     2
 78
   300
333
0
100
AcDbLayout
  1
A0
 70
     0
 71
     5
 10
0
 20
0
 11
0
 21
0
 12
0
 22
0
 32
0
 14
0
 24
0
 34
0
 15
0
 25
0
 35
0
146
0
 13
0
 23
0
 33
0
 16
1
 26
0
 36
0
 17
0
 27
1
 37
0
 76
     0
330
224
331
228
  0
DICTIONARY
  5
234
330
1F
100
AcDbDictionary
280
     1
281
     1
  3
ACAD_SORTENTS
360
235
  0
SORTENTSTABLE
  5
235
102
{ACAD_REACTORS
330
234
102
}
330
234
100
AcDbSortentsTable
331
0
  5
0
  0
DICTIONARY
  5
34E
102
{ACAD_REACTORS
330
C
102
}
330
C
100
AcDbDictionary
281
     1
  3

350
0
  3

350
0
  3

350
0
  3
MCS_DOCUMENT_ID
350
357
  3
MCS_PARAMS_DATA
350
3AC
  3
MC_VERSION_DATA
350
6B2
  0
DICTIONARY
  5
351
102
{ACAD_REACTORS
330
C
102
}
330
C
100
AcDbDictionary
281
     1
  0
DICTIONARYVAR
  5
356
102
{ACAD_REACTORS
330
5E
102
}
330
5E
100
DictionaryVariables
280
     0
  1
0
  0
XRECORD
  5
357
102
{ACAD_REACTORS
330
34E
102
}
330
34E
100
AcDbXrecord
280
     1
300
MCS_DOCUMENT_ID
 90
       60
310
0600000002000000150000001C000000E304000000000000000000007801E38D39A1D6B6E8D213F7A9DB35A58F5E4AB9F51F0800771D0CDE15000000
  0
DICTIONARY
  5
358
330
22
100
AcDbDictionary
280
     1
281
     1
  3
CSD_PLOT_CONFIG
360
359
  0
DICTIONARY
  5
35A
102
{ACAD_REACTORS
330
C
102
}
330
C
100
AcDbDictionary
281
     1
  3
AutomatLayers
350
35B
  3
SelectConfigLayers
350
35C
  0
XRECORD
  5
35B
102
{ACAD_REACTORS
330
35A
102
}
330
35A
100
AcDbXrecord
280
     1
  0
XRECORD
  5
35C
102
{ACAD_REACTORS
330
35A
102
}
330
35A
100
AcDbXrecord
280
     1
  1

  0
DICTIONARY
  5
35D
102
{ACAD_REACTORS
330
C
102
}
330
C
100
AcDbDictionary
281
     1
  3
NCDocParameters
350
35E
  0
VISUALSTYLE
  5
35F
102
{ACAD_REACTORS
330
EF
102
}
330
EF
100
AcDbVisualStyle
  2
Wireframe
 70
     5
177
     2
291
     0
 70
    58
 90
        0
176
     1
 90
        2
176
     1
 90
        0
176
     1
 90
        0
176
     1
 40
0.6
176
     1
 40
30
176
     1
 62
     7
420
3271557119
176
     1
 90
        1
176
     1
 90
        4
176
     1
 62
     7
176
     1
 62
   257
176
     1
 90
        1
176
     1
 90
        1
176
     1
 40
1
176
     1
 90
        0
176
     1
 62
   257
176
     1
 40
1
176
     1
 90
        1
176
     1
 90
        6
176
     1
 90
        2
176
     1
 62
     7
176
     1
 90
        3
176
     1
 90
        0
176
     1
 90
        0
176
     1
290
     0
176
     1
 90
        1
176
     1
 40
0
176
     1
 90
        0
176
     1
290
     0
176
     1
290
     1
176
     1
290
     1
176
     1
290
     0
290
     0
176
     1
290
     0
290
     0
176
     1
290
     0
176
     1
290
     0
176
     1
 90
       50
176
     1
 40
0
176
     1
 40
1
176
     1
 90
        0
176
     1
 62
     0
420
3254779904
176
     1
 90
       50
176
     1
 90
        3
176
     1
 62
     5
420
3254780159
176
     1
290
     0
176
     1
 90
       50
176
     1
 90
       50
176
     1
 90
       50
176
     1
290
     0
176
     1
 90
       50
176
     1
 62
     0
176
     0
 40
1
176
     0
 90
        2
176
     1
  1
strokes_ogs.tif
176
     1
290
     0
176
     1
 40
1
176
     1
 40
1
176
     1
  0
VISUALSTYLE
  5
360
102
{ACAD_REACTORS
330
EF
102
}
330
EF
100
AcDbVisualStyle
  2
Hidden
 70
     6
177
     2
291
     0
 70
    58
 90
        1
176
     1
 90
        2
176
     1
 90
        2
176
     1
 90
        0
176
     1
 40
0.6
176
     1
 40
30
176
     1
 62
     7
420
3271557119
176
     1
 90
        2
176
     1
 90
        2
176
     1
 62
     7
176
     1
 62
   257
176
     1
 90
        2
176
     1
 90
        1
176
     1
 40
40
176
     1
 90
        0
176
     1
 62
   257
176
     1
 40
1
176
     1
 90
        1
176
     1
 90
        6
176
     1
 90
        2
176
     1
 62
     7
176
     1
 90
        3
176
     1
 90
        0
176
     1
 90
        0
176
     1
290
     0
176
     1
 90
        1
176
     1
 40
0
176
     1
 90
        0
176
     1
290
     0
176
     1
290
     1
176
     1
290
     1
176
     1
290
     0
290
     0
176
     1
290
     0
290
     0
176
     1
290
     0
176
     1
290
     0
176
     1
 90
       50
176
     1
 40
0
176
     1
 40
1
176
     1
 90
        0
176
     1
 62
     0
420
3254779904
176
     1
 90
       50
176
     1
 90
        3
176
     1
 62
     5
420
3254780159
176
     1
290
     0
176
     1
 90
       50
176
     1
 90
       50
176
     1
 90
       50
176
     1
290
     0
176
     1
 90
       50
176
     1
 62
     0
176
     0
 40
1
176
     0
 90
        2
176
     1
  1
strokes_ogs.tif
176
     1
290
     0
176
     1
 40
1
176
     1
 40
1
176
     1
  0
VISUALSTYLE
  5
361
102
{ACAD_REACTORS
330
EF
102
}
330
EF
100
AcDbVisualStyle
  2
JitterOff
 70
    20
177
     2
291
     1
 70
    58
 90
        2
176
     0
 90
        2
176
     0
 90
        0
176
     0
 90
        0
176
     0
 40
0.6
176
     0
 40
30
176
     0
 62
     7
420
3271557119
176
     0
 90
        1
176
     0
 90
        4
176
     0
 62
     7
176
     0
 62
   257
176
     0
 90
        1
176
     0
 90
        1
176
     0
 40
1
176
     0
 90
       10
176
     2
 62
     7
176
     0
 40
1
176
     0
 90
        1
176
     0
 90
        6
176
     0
 90
        2
176
     0
 62
     7
176
     0
 90
        5
176
     0
 90
        0
176
     0
 90
        0
176
     0
290
     0
176
     0
 90
        1
176
     0
 40
0
176
     0
 90
        0
176
     0
290
     0
176
     0
290
     1
176
     0
290
     1
176
     0
290
     0
290
     0
176
     0
290
     0
290
     0
176
     0
290
     0
176
     0
290
     0
176
     0
 90
       50
176
     0
 40
0
176
     0
 40
1
176
     0
 90
        0
176
     0
 62
     0
420
3254779904
176
     0
 90
       50
176
     0
 90
        3
176
     0
 62
     5
420
3254780159
176
     0
290
     0
176
     0
 90
       50
176
     0
 90
       50
176
     0
 90
       50
176
     0
290
     0
176
     0
 90
       50
176
     0
 62
     0
176
     0
 40
1
176
     0
 90
        2
176
     0
  1
strokes_ogs.tif
176
     0
290
     0
176
     0
 40
1
176
     0
 40
1
176
     0
  0
VISUALSTYLE
  5
362
102
{ACAD_REACTORS
330
EF
102
}
330
EF
100
AcDbVisualStyle
  2
OverhangOff
 70
    21
177
     2
291
     1
 70
    58
 90
        2
176
     0
 90
        2
176
     0
 90
        0
176
     0
 90
        0
176
     0
 40
0.6
176
     0
 40
30
176
     0
 62
     7
420
3271557119
176
     0
 90
        1
176
     0
 90
        4
176
     0
 62
     7
176
     0
 62
   257
176
     0
 90
        1
176
     0
 90
        1
176
     0
 40
1
176
     0
 90
        9
176
     2
 62
     7
176
     0
 40
1
176
     0
 90
        1
176
     0
 90
        6
176
     0
 90
        2
176
     0
 62
     7
176
     0
 90
        5
176
     0
 90
        0
176
     0
 90
        0
176
     0
290
     0
176
     0
 90
        1
176
     0
 40
0
176
     0
 90
        0
176
     0
290
     0
176
     0
290
     1
176
     0
290
     1
176
     0
290
     0
290
     0
176
     0
290
     0
290
     0
176
     0
290
     0
176
     0
290
     0
176
     0
 90
       50
176
     0
 40
0
176
     0
 40
1
176
     0
 90
        0
176
     0
 62
     0
420
3254779904
176
     0
 90
       50
176
     0
 90
        3
176
     0
 62
     5
420
3254780159
176
     0
290
     0
176
     0
 90
       50
176
     0
 90
       50
176
     0
 90
       50
176
     0
290
     0
176
     0
 90
       50
176
     0
 62
     0
176
     0
 40
1
176
     0
 90
        2
176
     0
  1
strokes_ogs.tif
176
     0
290
     0
176
     0
 40
1
176
     0
 40
1
176
     0
  0
VISUALSTYLE
  5
363
102
{ACAD_REACTORS
330
EF
102
}
330
EF
100
AcDbVisualStyle
  2
EdgeColorOff
 70
    22
177
     2
291
     1
 70
    58
 90
        2
176
     0
 90
        2
176
     0
 90
        0
176
     0
 90
        0
176
     0
 40
0.6
176
     0
 40
30
176
     0
 62
     7
420
3271557119
176
     0
 90
        1
176
     0
 90
        4
176
     0
 62
     7
176
     0
 62
   257
176
     0
 90
        1
176
     0
 90
        1
176
     0
 40
1
176
     0
 90
        8
176
     2
 62
     7
176
     0
 40
1
176
     0
 90
        1
176
     0
 90
        6
176
     0
 90
        2
176
     0
 62
     7
176
     0
 90
        5
176
     0
 90
        0
176
     0
 90
        0
176
     0
290
     0
176
     0
 90
        1
176
     0
 40
0
176
     0
 90
        0
176
     0
290
     0
176
     0
290
     1
176
     0
290
     1
176
     0
290
     0
290
     0
176
     0
290
     0
290
     0
176
     0
290
     0
176
     0
290
     0
176
     0
 90
       50
176
     0
 40
0
176
     0
 40
1
176
     0
 90
        0
176
     0
 62
     0
420
3254779904
176
     0
 90
       50
176
     0
 90
        3
176
     0
 62
     5
420
3254780159
176
     0
290
     0
176
     0
 90
       50
176
     0
 90
       50
176
     0
 90
       50
176
     0
290
     0
176
     0
 90
       50
176
     0
 62
     0
176
     0
 40
1
176
     0
 90
        2
176
     0
  1
strokes_ogs.tif
176
     0
290
     0
176
     0
 40
1
176
     0
 40
1
176
     0
  0
VISUALSTYLE
  5
364
102
{ACAD_REACTORS
330
EF
102
}
330
EF
100
AcDbVisualStyle
  2
Shades of Gray
 70
    23
177
     2
291
     0
 70
    58
 90
        2
176
     1
 90
        2
176
     1
 90
        3
176
     1
 90
        0
176
     1
 40
0.6
176
     1
 40
30
176
     1
 62
     7
420
3271557119
176
     1
 90
        2
176
     1
 90
        2
176
     1
 62
     7
176
     1
 62
     7
176
     1
 90
        1
176
     1
 90
        1
176
     1
 40
40
176
     1
 90
        8
176
     1
 62
     7
176
     1
 40
1
176
     1
 90
        1
176
     1
 90
        6
176
     1
 90
        2
176
     1
 62
     7
176
     1
 90
        3
176
     1
 90
        0
176
     1
 90
        0
176
     1
290
     0
176
     1
 90
        1
176
     1
 40
0
176
     1
 90
        0
176
     1
290
     0
176
     1
290
     1
176
     1
290
     1
176
     1
290
     0
290
     0
176
     1
290
     0
290
     0
176
     1
290
     0
176
     1
290
     0
176
     1
 90
       50
176
     1
 40
0
176
     1
 40
1
176
     1
 90
        0
176
     1
 62
     0
420
3254779904
176
     1
 90
       50
176
     1
 90
        3
176
     1
 62
     5
420
3254780159
176
     1
290
     0
176
     1
 90
       50
176
     1
 90
       50
176
     1
 90
       50
176
     1
290
     0
176
     1
 90
       50
176
     1
 62
     0
176
     0
 40
1
176
     0
 90
        2
176
     1
  1
strokes_ogs.tif
176
     1
290
     0
176
     1
 40
1
176
     1
 40
1
176
     1
  0
VISUALSTYLE
  5
365
102
{ACAD_REACTORS
330
EF
102
}
330
EF
100
AcDbVisualStyle
  2
Sketchy
 70
    24
177
     2
291
     0
 70
    58
 90
        1
176
     1
 90
        2
176
     1
 90
        2
176
     1
 90
        0
176
     1
 40
0.6
176
     1
 40
30
176
     1
 62
     7
420
3271557119
176
     1
 90
        2
176
     1
 90
        2
176
     1
 62
     7
176
     1
 62
     7
176
     1
 90
        1
176
     1
 90
        1
176
     1
 40
40
176
     1
 90
       11
176
     1
 62
     7
176
     1
 40
1
176
     1
 90
        1
176
     1
 90
        6
176
     1
 90
        2
176
     1
 62
     7
176
     1
 90
        6
176
     1
 90
        0
176
     1
 90
        0
176
     1
290
     0
176
     1
 90
        1
176
     1
 40
0
176
     1
 90
        0
176
     1
290
     0
176
     1
290
     1
176
     1
290
     1
176
     1
290
     0
290
     0
176
     1
290
     0
290
     0
176
     1
290
     0
176
     1
290
     0
176
     1
 90
       50
176
     1
 40
0
176
     1
 40
1
176
     1
 90
        0
176
     1
 62
     0
420
3254779904
176
     1
 90
       50
176
     1
 90
        3
176
     1
 62
     5
420
3254780159
176
     1
290
     0
176
     1
 90
       50
176
     1
 90
       50
176
     1
 90
       50
176
     1
290
     0
176
     1
 90
       50
176
     1
 62
     0
176
     0
 40
1
176
     0
 90
        2
176
     1
  1
strokes_ogs.tif
176
     1
290
     0
176
     1
 40
1
176
     1
 40
1
176
     1
  0
VISUALSTYLE
  5
366
102
{ACAD_REACTORS
330
EF
102
}
330
EF
100
AcDbVisualStyle
  2
X-Ray
 70
    25
177
     2
291
     0
 70
    58
 90
        2
176
     1
 90
        2
176
     1
 90
        1
176
     1
 90
        1
176
     1
 40
0.5
176
     1
 40
30
176
     1
 62
     7
420
3271557119
176
     1
 90
        1
176
     1
 90
        0
176
     1
 62
     7
176
     1
 62
   257
176
     1
 90
        1
176
     1
 90
        1
176
     1
 40
1
176
     1
 90
        8
176
     1
 62
     7
176
     1
 40
1
176
     1
 90
        1
176
     1
 90
        6
176
     1
 90
        2
176
     1
 62
     7
176
     1
 90
        3
176
     1
 90
        0
176
     1
 90
        0
176
     1
290
     0
176
     1
 90
       13
176
     1
 40
0
176
     1
 90
        0
176
     1
290
     0
176
     1
290
     1
176
     1
290
     1
176
     1
290
     0
290
     0
176
     1
290
     0
290
     0
176
     1
290
     0
176
     1
290
     0
176
     1
 90
       50
176
     1
 40
0
176
     1
 40
1
176
     1
 90
        0
176
     1
 62
     0
420
3254779904
176
     1
 90
       50
176
     1
 90
        3
176
     1
 62
     5
420
3254780159
176
     1
290
     0
176
     1
 90
       50
176
     1
 90
       50
176
     1
 90
       50
176
     1
290
     0
176
     1
 90
       50
176
     1
 62
     0
176
     0
 40
1
176
     0
 90
        2
176
     1
  1
strokes_ogs.tif
176
     1
290
     0
176
     1
 40
1
176
     1
 40
1
176
     1
  0
VISUALSTYLE
  5
367
102
{ACAD_REACTORS
330
EF
102
}
330
EF
100
AcDbVisualStyle
  2
Shaded with edges
 70
    26
177
     2
291
     0
 70
    58
 90
        2
176
     1
 90
        2
176
     1
 90
        1
176
     1
 90
        2
176
     1
 40
0.6
176
     1
 40
30
176
     1
 62
     7
420
3271557119
176
     1
 90
        1
176
     1
 90
       10
176
     1
 62
     7
176
     1
 62
   257
176
     1
 90
        2
176
     1
 90
        1
176
     1
 40
1
176
     1
 90
        8
176
     1
 62
   257
176
     1
 40
1
176
     1
 90
        1
176
     1
 90
        6
176
     1
 90
        2
176
     1
 62
     7
176
     1
 90
        3
176
     1
 90
        0
176
     1
 90
        0
176
     1
290
     0
176
     1
 90
        5
176
     1
 40
0
176
     1
 90
        0
176
     1
290
     0
176
     1
290
     1
176
     1
290
     1
176
     1
290
     0
290
     0
176
     1
290
     0
290
     0
176
     1
290
     0
176
     1
290
     0
176
     1
 90
       50
176
     1
 40
0
176
     1
 40
1
176
     1
 90
        0
176
     1
 62
     0
420
3254779904
176
     1
 90
       50
176
     1
 90
        3
176
     1
 62
     5
420
3254780159
176
     1
290
     0
176
     1
 90
       50
176
     1
 90
       50
176
     1
 90
       50
176
     1
290
     0
176
     1
 90
       50
176
     1
 62
     0
176
     0
 40
1
176
     0
 90
        2
176
     1
  1
strokes_ogs.tif
176
     1
290
     0
176
     1
 40
1
176
     1
 40
1
176
     1
  0
VISUALSTYLE
  5
368
102
{ACAD_REACTORS
330
EF
102
}
330
EF
100
AcDbVisualStyle
  2
Shaded
 70
    27
177
     2
291
     0
 70
    58
 90
        2
176
     1
 90
        2
176
     1
 90
        1
176
     1
 90
        2
176
     1
 40
0.6
176
     1
 40
30
176
     1
 62
     7
420
3271557119
176
     1
 90
        0
176
     1
 90
        4
176
     1
 62
     7
176
     1
 62
   257
176
     1
 90
        1
176
     1
 90
        1
176
     1
 40
1
176
     1
 90
        8
176
     1
 62
   257
176
     1
 40
1
176
     1
 90
        1
176
     1
 90
        6
176
     1
 90
        2
176
     1
 62
   256
420
3262675064
176
     1
 90
        3
176
     1
 90
        0
176
     1
 90
        0
176
     1
290
     0
176
     1
 90
        5
176
     1
 40
0
176
     1
 90
        0
176
     1
290
     0
176
     1
290
     1
176
     1
290
     1
176
     1
290
     0
290
     0
176
     1
290
     0
290
     0
176
     1
290
     0
176
     1
290
     0
176
     1
 90
       50
176
     1
 40
0
176
     1
 40
1
176
     1
 90
        0
176
     1
 62
     0
420
3254779904
176
     1
 90
       50
176
     1
 90
        3
176
     1
 62
     5
420
3254780159
176
     1
290
     0
176
     1
 90
       50
176
     1
 90
       50
176
     1
 90
       50
176
     1
290
     0
176
     1
 90
       50
176
     1
 62
     0
176
     0
 40
1
176
     0
 90
        2
176
     1
  1
strokes_ogs.tif
176
     1
290
     0
176
     1
 40
1
176
     1
 40
1
176
     1
  0
SUN
  5
369
330
EA
100
AcDbSun
 90
        1
290
     0
 63
     7
421
3271557119
 40
1
291
     1
 91
  2455826
 92
 54000000
292
     0
 70
     2
 71
   256
280
     1
  0
SUN
  5
36A
330
214
100
AcDbSun
 90
        1
290
     0
 63
     7
421
3271557119
 40
1
291
     1
 91
  2455826
 92
 54000000
292
     0
 70
     2
 71
   256
280
     1
  0
SUN
  5
36B
330
219
100
AcDbSun
 90
        1
290
     0
 63
     7
421
3271557119
 40
1
291
     1
 91
  2455826
 92
 54000000
292
     0
 70
     2
 71
   256
280
     1
  0
SUN
  5
36C
330
21E
100
AcDbSun
 90
        1
290
     0
 63
     7
421
3271557119
 40
1
291
     1
 91
  2455826
 92
 54000000
292
     0
 70
     2
 71
   256
280
     1
  0
SUN
  5
36D
330
223
100
AcDbSun
 90
        1
290
     0
 63
     7
421
3271557119
 40
1
291
     1
 91
  2455826
 92
 54000000
292
     0
 70
     2
 71
   256
280
     1
  0
SUN
  5
36E
330
228
100
AcDbSun
 90
        1
290
     0
 63
     7
421
3271557119
 40
1
291
     1
 91
  2455826
 92
 54000000
292
     0
 70
     2
 71
   256
280
     1
  0
DICTIONARY
  5
3A3
102
{ACAD_REACTORS
330
C
102
}
330
C
100
AcDbDictionary
281
     1
  0
DICTIONARY
  5
3A4
102
{ACAD_REACTORS
330
C
102
}
330
C
100
AcDbDictionary
281
     1
  0
XRECORD
  5
3AC
102
{ACAD_REACTORS
330
34E
102
}
330
34E
100
AcDbXrecord
280
     1
300
MCS_PARAMS_DATA
 90
     3445
310
0600000002000000D64E00001C000000E304000000000000000000007801CD5C6B90154715BE3B33CB32BBBCF69565030B0B0ACA10E0B2B0988712A1A2292D0C2983E52FABAC0ABF542251CA44A3117FA4B4FC9132A94A9529CBB22412134A4D7C947F2C9228211A1203090924910B8B045F319B80794002BB9EEF74F7F4E9
310
E99995AC3BF76EAAA8CCF96EDFF94E7F7DFA9CEE9ED9DB3F6B4A183485E1BD9530FCFCFA2561D01286A36118006D0F7AE9A3208E83F65AD0B2309A15B54773A2D9D1E26869140681FBF17BA379517F34971A2DE48FA3F6A095BF9DFC7E7494EEB8BD92020F3250A11BE8163F5200116AE07602DA8329F87ED3C230FC1C1C6B
310
968E71BBA630C217E1496A57C826EA36FE6AD85CA910C0DC2E02F20C42EC1211F45F00FD14493F55DD3EE865726D8D90B7446DAC50F10A13A4D224C6D414745B403755D2CD6721E3A0A716B47692CE0B48E3FECA4065796555A55A595DB112C4C98B2C09F9D1ADBF347D3868BD7AE3759BFA0796AFAAAE7606E284D2DDE817
310
27CF28C00E04C64EB876035C5B2A5D9B0196700AE94CFF451F664F3C8CBCC9623C261E08857C90DCC980C2A52F7AB1214671C42A6382C50D8E112F3808C904071037384604FF8D45C181701003EE0607CD384C0833FC64CAE0802982832ED3A9B00D74811C01FE285CC464E935F5D25C33516A80C61AE6CEE12241B1D5A3D0
310
EAAFE2FF4E5CC9541E6607396D2707D98262900548AE646E295C3ADA46BD2ECC4CFD94747A28F5745302D29949E791213319B47D80E35BA4A287198047BAC52F1440DE68E08704084F8EC113643F644D8C6F0BFE4FE328DA1C576DC2739447A92909A3C7999ACA618729869D4DBA4FDA58DCF2086ED9E30D3B25471163704A
310
905194881843D0483298828C7AF271F4A4A535581F8471D05B0BDAFAA2414A331F88AAD107E9EA43D1C6687DB4218A83E9B5A07961B436BA3ABA9C3E53D5A187AED6512B8585E109383C573AFC1E7DFB3941B0240EBA87838EEACD83D5CB560FAC5A3F58AD0E7CF4D255AB2FE3DECCD20DA752C3E410C603BD72D0477894D0
310
3B07BE5F0D1EF5C581EF5430F5D6816F2158483C188D2531CF19C84DAE986B3BB350A4206EFA09A4D5467BB04177E82A08BBA41674F693506BA24B49D6FECA3A127280055E47F2025B4B42E22A0E5A6A41D0C512C7B520C470AC8FC2700D1CAD4A69FB404065BABB16C4F3A8CDE5D115D135341418B4B5AA54EB683E0229D0
310
076D3FC9D28809F13BA515F545B7D8A500EA8F06EE26A03DB0A31926DF26849C1D0EA2952B5656D32BAA35AF87E4AA53B8BDE4EC02E49903B0C42E029D330839279154FA307CA3D10EBCD96807CE34DA81B71AEDC0D9463BD08909DBC859F04EA31578BBD10E9C8303B94BF801A782924529C854E001B78292292B284CCA3C
310
69639176CE17D2C50E1DED1F045DECD29129E9600ABA58D08D14D2391B146C57045DAF4B47A6A48329E87A055D05F19C2BA6DBBBF73B74E3EEDD687D7BD754D8BB52C4EC2AA4DBEC840A5962EC36BB6347A61C3B9862EC368BB10B0BE94AE95D505FBA8B40474B247B826156645826A7D724A4B9BED0355CDAFE704B96C2EC
310
0078B8AC4124A9C12CD6C258098B86CA58C2B1BE988868956EFBC299265C8C653EDDC0D9120FD1A6CC8407B590E1A1CC343CB469C203A6203D85DEE592AADDCE58A4727343B7959B1B6D0A52BA4C257DC123E58F26724FDB8AC0E897623245CB529632BD368141B80D0C1890CFB4E2B9A50DD18B0E50387B54796CD347BBD3
310
F9F4EF7D7C40D647FBD45E67619E1EDB74E9B5FCB4E120FED435D76ED8B869D347AE52DEE805F84BD925FAC1EC12FD0FBC446717B133D93C9B3C035B66CF4ADBA7B4CD2568E378CF1F710CBA077D0BE804706ED441C7507332077DBCDB66DDB4A7FBB39E3E94F5F4E7AEA7CBE0456EF835F3409919808DB5AEBC145AB4B44A
310
37BACA94D14E9FA6C9109F8A4E570BE972A2FD8C3BC5C61DED5F292475FB48D644F4F1268FCE39663948BDB2C9449DC70023EA6C3B16D90321B50FD2F4CE8042F6959E4B665C5D0526689457D4976E797DE96EBE40BA090AA7AF7A749971AE7F387DCD73293F9C2648815BEA4BF7F5FAD27DA3BE74B77A740D0FA71D3DD94A
310
A8AB59D359F9B0294E4E9DD16769A652DA2503954DBB6460C3AC77E22522117E19BD1FFB6080B9F1ECC27FB0F5FF3FBBD806FEBC8DDC58CF2E681769CB2DD5C90BDF376E059DF3606BA65EECE0EC10CFA8387968B9DB4FBA47956B6033B36EB08801D41F0D742980A4D640488090FB1E8CEC05CA2DB949FEF43122DFD90029
310
770A186E0508EEFBC0ED3C397393940E7BFB1C6D226AFFF5109C48CF5325A5EC47CE19D216677141EB3EB98022532EA060CAAF8A5EDD8F5EE5AED7D41EC5D09125FA435F9074644A3A9882CE2CBCB190DD555FBA9F14D2A9754A2963B6F37F901A4927A89ADD5B5FBA9F16D2A915B7E91D592260C6BDD6BE111300A168763E
310
E6FEA108E22F651B654A9068FA06DC7776493AD39C3C8D846153D1736C5317F4E77B61CBE4F51B06D2041227F728C0249038B9930041FD26A89DE46552119706434D89C7940AF9B9A5D60D78CA392D30E90420A8DF02F5BB2D135442EC2C6F0A61A6B35C9B6696C314746740E79409762B4E468FBA22BFCAB615B9EB5846E4
310
900121F2697C83D38BBEE5710204F559503B59DA9BE324B487910B598CFBEE8170C507A9F31950B8F4F6E473E91DB8941F8A72801069B0CD0069DB0D451E0F19BCCE00A9AF0835CE819A2A843D147394C31E3D2BB1DEB767DBF903440D3944BD9698191950B874DE73C924995252DA48211D1579EABB217737CFF265243A04
310
21339D8CDA349311A6E8DDA8479751A2FE825754BE163120FA3CF10A34D5972EA82F5DE8D1E9F1B54741764259CC66BC149313CA8222E309D04E28038A90DB8390CB2BB2DB5F96E9254EB6B26DD24B9C7C16B64D2F71B2910191FFD72A80E875FE5F4680A07E14D44E6693EF1570A88B12C9A9CD69C0E42E02F60C42F41211
310
FC7BC19F5769C77AD370FC1BB2C740975769EF3AEC2A7D1BDB56E95DB0A5D277332094FE8E02ACD23711207AFA47504FAE4AFB276FF0D3B1966A9451D61E07F5E42A6BFB3C974C962DA5AC3D5148574A597BD2A36B7859FBB3E79211BC14059E5274636F8DF65F48A303D946990A2266FDD3689A97DA77E2E846EC9FEE62DB
310
269CDBF86847BCA7B68D019170AE57804D389F2440503F036A27B5A7B31B476B94A51DDB5063B69B57C8658377B37F3A08EABCAC3ED631DBF8F74FCF822E2FAB3FFCB42BF2036C9B9EC6C9B3B06556DFC38010F9570AB022FF980021F273A09E5C59FD50F1B84B35CAC8EA87413DB9B2FAF39E4B26C99492D55F28A42B25A7
310
BDE8D1353CABFFC573C9085E8A0247EA4BB7DADB3D94DABB418F2E536A388F7B1865B82CC659CE0391E97C90B25D061419AF06C1F32ADAC1CC61D59ECC61D5AFF9284A54B41D0C88647B87026CB2DD4E80A03E0AEAC654B463A0AE5F451B025D5E457B659FCCE1715263DB56B4E0894C453B8506B676C7C99002ACC8FB0910
310
221F077571459B96F3174FC06CC8A9273A84C990B3A0083901DA9033A070E9AF63BBD4883FC23A01979C4A67F2402965E525D0E547BE8C87326AFA49AFA73A37A8816AC401E4DF3C974A15FF9B48C2CBE411AC79FE8D45747A4D33C05C73E4A70622DE1A14E9DAD01778CEF72D5038E32BCE4BCE71927701227300667411D0
310
6610E2968870603B1CC8CD6FEAA53D16981E5B9045D4D6625E6182549AC4989A82EEEF18C1BC2272FBF3329EE3E456B68992B7227172036C26D5C0671800AD06362880883570050182FA1FC553A9EC6DD13F419D2BB2481AFCA8488A3CEEC74AFF025D5E11B9EF5157E4EFB36D45DE0D5B8AFC330684C83F508015F9BB0408
310
915F06F5E42A22FF1EDBA546149157E09233EB39644D1637316D6C3340DAB6036480748052C00C9002C4000D83BA7EF5EB558FAEE145E435CF254E54E162BCA163B298B24CC663CB663C65A6194F9B26E3C114829F2AA46B75E8C81274AD6A1A1ACFC8947430055DABA03B5D4857CA2EEC3F8574A5BC16F37A215D296317A1
310
38E655AB219C0EA527697172806D334FE3E4113E3DC296C7D67F33ABE364077F9ABE851027771020C6B0D95B14A4E9A1EC4A35A5703920049EB84AD502BABC4A35B2DB1578986D2B70E743994A15309026427A6711DF902F400C1120449E0AEAE24AD588B210178FBB54432779A48B342E1C35D22A60422E050ACB422BA89D
310
B2D0F03CDDE6B964B2A10845CEBD3271CA45934ECC4E4E7712A7CCD3D30AE94A499CD33DBA860B3EC373C9085E8A0233EB4B37ABBE74ED1E9D1E5FF31A00970F0FA3399DC578DDE181C8743E48019D0145C6DBE0B964C657BDE4292C72C35ACEC28756AD72250253AC44E49F1C7DC2A3CBB8567F053AE0525E3D9FC5A76926
310
5DC649856D9360E3E4B5C79D041B27C71810E5E6290598041B27BB0910E277823A7FC95F764DEF0275FD769FDDA0CBABE9C96F65158B938BD9B6225F09DB6E6EE264390342E43E055891A7112044BE08D493ABA6F7148FBB54A38C9A3E1BD493ABA6F77A2E993453464DC786AE2D0EA2E1A0A9AADED01C694EBEB797748FF0
310
BA2619B31F630333B0370EF0D333F8C9B1D9917E9FB33759C6AD0F1D3A44ADE9E780E807C6AACB07FBB76CE9FFD8751B75A38164DF2FED5D924F2346A3CA28FD5419DD727E2D98318F7E4C0E3FDCD4AE7F31AE83FEDFCDBF1FB7024420BF36D9C9F7305F5B500B66769027F3E96F4FE7D2BF4EFE6A37FD1DEA2511FEA2B61B
310
7FF95D219F2EFE2F2DA91EAED64E0000
  0
DICTIONARY
  5
448
330
447
100
AcDbDictionary
280
     1
281
     1
  3
MC_XOBJECT1
360
449
  0
DICTIONARY
  5
457
330
456
100
AcDbDictionary
280
     1
281
     1
  3
MC_XOBJECT1
360
458
  0
DICTIONARY
  5
467
330
466
100
AcDbDictionary
280
     1
281
     1
  3
MC_XOBJECT1
360
468
  0
DICTIONARY
  5
474
330
473
100
AcDbDictionary
280
     1
281
     1
  3
MC_XOBJECT1
360
475
  0
DICTIONARY
  5
493
330
492
100
AcDbDictionary
280
     1
281
     1
  3
MC_XOBJECT1
360
494
  0
DICTIONARY
  5
4A2
330
4A1
100
AcDbDictionary
280
     1
281
     1
  3
MC_XOBJECT1
360
4A3
  0
DICTIONARY
  5
4AF
330
4AE
100
AcDbDictionary
280
     1
281
     1
  3
MC_XOBJECT1
360
4B0
  0
DICTIONARY
  5
4BC
330
4BB
100
AcDbDictionary
280
     1
281
     1
  3
MC_XOBJECT1
360
4BD
  0
DICTIONARY
  5
4C9
330
4C8
100
AcDbDictionary
280
     1
281
     1
  3
MC_XOBJECT1
360
4CA
  0
DICTIONARY
  5
4D9
330
4D8
100
AcDbDictionary
280
     1
281
     1
  3
MC_XOBJECT1
360
4DA
  0
DICTIONARY
  5
4EF
330
4EE
100
AcDbDictionary
280
     1
281
     1
  3
MC_XOBJECT1
360
4F0
  0
DICTIONARY
  5
4FE
330
4FD
100
AcDbDictionary
280
     1
281
     1
  3
MC_XOBJECT1
360
4FF
  0
DICTIONARY
  5
50D
330
50C
100
AcDbDictionary
280
     1
281
     1
  3
MC_XOBJECT1
360
50E
  0
DICTIONARY
  5
51C
330
51B
100
AcDbDictionary
280
     1
281
     1
  3
MC_XOBJECT1
360
51D
  0
DICTIONARY
  5
532
330
531
100
AcDbDictionary
280
     1
281
     1
  3
MC_XOBJECT1
360
533
  0
DICTIONARY
  5
544
330
543
100
AcDbDictionary
280
     1
281
     1
  3
MC_XOBJECT1
360
545
  0
DICTIONARY
  5
56D
330
56C
100
AcDbDictionary
280
     1
281
     1
  3
MC_XOBJECT1
360
56E
  0
DICTIONARY
  5
57C
330
57B
100
AcDbDictionary
280
     1
281
     1
  3
MC_XOBJECT1
360
57D
  0
DICTIONARY
  5
58B
330
58A
100
AcDbDictionary
280
     1
281
     1
  3
MC_XOBJECT1
360
58C
  0
DICTIONARY
  5
59A
330
599
100
AcDbDictionary
280
     1
281
     1
  3
MC_XOBJECT1
360
59B
  0
DICTIONARY
  5
5AC
330
5AB
100
AcDbDictionary
280
     1
281
     1
  3
MC_XOBJECT1
360
5AD
  0
DICTIONARY
  5
5BB
330
5BA
100
AcDbDictionary
280
     1
281
     1
  3
MC_XOBJECT1
360
5BC
  0
DICTIONARY
  5
5CA
330
5C9
100
AcDbDictionary
280
     1
281
     1
  3
MC_XOBJECT1
360
5CB
  0
DICTIONARY
  5
5F2
330
5F1
100
AcDbDictionary
280
     1
281
     1
  3
MC_XOBJECT1
360
5F3
  0
DICTIONARY
  5
604
330
603
100
AcDbDictionary
280
     1
281
     1
  3
MC_XOBJECT1
360
605
  0
DICTIONARY
  5
61A
330
619
100
AcDbDictionary
280
     1
281
     1
  3
MC_XOBJECT1
360
61B
  0
DICTIONARY
  5
62C
330
62B
100
AcDbDictionary
280
     1
281
     1
  3
MC_XOBJECT1
360
62D
  0
DICTIONARY
  5
640
330
63F
100
AcDbDictionary
280
     1
281
     1
  3
MC_XOBJECT1
360
641
  0
DICTIONARY
  5
667
330
666
100
AcDbDictionary
280
     1
281
     1
  3
MC_XOBJECT1
360
668
  0
DICTIONARY
  5
679
330
678
100
AcDbDictionary
280
     1
281
     1
  3
MC_XOBJECT1
360
67A
  0
DICTIONARY
  5
68C
330
68B
100
AcDbDictionary
280
     1
281
     1
  3
MC_XOBJECT1
360
68D
  0
DICTIONARY
  5
69E
330
69D
100
AcDbDictionary
280
     1
281
     1
  3
MC_XOBJECT1
360
69F
  0
DICTIONARY
  5
6B0
330
2
100
AcDbDictionary
280
     1
281
     1
  3
ACAD_LAYERSTATES
360
6B1
  0
DICTIONARY
  5
6B1
102
{ACAD_REACTORS
330
6B0
102
}
330
6B0
100
AcDbDictionary
281
     1
  0
XRECORD
  5
6B2
102
{ACAD_REACTORS
330
34E
102
}
330
34E
100
AcDbXrecord
280
     1
300
MC_VERSION_DATA
 90
       91
310
0600000002000000530000001C000000E304000000000000000000007801936764E5D8CF7A8793918115C460606066E0646662626666706006F214393899B8DE31B1E725E6E53B3BBA1050AB75F9FFFFFF5200E52B0DE353000000
  0
ENDSEC
  0
EOF
