999
LibreDWG 0.13.3
  0
SECTION
  2
HEADER
  9
$ACADVER
  1
AC1032
  9
$ACADMAINTVER
 90
       55
  9
$DWGCODEPAGE
  3
ANSI_1251
  9
$LASTSAVEDBY
  1
ldovg
  9
$REQUIREDVERSIONS
160
           0
  9
$INSBASE
 10
0
 20
0
 30
0
  9
$EXTMIN
 10
14.74957356492243
 20
246.852286679662
 30
0
  9
$EXTMAX
 10
216.5070983613411
 20
464.1098605063597
 30
0
  9
$LIMMIN
 10
0
 20
0
  9
$LIMMAX
 10
12
 20
9
  9
$ORTHOMODE
 70
     1
  9
$REGENMODE
 70
     1
  9
$FILLMODE
 70
     1
  9
$QTEXTMODE
 70
     0
  9
$MIRRTEXT
 70
     1
  9
$LTSCALE
 40
1
  9
$ATTMODE
 70
     1
  9
$TEXTSIZE
 40
3.5
  9
$TRACEWID
 40
10
  9
$TEXTSTYLE
  7
GOST
  9
$CLAYER
  8
0
  9
$CELTYPE
  6
CONTINUOUS
  9
$CECOLOR
 62
     0
  9
$CELTSCALE
 40
1
  9
$DISPSILH
 70
     0
  9
$DIMSCALE
 40
1
  9
$DIMASZ
 40
2.5
  9
$DIMEXO
 40
0
  9
$DIMDLI
 40
3.5
  9
$DIMRND
 40
0
  9
$DIMDLE
 40
0
  9
$DIMEXE
 40
1.500000000000001
  9
$DIMTP
 40
0
  9
$DIMTM
 40
0
  9
$DIMTXT
 40
2.5
  9
$DIMCEN
 40
2.5
  9
$DIMTSZ
 40
0
  9
$DIMTOL
 70
     0
  9
$DIMLIM
 70
     0
  9
$DIMTIH
 70
     0
  9
$DIMTOH
 70
     0
  9
$DIMSE1
 70
     0
  9
$DIMSE2
 70
     0
  9
$DIMTAD
 70
     1
  9
$DIMZIN
 70
     8
  9
$DIMBLK
  1

  9
$DIMASO
 70
     1
  9
$DIMSHO
 70
     0
  9
$DIMPOST
  1

  9
$DIMAPOST
  1

  9
$DIMALT
 70
     0
  9
$DIMALTD
 70
     3
  9
$DIMALTF
 40
0.03937007874016
  9
$DIMLFAC
 40
1
  9
$DIMTOFL
 70
     1
  9
$DIMTVP
 40
0
  9
$DIMTIX
 70
     0
  9
$DIMSOXD
 70
     0
  9
$DIMSAH
 70
     0
  9
$DIMBLK1
  1

  9
$DIMBLK2
  1

  9
$DIMSTYLE
  2
max
  9
$DIMCLRD
 70
     0
  9
$DIMCLRE
 70
     0
  9
$DIMCLRT
 70
     0
  9
$DIMTFAC
 40
1
  9
$DIMGAP
 40
2
  9
$DIMJUST
 70
     0
  9
$DIMSD1
 70
     0
  9
$DIMSD2
 70
     0
  9
$DIMTOLJ
 70
     0
  9
$DIMTZIN
 70
     8
  9
$DIMALTZ
 70
     0
  9
$DIMALTTZ
 70
     0
  9
$DIMUPT
 70
     0
  9
$DIMDEC
 70
     0
  9
$DIMTDEC
 70
     0
  9
$DIMALTU
 70
     2
  9
$DIMALTTD
 70
     3
  9
$DIMTXSTY
  7
ADRF1
  9
$DIMAUNIT
 70
     0
  9
$DIMADEC
 70
     0
  9
$DIMALTRND
 40
0
  9
$DIMAZIN
 70
     0
  9
$DIMDSEP
 70
    44
  9
$DIMATFIT
 70
     3
  9
$DIMFRAC
 70
     0
  9
$DIMLDRBLK
  1

  9
$DIMLUNIT
 70
     2
  9
$DIMLWD
 70
     5
  9
$DIMLWE
 70
     5
  9
$DIMTMOVE
 70
     0
  9
$DIMFXL
 40
1
  9
$DIMFXLON
 70
     0
  9
$DIMJOGANG
 40
0.7853981633974483
  9
$DIMTFILL
 70
     0
  9
$DIMTFILLCLR
 70
     0
  9
$DIMARCSYM
 70
     0
  9
$DIMLTYPE
  6

  9
$DIMLTEX1
  6

  9
$DIMLTEX2
  6

  9
$DIMTXTDIRECTION
 70
     0
  9
$LUNITS
 70
     2
  9
$LUPREC
 70
     2
  9
$AXISMODE
 70
     0
  9
$AXISUNIT
 10
0
 20
0
  9
$SKETCHINC
 40
1
  9
$FILLETRAD
 40
1.5
  9
$AUNITS
 70
     0
  9
$AUPREC
 70
     4
  9
$MENU
  1
a
  9
$ELEVATION
 40
0
  9
$PELEVATION
 40
0
  9
$THICKNESS
 40
0
  9
$LIMCHECK
 70
     0
  9
$CHAMFERA
 40
0
  9
$CHAMFERB
 40
0
  9
$CHAMFERC
 40
1
  9
$CHAMFERD
 40
0.7853981633974483
  9
$SKPOLY
 70
     0
  9
$TDCREATE
 40
2452034.326141300
  9
$TDUCREATE
 40
2452034.326141300
  9
$TDUPDATE
 40
2461290.580477110
  9
$TDUUPDATE
 40
2461290.580477110
  9
$TDINDWG
 40
1.111982970
  9
$TDUSRTIMER
 40
1.111982470
  9
$USRTIMER
 70
     1
  9
$ANGBASE
 50
0
  9
$ANGDIR
 70
     0
  9
$PDMODE
 70
     0
  9
$PDSIZE
 40
0
  9
$PLINEWID
 40
0
  9
$SPLFRAME
 70
     0
  9
$SPLINETYPE
 70
     6
  9
$SPLINESEGS
 70
    80
  9
$HANDSEED
  5
8A7A
  9
$SURFTAB1
 70
    18
  9
$SURFTAB2
 70
    18
  9
$SURFTYPE
 70
     6
  9
$SURFU
 70
    18
  9
$SURFV
 70
    18
  9
$UCSBASE
  2

  9
$UCSNAME
  2

  9
$UCSORG
 10
0
 20
0
 30
0
  9
$UCSXDIR
 10
1
 20
0
 30
0
  9
$UCSYDIR
 10
0
 20
1
 30
0
  9
$UCSORTHOREF
  2

  9
$UCSORTHOVIEW
 70
     0
  9
$UCSORGTOP
 10
0
 20
0
 30
0
  9
$UCSORGBOTTOM
 10
0
 20
0
 30
0
  9
$UCSORGLEFT
 10
0
 20
0
 30
0
  9
$UCSORGRIGHT
 10
0
 20
0
 30
0
  9
$UCSORGFRONT
 10
0
 20
0
 30
0
  9
$UCSORGBACK
 10
0
 20
0
 30
0
  9
$PUCSBASE
  2

  9
$PUCSNAME
  2

  9
$PUCSORG
 10
0
 20
0
 30
0
  9
$PUCSXDIR
 10
1
 20
0
 30
0
  9
$PUCSYDIR
 10
0
 20
1
 30
0
  9
$PUCSORTHOREF
  2

  9
$PUCSORTHOVIEW
 70
     0
  9
$PUCSORGTOP
 10
0
 20
0
 30
0
  9
$PUCSORGBOTTOM
 10
0
 20
0
 30
0
  9
$PUCSORGLEFT
 10
0
 20
0
 30
0
  9
$PUCSORGRIGHT
 10
0
 20
0
 30
0
  9
$PUCSORGFRONT
 10
0
 20
0
 30
0
  9
$PUCSORGBACK
 10
0
 20
0
 30
0
  9
$USERI1
 70
     0
  9
$USERI2
 70
     0
  9
$USERI3
 70
     0
  9
$USERI4
 70
     0
  9
$USERI5
 70
     0
  9
$USERR1
 40
0
  9
$USERR2
 40
0
  9
$USERR3
 40
0
  9
$USERR4
 40
0
  9
$USERR5
 40
0
  9
$WORLDVIEW
 70
     1
  9
$SHADEDGE
 70
     3
  9
$SHADEDIF
 70
    70
  9
$TILEMODE
 70
     0
  9
$MAXACTVP
 70
    16
  9
$PINSBASE
 10
0
 20
0
 30
0
  9
$PLIMCHECK
 70
     0
  9
$PEXTMIN
 10
6.777424470315452
 20
3.427238435783238
 30
-1.12498E-11
  9
$PEXTMAX
 10
207.0735750321102
 20
280.3492322108881
 30
2.956E-13
  9
$PLIMMIN
 10
1.580516154596356
 20
-7.011849240505701
  9
$PLIMMAX
 10
212.0777663790361
 20
290.6974648282479
  9
$UNITMODE
 70
     0
  9
$VISRETAIN
 70
     0
  9
$PLINEGEN
 70
     0
  9
$PSLTSCALE
 70
     1
  9
$TREEDEPTH
 70
  3020
  9
$CMLSTYLE
  2
Standard
  9
$CMLJUST
 70
     0
  9
$CMLSCALE
 40
1
  9
$PROXYGRAPHICS
 70
     0
  9
$MEASUREMENT
 70
     1
  9
$CELWEIGHT
370
     5
  9
$ENDCAPS
280
     0
  9
$JOINSTYLE
280
     0
  9
$LWDISPLAY
290
     1
  9
$INSUNITS
 70
     0
  9
$HYPERLINKBASE
  1

  9
$STYLESHEET
  1
Default R14 pen assignments.ctb
  9
$XEDIT
290
     1
  9
$CEPSNTYPE
380
     0
  9
$PSTYLEMODE
290
     1
  9
$FINGERPRINTGUID
  2
{389A125A-D88A-42BA-AAE2-743F21D40CB5}
  9
$VERSIONGUID
  2
{9BCDCBA1-565C-4AD9-8E07-613F9756870A}
  9
$EXTNAMES
290
     1
  9
$PSVPSCALE
 40
0
  9
$OLESTARTUP
290
     0
  9
$SORTENTS
280
    55
  9
$INDEXCTL
280
     1
  9
$HIDETEXT
280
     0
  9
$XCLIPFRAME
280
     0
  9
$HALOGAP
280
     0
  9
$OBSCOLOR
 70
   257
  9
$OBSLTYPE
280
     0
  9
$INTERSECTIONDISPLAY
280
     0
  9
$INTERSECTIONCOLOR
 70
   257
  9
$DIMASSOC
280
     2
  9
$PROJECTNAME
  1

  9
$CAMERADISPLAY
290
     0
  9
$LENSLENGTH
 40
50
  9
$CAMERAHEIGHT
 40
0
  9
$STEPSPERSEC
 40
2
  9
$STEPSIZE
 40
6
  9
$3DDWFPREC
 40
2
  9
$PSOLWIDTH
 40
0.25
  9
$PSOLHEIGHT
 40
4
  9
$LOFTANG1
 40
1.570796326794897
  9
$LOFTANG2
 40
1.570796326794897
  9
$LOFTMAG1
 40
0
  9
$LOFTMAG2
 40
0
  9
$LOFTPARAM
 70
     7
  9
$LOFTNORMALS
280
     1
  9
$LATITUDE
 40
37.795
  9
$LONGITUDE
 40
-122.394
  9
$NORTHDIRECTION
 40
0
  9
$TIMEZONE
 70
 -8000
  9
$LIGHTGLYPHDISPLAY
280
     1
  9
$TILEMODELIGHTSYNCH
280
     1
  9
$CMATERIAL
347
8A3B
  9
$SOLIDHIST
280
     0
  9
$SHOWHIST
280
     1
  9
$DWFFRAME
280
     2
  9
$DGNFRAME
280
     2
  9
$REALWORLDSCALE
290
     1
  9
$INTERFERECOLOR
 62
     0
  9
$CSHADOW
280
     0
  9
$SHADOWPLANELOCATION
 40
0
  0
ENDSEC
  0
SECTION
  2
CLASSES
  0
CLASS
  1
DICTIONARYVAR
  2
AcDbDictionaryVar
  3
ObjectDBX Classes
 90
        0
 91
       11
280
     0
281
     0
  0
CLASS
  1
LAYER_INDEX
  2
AcDbLayerIndex
  3
ObjectDBX Classes
 90
        0
 91
        1
280
     0
281
     0
  0
CLASS
  1
IDBUFFER
  2
AcDbIdBuffer
  3
ObjectDBX Classes
 90
        0
 91
        0
280
     0
281
     0
  0
CLASS
  1
ACDBDICTIONARYWDFLT
  2
AcDbDictionaryWithDefault
  3
ObjectDBX Classes
 90
        0
 91
        1
280
     0
281
     0
  0
CLASS
  1
DIMASSOC
  2
AcDbDimAssoc
  3
"AcDbDimAssoc|Product Desc:     AcDim ARX App For Dimension|Company:          Autodesk, Inc.|WEB Address:      www.autodesk.com"
 90
        0
 91
        1
280
     0
281
     0
  0
CLASS
  1
VISUALSTYLE
  2
AcDbVisualStyle
  3
ObjectDBX Classes
 90
     4095
 91
       24
280
     0
281
     0
  0
CLASS
  1
SCALE
  2
AcDbScale
  3
ObjectDBX Classes
 90
     1153
 91
       17
280
     0
281
     0
  0
CLASS
  1
MATERIAL
  2
AcDbMaterial
  3
ObjectDBX Classes
 90
     1153
 91
        3
280
     0
281
     0
  0
CLASS
  1
TABLESTYLE
  2
AcDbTableStyle
  3
ObjectDBX Classes
 90
     4095
 91
        1
280
     0
281
     0
  0
CLASS
  1
MLEADERSTYLE
  2
AcDbMLeaderStyle
  3
ACDB_MLEADERSTYLE_CLASS
 90
     4095
 91
        1
280
     0
281
     0
  0
CLASS
  1
ACDBDETAILVIEWSTYLE
  2
AcDbDetailViewStyle
  3
ObjectDBX Classes
 90
     1025
 91
        1
280
     0
281
     0
  0
CLASS
  1
ACDBSECTIONVIEWSTYLE
  2
AcDbSectionViewStyle
  3
ObjectDBX Classes
 90
     1025
 91
        1
280
     0
281
     0
  0
CLASS
  1
CELLSTYLEMAP
  2
AcDbCellStyleMap
  3
ObjectDBX Classes
 90
     1152
 91
        0
280
     0
281
     0
  0
CLASS
  1
SUN
  2
AcDbSun
  3
SCENEOE
 90
     1153
 91
        0
280
     0
281
     0
  0
CLASS
  1
MENTALRAYRENDERSETTINGS
  2
AcDbMentalRayRenderSettings
  3
SCENEOE
 90
     1024
 91
        0
280
     0
281
     0
  0
CLASS
  1
RASTERVARIABLES
  2
AcDbRasterVariables
  3
ISM
 90
        0
 91
        0
280
     0
281
     0
  0
ENDSEC
  0
SECTION
  2
TABLES
  0
TABLE
  2
VPORT
  5
8
330
0
100
AcDbSymbolTable
 70
     1
  0
VPORT
  5
89E0
330
8
100
AcDbSymbolTableRecord
100
AcDbViewportTableRecord
  2
*Active
 70
     0
 10
0
 20
0
 11
1
 21
1
 12
161.3955768913692
 22
273.5964271306352
 13
0
 23
0
 14
5
 24
5
 15
0
 25
0
 16
0
 26
0
 36
1
 17
0
 27
0
 37
0
 40
114.6581131819054
 41
2.254205607476635
 42
50
 43
0
 44
0
 50
0
 51
0
 71
     0
 72
  1000
 73
     1
 74
     2
 75
     0
 76
     0
 77
     0
 78
     0
281
     0
 65
     1
110
0
120
0
130
0
111
1
121
0
131
0
112
0
122
1
132
0
 79
     0
146
0
348
8A15
 60
     3
 61
     5
292
     1
282
     1
141
0
142
0
 63
     0
  0
ENDTAB
  0
TABLE
  2
LTYPE
  5
5
330
0
100
AcDbSymbolTable
 70
     8
  0
LTYPE
  5
12
330
5
100
AcDbSymbolTableRecord
100
AcDbLinetypeTableRecord
  2
ByBlock
 70
     0
  3

 72
    65
 73
     0
 40
0
  0
LTYPE
  5
13
330
5
100
AcDbSymbolTableRecord
100
AcDbLinetypeTableRecord
  2
ByLayer
 70
     0
  3

 72
    65
 73
     0
 40
0
  0
LTYPE
  5
14
330
5
100
AcDbSymbolTableRecord
100
AcDbLinetypeTableRecord
  2
CONTINUOUS
 70
     0
  3
Solid line
 72
    65
 73
     0
 40
0
  0
LTYPE
  5
C8
330
5
100
AcDbSymbolTableRecord
100
AcDbLinetypeTableRecord
  2
ОСЕВАЯ
 70
     0
  3
Осевая ____ _ ____ _ ____ _ ____ _ ____ _ ____
 72
    65
 73
     4
 40
50.8
 49
31.75
 74
     0
 49
-6.35
 74
     0
 49
6.35
 74
     0
 49
-6.35
 74
     0
  0
LTYPE
  5
38B
330
5
100
AcDbSymbolTableRecord
100
AcDbLinetypeTableRecord
  2
CENTERX2
 70
     0
  3
Center (2x) ________  __  ________  __  _____
 72
    65
 73
     4
 40
101.6
 49
63.5
 74
     0
 49
-12.7
 74
     0
 49
12.7
 74
     0
 49
-12.7
 74
     0
  0
LTYPE
  5
1828
330
5
100
AcDbSymbolTableRecord
100
AcDbLinetypeTableRecord
  2
CENTER2
 70
     0
  3
Center (.5x) ___ _ ___ _ ___ _ ___ _ ___ _ ___
 72
    65
 73
     4
 40
28.575
 49
19.05
 74
     0
 49
-3.175
 74
     0
 49
3.175
 74
     0
 49
-3.175
 74
     0
  0
LTYPE
  5
1E23
330
5
100
AcDbSymbolTableRecord
100
AcDbLinetypeTableRecord
  2
GOST4
 70
     0
  3
 center ____ _ ____ _ ____ _ ____ _ ____ _ ____
 72
    65
 73
     4
 40
24
 49
20
 74
     0
 49
-1.5
 74
     0
 49
1
 74
     0
 49
-1.5
 74
     0
  0
LTYPE
  5
1E24
330
5
100
AcDbSymbolTableRecord
100
AcDbLinetypeTableRecord
  2
gost5
 70
     0
  3
 Штриховая __ __
 72
    65
 73
     3
 40
7
 49
5
 74
     0
 49
-2
 74
     0
 49
0
 74
     0
  0
LTYPE
  5
1E25
330
5
100
AcDbSymbolTableRecord
100
AcDbLinetypeTableRecord
  2
gost6
 70
     0
  3
Поверхность ___ _ ___ _ ___ _ ___ _ ___ _ ___
 72
    65
 73
     4
 40
12
 49
8
 74
     0
 49
-1.5
 74
     0
 49
1
 74
     0
 49
-1.5
 74
     0
  0
LTYPE
  5
1E26
330
5
100
AcDbSymbolTableRecord
100
AcDbLinetypeTableRecord
  2
gost7
 70
     0
  3
Штрихпунктирная  __..__..__..__..__..__..__..__
 72
    65
 73
     6
 40
26.5
 49
20
 74
     0
 49
-1.5
 74
     0
 49
1
 74
     0
 49
-1.5
 74
     0
 49
1
 74
     0
 49
-1.5
 74
     0
  0
ENDTAB
  0
TABLE
  2
LAYER
  5
2
330
0
100
AcDbSymbolTable
 70
    18
  0
LAYER
  5
E
330
2
100
AcDbSymbolTableRecord
100
AcDbLayerTableRecord
  2
0
 70
     8
 62
     7
  6
CONTINUOUS
290
     1
370
    -3
390
D8
348
0
  0
LAYER
  5
6A
330
2
100
AcDbSymbolTableRecord
100
AcDbLayerTableRecord
  2
РАМКА
 70
     8
 62
     7
  6
CONTINUOUS
290
     1
370
    -3
390
D8
348
0
  0
LAYER
  5
C9
330
2
100
AcDbSymbolTableRecord
100
AcDbLayerTableRecord
  2
СЛОЙ1
 70
     8
 62
     7
  6
ОСЕВАЯ
290
     1
370
    -3
390
D8
348
0
  0
LAYER
  5
FA
330
2
100
AcDbSymbolTableRecord
100
AcDbLayerTableRecord
  2
Defpoints
 70
     8
 62
     7
  6
CONTINUOUS
290
     0
370
    -3
390
D8
348
0
  0
LAYER
  5
38C
330
2
100
AcDbSymbolTableRecord
100
AcDbLayerTableRecord
  2
титан
 70
     8
 62
     7
  6
CONTINUOUS
290
     1
370
    -3
390
D8
348
0
  0
LAYER
  5
9BF
330
2
100
AcDbSymbolTableRecord
100
AcDbLayerTableRecord
  2
NEW_TEX
 70
     8
 62
    84
  6
CONTINUOUS
290
     1
370
    -3
390
D8
348
0
  0
LAYER
  5
27EA
330
2
100
AcDbSymbolTableRecord
100
AcDbLayerTableRecord
  2
корпус
 70
     8
 62
     7
  6
CONTINUOUS
290
     1
370
    -3
390
D8
348
0
  0
LAYER
  5
2DC6
330
2
100
AcDbSymbolTableRecord
100
AcDbLayerTableRecord
  2
втулка
 70
     8
 62
     7
  6
CONTINUOUS
290
     1
370
    -3
390
D8
348
0
  0
LAYER
  5
2DC7
330
2
100
AcDbSymbolTableRecord
100
AcDbLayerTableRecord
  2
патр
 70
     8
 62
     7
  6
CONTINUOUS
290
     1
370
    -3
390
D8
348
0
  0
LAYER
  5
2DC8
330
2
100
AcDbSymbolTableRecord
100
AcDbLayerTableRecord
  2
грнд
 70
     8
 62
     7
  6
CONTINUOUS
290
     1
370
    -3
390
D8
348
0
  0
LAYER
  5
2DC9
330
2
100
AcDbSymbolTableRecord
100
AcDbLayerTableRecord
  2
накгай
 70
     8
 62
     7
  6
CONTINUOUS
290
     1
370
    -3
390
D8
348
0
  0
LAYER
  5
2DCA
330
2
100
AcDbSymbolTableRecord
100
AcDbLayerTableRecord
  2
прок
 70
     8
 62
     1
  6
CONTINUOUS
290
     1
370
    -3
390
D8
348
0
  0
LAYER
  5
2DCB
330
2
100
AcDbSymbolTableRecord
100
AcDbLayerTableRecord
  2
гнездо
 70
     8
 62
     2
  6
CONTINUOUS
290
     1
370
    -3
390
D8
348
0
  0
LAYER
  5
2DCC
330
2
100
AcDbSymbolTableRecord
100
AcDbLayerTableRecord
  2
фланец
 70
     8
 62
     7
  6
CONTINUOUS
290
     1
370
    -3
390
D8
348
0
  0
LAYER
  5
2DCD
330
2
100
AcDbSymbolTableRecord
100
AcDbLayerTableRecord
  2
мостик
 70
     8
 62
     7
  6
CONTINUOUS
290
     1
370
    -3
390
D8
348
0
  0
LAYER
  5
2DCE
330
2
100
AcDbSymbolTableRecord
100
AcDbLayerTableRecord
  2
болт
 70
     8
 62
     7
  6
CONTINUOUS
290
     1
370
    -3
390
D8
348
0
  0
LAYER
  5
823E
330
2
100
AcDbSymbolTableRecord
100
AcDbLayerTableRecord
  2
пробка
 70
     8
 62
     7
  6
CONTINUOUS
290
     1
370
    -3
390
D8
348
0
  0
LAYER
  5
823F
330
2
100
AcDbSymbolTableRecord
100
AcDbLayerTableRecord
  2
наконеч
 70
     8
 62
     7
  6
CONTINUOUS
290
     1
370
    -3
390
D8
348
0
  0
ENDTAB
  0
TABLE
  2
STYLE
  5
3
330
0
100
AcDbSymbolTable
 70
     7
  0
STYLE
  5
F
330
3
100
AcDbSymbolTableRecord
100
AcDbTextStyleTableRecord
  2
Standard
 70
     0
 40
0
 41
1
 50
0
 71
     0
 42
3
  3
txt.shx
  4

  0
STYLE
  5
1F
330
3
100
AcDbSymbolTableRecord
100
AcDbTextStyleTableRecord
  2
ADRF1
 70
     0
 40
0
 41
1
 50
15
 71
     0
 42
3.5
  3
romans
  4

  0
STYLE
  5
38D
330
3
100
AcDbSymbolTableRecord
100
AcDbTextStyleTableRecord
  2
max
 70
     0
 40
0
 41
1
 50
15
 71
     0
 42
2
  3
romans.shx
  4

  0
STYLE
  5
142C
330
3
100
AcDbSymbolTableRecord
100
AcDbTextStyleTableRecord
  2
style1
 70
     0
 40
0
 41
1
 50
15
 71
     0
 42
3.5
  3

  4

1001
ACAD
1000
Vanta Thin
1071
       34
  0
STYLE
  5
143A
330
3
100
AcDbSymbolTableRecord
100
AcDbTextStyleTableRecord
  2
style2
 70
     0
 40
0
 41
1
 50
15
 71
     0
 42
5
  3

  4

1001
ACAD
1000
PragmaticaShadowCTT
1071
 50332162
  0
STYLE
  5
1E22
330
3
100
AcDbSymbolTableRecord
100
AcDbTextStyleTableRecord
  2
GOST
 70
     0
 40
0
 41
1
 50
15.0000000019586
 71
     0
 42
3.5
  3
GOST.shx
  4

  0
STYLE
  5
C7
330
3
100
AcDbSymbolTableRecord
100
AcDbTextStyleTableRecord
  2

 70
     1
 40
0
 41
1
 50
0
 71
     0
 42
2
  3
ltypeshp.shx
  4

  0
ENDTAB
  0
TABLE
  2
VIEW
  5
8A52
330
0
100
AcDbSymbolTable
 70
     0
  0
ENDTAB
  0
TABLE
  2
UCS
  5
8A51
330
0
100
AcDbSymbolTable
 70
     0
  0
ENDTAB
  0
TABLE
  2
APPID
  5
9
330
0
100
AcDbSymbolTable
 70
     4
  0
APPID
  5
10
330
9
100
AcDbSymbolTableRecord
100
AcDbRegAppTableRecord
  2
ACAD
 70
     0
  0
APPID
  5
67A
330
9
100
AcDbSymbolTableRecord
100
AcDbRegAppTableRecord
  2
DCO15
 70
     0
  0
APPID
  5
8A76
330
9
100
AcDbSymbolTableRecord
100
AcDbRegAppTableRecord
  2
HATCHBACKGROUNDCOLOR
 70
     0
  0
APPID
  5
8A77
330
9
100
AcDbSymbolTableRecord
100
AcDbRegAppTableRecord
  2
EZDXF
 70
     0
  0
ENDTAB
  0
TABLE
  2
DIMSTYLE
  5
A
330
0
100
AcDbSymbolTable
 70
     6
100
AcDbDimStyleTable
 71
     0
  0
DIMSTYLE
105
69
330
A
100
AcDbSymbolTableRecord
100
AcDbDimStyleTableRecord
  2
Standard
 70
     0
 41
3
 42
2.5
 43
10
 44
2.5
 46
1.25
 49
2.5
 50
45
 73
     0
 74
     0
 77
     1
 78
     8
 79
     3
140
3
141
-3
143
0.039
144
1
145
1.5
146
0.75
147
1.5
171
     3
172
     1
176
-1056964608
177
-1056964608
178
-1056964608
179
     2
271
     2
272
     2
273
     2
274
     3
277
     2
278
    44
283
     0
284
     8
289
     3
340
F
294
     0
371
    -2
372
    -2
341
0
342
0
343
0
344
0
345
0
346
0
347
0
  0
DIMSTYLE
105
C1
330
A
100
AcDbSymbolTableRecord
100
AcDbDimStyleTableRecord
  2
ГОСТ
 70
     0
 41
3
 42
2.5
 43
10
 44
2.5
 46
1.25
 49
2.5
 50
45
 73
     0
 74
     0
 77
     1
 78
     8
 79
     3
140
3
141
-3
143
0.039
144
1
145
1.5
146
0.75
147
1.5
171
     3
172
     1
176
-1056964608
177
-1056964608
178
-1056964608
179
     2
271
     2
272
     2
273
     2
274
     3
277
     2
278
    44
283
     0
284
     8
289
     3
340
F
294
     0
371
    -2
372
    -2
341
0
342
0
343
0
344
0
345
0
346
0
347
0
  0
DIMSTYLE
105
18D
330
A
100
AcDbSymbolTableRecord
100
AcDbDimStyleTableRecord
  2
WORK
 70
     0
 41
3
 42
2.5
 43
10
 44
2.5
 46
1.25
 49
2.5
 50
45
 73
     0
 74
     0
 77
     1
 78
     8
 79
     3
140
3
141
-3
143
0.039
144
1
145
1.5
146
0.75
147
2
171
     3
172
     1
176
-1056964608
177
-1056964608
178
-1056964608
179
     2
272
     2
273
     2
274
     3
277
     2
278
    44
283
     0
284
     8
289
     3
340
1F
294
     0
371
    -2
372
    -2
341
0
342
0
343
0
344
0
345
0
346
0
347
0
  0
DIMSTYLE
105
1DC
102
{ACAD_REACTORS
330
2F55
330
2F56
330
883F
102
}
330
A
100
AcDbSymbolTableRecord
100
AcDbDimStyleTableRecord
  2
max
 70
     0
 41
2.5
 43
3.5
 44
1.500000000000001
 49
2.5
 50
45
 73
     0
 74
     0
 77
     1
 78
     8
 79
     3
140
2.5
141
2.5
143
0.03937007874016
144
1
146
1
147
2
171
     3
172
     1
176
-1056964608
177
-1056964608
178
-1056964608
179
     2
273
     2
274
     3
277
     2
278
    44
283
     0
284
     8
289
     3
340
1F
294
     0
371
     5
372
     5
341
0
342
0
343
0
344
0
345
0
346
0
347
0
  0
DIMSTYLE
105
830
330
A
100
AcDbSymbolTableRecord
100
AcDbDimStyleTableRecord
  2
ISO-25
 70
     0
 41
2.5
 42
0.625
 43
3.75
 44
1.25
 49
2.5
 50
45
 73
     0
 74
     0
 77
     1
 78
     8
 79
     3
140
2.5
141
2.5
143
0.03937007874016
144
1
146
1
147
0.625
171
     3
172
     1
176
-1056964608
177
-1056964608
178
-1056964608
179
     2
271
     2
272
     2
273
     2
274
     3
277
     2
278
    44
283
     0
284
     8
289
     3
340
F
294
     0
371
    -2
372
    -2
341
0
342
0
343
0
344
0
345
0
346
0
347
0
  0
DIMSTYLE
105
1E27
330
A
100
AcDbSymbolTableRecord
100
AcDbDimStyleTableRecord
  2
GOST
 70
     0
 40
0
 41
3
 43
8
 44
1.25
 49
2.5
 50
45
 73
     0
 74
     0
 77
     1
 78
     8
 79
     3
140
3
141
5
143
0.03937007874
144
1
146
1
147
0.625
171
     3
172
     1
176
-1056964608
177
-1056964608
178
-1056964608
179
     2
272
     2
273
     2
274
     3
277
     2
278
    44
279
     1
283
     0
284
     8
289
     3
340
1E22
294
     0
371
    -2
372
    -2
341
0
342
0
343
0
344
0
345
0
346
0
347
0
  0
ENDTAB
  0
TABLE
  2
BLOCK_RECORD
  5
1
330
0
100
AcDbSymbolTable
 70
    16
  0
BLOCK_RECORD
  5
18
102
{ACAD_XDICTIONARY
360
D0
102
}
330
1
100
AcDbSymbolTableRecord
100
AcDbBlockTableRecord
  2
*MODEL_SPACE
340
DB
  0
BLOCK_RECORD
  5
15
330
1
100
AcDbSymbolTableRecord
100
AcDbBlockTableRecord
  2
*PAPER_SPACE
340
DC
  0
BLOCK_RECORD
  5
6B
330
1
100
AcDbSymbolTableRecord
100
AcDbBlockTableRecord
  2
РАМКА
340
0
102
{BLKREFS
331
1FAC
102
}
  0
BLOCK_RECORD
  5
27F
330
1
100
AcDbSymbolTableRecord
100
AcDbBlockTableRecord
  2
A$C729A2E8A
340
0
  0
BLOCK_RECORD
  5
286
330
1
100
AcDbSymbolTableRecord
100
AcDbBlockTableRecord
  2
A$C6A576A86
340
0
  0
BLOCK_RECORD
  5
10B0
330
1
100
AcDbSymbolTableRecord
100
AcDbBlockTableRecord
  2
_ClosedBlank
340
0
  0
BLOCK_RECORD
  5
2477
330
1
100
AcDbSymbolTableRecord
100
AcDbBlockTableRecord
  2
*D4
340
0
  0
BLOCK_RECORD
  5
2483
330
1
100
AcDbSymbolTableRecord
100
AcDbBlockTableRecord
  2
*D5
340
0
  0
BLOCK_RECORD
  5
248F
330
1
100
AcDbSymbolTableRecord
100
AcDbBlockTableRecord
  2
*D6
340
0
  0
BLOCK_RECORD
  5
249B
330
1
100
AcDbSymbolTableRecord
100
AcDbBlockTableRecord
  2
*D7
340
0
  0
BLOCK_RECORD
  5
24A7
330
1
100
AcDbSymbolTableRecord
100
AcDbBlockTableRecord
  2
*D8
340
0
  0
BLOCK_RECORD
  5
24B3
330
1
100
AcDbSymbolTableRecord
100
AcDbBlockTableRecord
  2
*D9
340
0
  0
BLOCK_RECORD
  5
24BF
330
1
100
AcDbSymbolTableRecord
100
AcDbBlockTableRecord
  2
*D10
340
0
  0
BLOCK_RECORD
  5
24CD
330
1
100
AcDbSymbolTableRecord
100
AcDbBlockTableRecord
  2
A$C08BE2F95
340
0
  0
BLOCK_RECORD
  5
27E6
330
1
100
AcDbSymbolTableRecord
100
AcDbBlockTableRecord
  2
_DotSmall
340
0
  0
BLOCK_RECORD
  5
30D7
330
1
100
AcDbSymbolTableRecord
100
AcDbBlockTableRecord
  2
*D13
340
0
  0
BLOCK_RECORD
  5
30E3
330
1
100
AcDbSymbolTableRecord
100
AcDbBlockTableRecord
  2
*D14
340
0
  0
BLOCK_RECORD
  5
8840
330
1
100
AcDbSymbolTableRecord
100
AcDbBlockTableRecord
  2
*D15
340
0
  0
ENDTAB
  0
ENDSEC
  0
SECTION
  2
BLOCKS
  0
BLOCK
  5
16
330
15
100
AcDbEntity
 67
     1
  8
0
100
AcDbBlockBegin
  2
*PAPER_SPACE
 70
     0
 10
0
 20
0
 30
0
  3
*PAPER_SPACE
  1

  0
ENDBLK
  5
17
330
15
100
AcDbEntity
 67
     1
  8
0
100
AcDbBlockEnd
  0
BLOCK
  5
19
330
18
100
AcDbEntity
  8
0
100
AcDbBlockBegin
  2
*MODEL_SPACE
 70
     0
 10
0
 20
0
 30
0
  3
*MODEL_SPACE
  1

  0
ENDBLK
  5
1A
330
18
100
AcDbEntity
  8
0
100
AcDbBlockEnd
  0
BLOCK
  5
6C
330
6B
100
AcDbEntity
  8
0
100
AcDbBlockBegin
  2
РАМКА
 70
     0
 10
0
 20
0
 30
0
  3
РАМКА
  1

  0
LINE
  5
1F7C
330
6B
100
AcDbEntity
  8
РАМКА
370
    50
100
AcDbLine
 10
-185.1633576655522
 20
221.9526673573586
 30
0
 11
0
 21
221.9526673573583
 31
0
  0
LINE
  5
1F7D
330
6B
100
AcDbEntity
  8
РАМКА
370
    50
100
AcDbLine
 10
-185.1633576655522
 20
207.9526673573586
 30
0
 11
-115.1633576655522
 21
207.9526673573585
 31
0
  0
LINE
  5
1F7E
330
6B
100
AcDbEntity
  8
0
  6
Continuous
370
     0
100
AcDbLine
 10
-185.1633576655522
 20
221.9526673573583
 30
0
 11
-200.1633576655522
 21
221.9526673573583
 31
0
  0
LINE
  5
1F7F
330
6B
100
AcDbEntity
  8
РАМКА
370
    50
100
AcDbLine
 10
-115.1633576655522
 20
207.9526673573585
 30
0
 11
-115.1633576655522
 21
221.9526673573586
 31
0
  0
LINE
  5
1F80
330
6B
100
AcDbEntity
  8
РАМКА
370
    50
100
AcDbLine
 10
0
 20
221.9526673573583
 30
0
 11
0
 21
-54.96645206476263
 31
0
  0
LINE
  5
1F81
330
6B
100
AcDbEntity
  8
РАМКА
370
    50
100
AcDbLine
 10
-185.1633576655522
 20
-54.96645206476263
 30
0
 11
-185.1633576655522
 21
221.9526673573586
 31
0
  0
LINE
  5
1F82
330
6B
100
AcDbEntity
  8
РАМКА
370
    50
100
AcDbLine
 10
0
 20
-54.96645206476263
 30
0
 11
-185.1633576655522
 21
-54.96645206476263
 31
0
  0
LINE
  5
1F83
330
6B
100
AcDbEntity
  8
РАМКА
  6
Continuous
370
    50
100
AcDbLine
 10
-185.1633576655522
 20
-7.1E-15
 30
0
 11
0
 21
0
 31
0
  0
LINE
  5
1F84
330
6B
100
AcDbEntity
  8
РАМКА
  6
Continuous
370
    50
 62
     7
100
AcDbLine
 10
-119.7501539261539
 20
-39.85576013161853
 30
0
 11
0
 21
-39.85576013161853
 31
0
  0
LINE
  5
1F85
330
6B
100
AcDbEntity
  8
РАМКА
370
    50
100
AcDbLine
 10
-119.7501539261539
 20
-14.85576013161855
 30
0
 11
0.09535827496347341
 21
-14.85576013161855
 31
0
  0
LINE
  5
1F86
330
6B
100
AcDbEntity
  8
РАМКА
  6
Continuous
 62
     7
100
AcDbLine
 10
-185.1633576655522
 20
-39.85576013161853
 30
0
 11
-119.7501539261539
 21
-39.85576013161853
 31
0
  0
LINE
  5
1F87
330
6B
100
AcDbEntity
  8
РАМКА
370
    50
100
AcDbLine
 10
-119.8455122011174
 20
-24.94703166928903
 30
0
 11
-185.1633576655522
 21
-24.94703166928903
 31
0
  0
LINE
  5
1F88
330
6B
100
AcDbEntity
  8
РАМКА
  6
Continuous
 62
     7
100
AcDbLine
 10
-119.7501539261539
 20
-44.85576013161853
 30
0
 11
-185.1633576655522
 21
-44.85576013161853
 31
0
  0
LINE
  5
1F89
330
6B
100
AcDbEntity
  8
РАМКА
370
    50
100
AcDbLine
 10
-185.1633576655522
 20
-19.94703166928903
 30
0
 11
-119.7501539261539
 21
-19.94703166928903
 31
0
  0
LINE
  5
1F8A
330
6B
100
AcDbEntity
  8
РАМКА
  6
Continuous
 62
     7
100
AcDbLine
 10
-119.7501539261539
 20
-29.85576013161855
 30
0
 11
-185.1633576655522
 21
-29.85576013161855
 31
0
  0
LINE
  5
1F8B
330
6B
100
AcDbEntity
  8
РАМКА
  6
Continuous
 62
     7
100
AcDbLine
 10
-185.1633576655522
 20
-34.85576013161853
 30
0
 11
-119.7501539261539
 21
-34.85576013161853
 31
0
  0
LINE
  5
1F8C
330
6B
100
AcDbEntity
  8
РАМКА
  6
Continuous
 62
     7
100
AcDbLine
 10
-185.1633576655522
 20
-49.85576013161853
 30
0
 11
-119.963357665552
 21
-49.85576013161853
 31
0
  0
LINE
  5
1F8D
330
6B
100
AcDbEntity
  8
РАМКА
  6
Continuous
 62
     7
100
AcDbLine
 10
-185.1633576655524
 20
-14.85576013161855
 30
0
 11
-119.7501539261539
 21
-14.85576013161855
 31
0
  0
LINE
  5
1F8E
330
6B
100
AcDbEntity
  8
РАМКА
  6
Continuous
 62
     7
100
AcDbLine
 10
-185.1633576655524
 20
-9.855760131618545
 30
0
 11
-119.7501539261539
 21
-9.855760131618545
 31
0
  0
LINE
  5
1F8F
330
6B
100
AcDbEntity
  8
РАМКА
  6
Continuous
 62
     7
100
AcDbLine
 10
-185.1633576655522
 20
-5.055760131618534
 30
0
 11
-119.7501539261539
 21
-5.055760131618534
 31
0
  0
TEXT
  5
1F90
330
6B
100
AcDbEntity
  8
РАМКА
100
AcDbText
 10
-167.0069526023431
 20
-23.44109815282355
 30
0
 40
2
  1
N документа
 51
15
  7
ADRF1
 11
0
 21
0
 31
0
100
AcDbText
  0
LINE
  5
1F91
330
6B
100
AcDbEntity
  8
РАМКА
  6
Continuous
370
    50
 62
     7
100
AcDbLine
 10
-168.163357665552
 20
-54.85576013161853
 30
0
 11
-168.163357665552
 21
-7.1E-15
 31
0
  0
LINE
  5
1F92
330
6B
100
AcDbEntity
  8
РАМКА
370
    50
 62
     7
100
AcDbLine
 10
-178.4458923452862
 20
-0.0020228988884341
 30
0
 11
-178.4458923452862
 21
-24.80449959790271
 31
0
  0
TEXT
  5
1F93
330
6B
100
AcDbEntity
  8
РАМКА
100
AcDbText
 10
-182.110024046732
 20
-53.10995139553757
 30
0
 40
2
  1
Утв.
 51
15
  7
ADRF1
 11
0
 21
0
 31
0
100
AcDbText
  0
TEXT
  5
1F94
330
6B
100
AcDbEntity
  8
РАМКА
100
AcDbText
 10
-184.3483158954519
 20
-38.27283607030335
 30
0
 40
2
  1
Т.контр
 51
15
  7
ADRF1
 11
0
 21
0
 31
0
100
AcDbText
  0
TEXT
  5
1F95
330
6B
100
AcDbEntity
  8
РАМКА
100
AcDbText
 10
-184.3849758274948
 20
-43.44881242236887
 30
0
 40
2
  1
Н.контр
 51
15
  7
ADRF1
 11
0
 21
0
 31
0
100
AcDbText
  0
TEXT
  5
1F96
330
6B
100
AcDbEntity
  8
РАМКА
100
AcDbText
 10
-184.0157951643255
 20
-28.66102674889908
 30
0
 40
2
  1
Разраб.
 51
15
  7
ADRF1
 11
0
 21
0
 31
0
100
AcDbText
  0
TEXT
  5
1F97
330
6B
100
AcDbEntity
  8
РАМКА
100
AcDbText
 10
-184.2373039685049
 20
-33.56368453133746
 30
0
 40
2
  1
Провер.
 51
15
  7
ADRF1
 11
0
 21
0
 31
0
100
AcDbText
  0
TEXT
  5
1F98
330
6B
100
AcDbEntity
  8
РАМКА
100
AcDbText
 10
-184.565084652757
 20
-23.44109815282355
 30
0
 40
2
  1
Изм
 51
15
  7
ADRF1
 11
0
 21
0
 31
0
100
AcDbText
  0
TEXT
  5
1F99
330
6B
100
AcDbEntity
  8
РАМКА
100
AcDbText
 10
-177.1950037145762
 20
-23.44109815282355
 30
0
 40
2
  1
Лист
 51
15
  7
ADRF1
 11
0
 21
0
 31
0
100
AcDbText
  0
LINE
  5
1F9A
330
6B
100
AcDbEntity
  8
РАМКА
  6
Continuous
370
    50
 62
     7
100
AcDbLine
 10
-145.163357665552
 20
-1.42E-14
 30
0
 11
-145.163357665552
 21
-54.85576013161853
 31
0
  0
LINE
  5
1F9B
330
6B
100
AcDbEntity
  8
РАМКА
370
    50
100
AcDbLine
 10
-119.7501539261539
 20
-0.0284409276286155
 30
0
 11
-119.7501539261539
 21
-54.75582441223413
 31
0
  0
LINE
  5
1F9C
330
6B
100
AcDbEntity
  8
РАМКА
  6
Continuous
370
    50
 62
     7
100
AcDbLine
 10
-130.163357665552
 20
-54.85576013161853
 30
0
 11
-130.163357665552
 21
-1.42E-14
 31
0
  0
TEXT
  5
1F9D
330
6B
100
AcDbEntity
  8
РАМКА
100
AcDbText
 10
-144.1380309726897
 20
-23.44109815282355
 30
0
 40
2
  1
Подпись
 51
15
  7
ADRF1
 11
0
 21
0
 31
0
100
AcDbText
  0
TEXT
  5
1F9E
330
6B
100
AcDbEntity
  8
РАМКА
100
AcDbText
 10
-129.1811050732058
 20
-23.44109815282355
 30
0
 40
2
  1
Дата
 51
15
  7
ADRF1
 11
0
 21
0
 31
0
100
AcDbText
  0
LINE
  5
1F9F
330
6B
100
AcDbEntity
  8
РАМКА
  6
Continuous
370
    50
 62
     7
100
AcDbLine
 10
-49.65479565119048
 20
-34.85576013161853
 30
0
 11
0
 21
-34.85576013161853
 31
0
  0
LINE
  5
1FA0
330
6B
100
AcDbEntity
  8
РАМКА
370
    50
100
AcDbLine
 10
-49.60471984035806
 20
-19.93968173473646
 30
0
 11
0.1142914851084242
 21
-19.93968173473646
 31
0
  0
LINE
  5
1FA1
330
6B
100
AcDbEntity
  8
РАМКА
370
    50
100
AcDbLine
 10
-49.65479565119043
 20
-14.8557601316186
 30
0
 11
-49.65479565119054
 21
-54.96645206476263
 31
0
  0
TEXT
  5
1FA2
330
6B
100
AcDbEntity
  8
РАМКА
  6
Continuous
100
AcDbText
 10
-46.64198288805164
 20
-38.34470492334311
 30
0
 40
2
  1
Лист
 51
15
  7
ADRF1
 11
0
 21
0
 31
0
100
AcDbText
  0
TEXT
  5
1FA3
330
6B
100
AcDbEntity
  8
РАМКА
100
AcDbText
 10
-45.62718101902877
 20
-18.16412085443377
 30
0
 40
2
  1
Лит.
 51
15
  7
ADRF1
 11
0
 21
0
 31
0
100
AcDbText
  0
LINE
  5
1FA4
330
6B
100
AcDbEntity
  8
РАМКА
100
AcDbLine
 10
-44.60471984035806
 20
-19.93968173473646
 30
0
 11
-44.60471984035806
 21
-34.76448859394805
 31
0
  0
LINE
  5
1FA5
330
6B
100
AcDbEntity
  8
РАМКА
370
    50
100
AcDbLine
 10
-34.60471984035806
 20
-14.85576013161855
 30
0
 11
-34.60471984035806
 21
-34.76448859394805
 31
0
  0
LINE
  5
1FA6
330
6B
100
AcDbEntity
  8
РАМКА
100
AcDbLine
 10
-39.60471984035806
 20
-34.76448859394805
 30
0
 11
-39.60471984035806
 21
-20.02212617689926
 31
0
  0
TEXT
  5
1FA7
330
6B
100
AcDbEntity
  8
РАМКА
  6
Continuous
100
AcDbText
 10
-22.63921858950857
 20
-38.48578901191309
 30
0
 40
2
  1
Листов
 51
15
  7
ADRF1
 11
0
 21
0
 31
0
100
AcDbText
  0
LINE
  5
1FA8
330
6B
100
AcDbEntity
  8
РАМКА
  6
Continuous
370
    50
100
AcDbLine
 10
-27.43977144921723
 20
-39.85576013161853
 30
0
 11
-27.43977144921723
 21
-34.85576013161853
 31
0
  0
TEXT
  5
1FA9
330
6B
100
AcDbEntity
  8
РАМКА
100
AcDbText
 10
-31.92881346952117
 20
-18.16412085443377
 30
0
 40
2
  1
Масса
 51
15
  7
ADRF1
 11
0
 21
0
 31
0
100
AcDbText
  0
LINE
  5
1FAA
330
6B
100
AcDbEntity
  8
РАМКА
370
    50
100
AcDbLine
 10
-17.60471984035803
 20
-14.85576013161855
 30
0
 11
-17.60471984035803
 21
-34.76448859394805
 31
0
  0
TEXT
  5
1FAB
330
6B
100
AcDbEntity
  8
РАМКА
100
AcDbText
 10
-15.86196855009098
 20
-18.16412085443377
 30
0
 40
2
  1
Масштаб
 51
15
  7
ADRF1
 11
0
 21
0
 31
0
100
AcDbText
  0
ENDBLK
  5
B5
330
6B
100
AcDbEntity
  8
0
100
AcDbBlockEnd
  0
BLOCK
  5
284
330
27F
100
AcDbEntity
  8
0
100
AcDbBlockBegin
  2
A$C729A2E8A
 70
     0
 10
0
 20
0
 30
0
  3
A$C729A2E8A
  1

  0
TEXT
  5
280
330
27F
100
AcDbEntity
  8
0
  6
Continuous
370
    25
100
AcDbText
 10
-0.9523809705635671
 20
-2.929842751E-07
 30
0
 40
5
  1
ГОСТ10007-80
 51
15
  7
ADRF1
 11
0
 21
0
 31
0
100
AcDbText
  0
TEXT
  5
281
330
27F
100
AcDbEntity
  8
0
  6
Continuous
370
    25
100
AcDbText
 10
0.935252444759044
 20
7.055002723946245
 30
0
 40
5
  1
Фторопласт4
 51
15
  7
ADRF1
 11
0
 21
0
 31
0
100
AcDbText
  0
TEXT
  5
282
330
27F
100
AcDbEntity
  8
0
  6
Continuous
370
    25
100
AcDbText
 10
19.0646304535303
 20
41.03452739721695
 30
0
 40
5
  1
414324.001-01
 51
15
  7
ADRF1
 11
0
 21
0
 31
0
100
AcDbText
  0
TEXT
  5
283
330
27F
100
AcDbEntity
  8
0
  6
Continuous
370
    25
100
AcDbText
 10
91.37384934704727
 20
22.33151738948322
 30
0
 40
5
  1
1:1
 51
15
  7
ADRF1
 11
0
 21
0
 31
0
100
AcDbText
  0
ENDBLK
  5
285
330
27F
100
AcDbEntity
  8
0
100
AcDbBlockEnd
  0
BLOCK
  5
28B
330
286
100
AcDbEntity
  8
0
100
AcDbBlockBegin
  2
A$C6A576A86
 70
     0
 10
0
 20
0
 30
0
  3
A$C6A576A86
  1

  0
TEXT
  5
287
330
286
100
AcDbEntity
  8
0
  6
Continuous
370
    25
100
AcDbText
 10
-0.9523809705635671
 20
-2.929842751E-07
 30
0
 40
5
  1
ГОСТ10007-80
 51
15
  7
ADRF1
 11
0
 21
0
 31
0
100
AcDbText
  0
TEXT
  5
288
330
286
100
AcDbEntity
  8
0
  6
Continuous
370
    25
100
AcDbText
 10
0.935252444759044
 20
7.055002723946245
 30
0
 40
5
  1
Фторопласт4
 51
15
  7
ADRF1
 11
0
 21
0
 31
0
100
AcDbText
  0
TEXT
  5
289
330
286
100
AcDbEntity
  8
0
  6
Continuous
370
    25
100
AcDbText
 10
19.0646304535303
 20
41.03452739721695
 30
0
 40
5
  1
414324.001-01
 51
15
  7
ADRF1
 11
0
 21
0
 31
0
100
AcDbText
  0
TEXT
  5
28A
330
286
100
AcDbEntity
  8
0
  6
Continuous
370
    25
100
AcDbText
 10
91.37384934704727
 20
22.33151738948322
 30
0
 40
5
  1
1:1
 51
15
  7
ADRF1
 11
0
 21
0
 31
0
100
AcDbText
  0
ENDBLK
  5
28C
330
286
100
AcDbEntity
  8
0
100
AcDbBlockEnd
  0
BLOCK
  5
10B4
330
10B0
100
AcDbEntity
  8
0
100
AcDbBlockBegin
  2
_ClosedBlank
 70
     0
 10
0
 20
0
 30
0
  3
_ClosedBlank
  1

  0
LINE
  5
10B1
330
10B0
100
AcDbEntity
  8
0
  6
ByBlock
370
    -2
 62
     0
100
AcDbLine
 10
-1
 20
0.1666666666666667
 30
0
 11
0
 21
0
 31
0
  0
LINE
  5
10B2
330
10B0
100
AcDbEntity
  8
0
  6
ByBlock
370
    -2
 62
     0
100
AcDbLine
 10
0
 20
0
 30
0
 11
-1
 21
-0.1666666666666667
 31
0
  0
LINE
  5
10B3
330
10B0
100
AcDbEntity
  8
0
  6
ByBlock
370
    -2
 62
     0
100
AcDbLine
 10
-1
 20
0.1666666666666667
 30
0
 11
-1
 21
-0.1666666666666667
 31
0
  0
ENDBLK
  5
10B5
330
10B0
100
AcDbEntity
  8
0
100
AcDbBlockEnd
  0
BLOCK
  5
2481
330
2477
100
AcDbEntity
  8
0
100
AcDbBlockBegin
  2
*D4
 70
     1
 10
0
 20
0
 30
0
  3
*D4
  1

  0
LINE
  5
2478
330
2477
100
AcDbEntity
  8
0
  6
Continuous
370
    20
 62
     0
100
AcDbLine
 10
-123.8555432183298
 20
167.927007865417
 30
0
 11
-123.8555432183298
 21
141.5404270624084
 31
0
  0
LINE
  5
2479
330
2477
100
AcDbEntity
  8
0
  6
Continuous
370
    20
 62
     0
100
AcDbLine
 10
-66.85554321832979
 20
167.927007865417
 30
0
 11
-66.85554321832979
 21
141.5404270624084
 31
0
  0
LINE
  5
247A
330
2477
100
AcDbEntity
  8
0
  6
Continuous
370
    -2
 62
     0
100
AcDbLine
 10
-121.3555432183298
 20
143.0404270624084
 30
0
 11
-69.35554321832979
 21
143.0404270624084
 31
0
  0
SOLID
  5
247B
330
2477
100
AcDbEntity
  8
0
  6
Continuous
370
     5
 62
     0
100
AcDbTrace
 38
0
 10
-121.3555432183298
 20
143.4570937290751
 11
-121.3555432183298
 21
142.6237603957418
 12
-123.8555432183298
 22
143.0404270624084
 13
-123.8555432183298
 23
143.0404270624084
  0
SOLID
  5
247C
330
2477
100
AcDbEntity
  8
0
  6
Continuous
370
     5
 62
     0
100
AcDbTrace
 38
0
 10
-69.35554321832979
 20
143.4570937290751
 11
-69.35554321832979
 21
142.6237603957418
 12
-66.85554321832979
 22
143.0404270624084
 13
-66.85554321832979
 23
143.0404270624084
  0
MTEXT
  5
247D
330
2477
100
AcDbEntity
  8
0
  6
Continuous
370
    20
 62
     0
100
AcDbMText
 10
-95.35554321832979
 20
146.2904270624084
 30
0
210
0
220
0
230
1
 11
1
 21
0
 31
0
 40
2.5
 41
0
 46
0
 71
     5
 72
     1
  1
%%c57
  7
ADRF1
 73
     1
 44
1
101
Embedded Object
 70
     1
 10
-95.35554321832979
 20
146.2904270624084
 30
0
 11
1
 21
0
 31
0
 40
0
 41
0
 42
0
 43
0
 71
     0
  0
POINT
  5
247E
330
2477
100
AcDbEntity
  8
Defpoints
  6
Continuous
370
     5
 62
     0
100
AcDbPoint
 10
-123.8555432183298
 20
167.927007865417
 30
0
 50
0
  0
POINT
  5
247F
330
2477
100
AcDbEntity
  8
Defpoints
  6
Continuous
370
     5
 62
     0
100
AcDbPoint
 10
-66.85554321832979
 20
167.927007865417
 30
0
 50
0
  0
POINT
  5
2480
330
2477
100
AcDbEntity
  8
Defpoints
  6
Continuous
370
     5
 62
     0
100
AcDbPoint
 10
-66.85554321832979
 20
143.0404270624084
 30
0
 50
0
  0
ENDBLK
  5
2482
330
2477
100
AcDbEntity
  8
0
100
AcDbBlockEnd
  0
BLOCK
  5
248D
330
2483
100
AcDbEntity
  8
0
100
AcDbBlockBegin
  2
*D5
 70
     1
 10
0
 20
0
 30
0
  3
*D5
  1

  0
LINE
  5
2484
330
2483
100
AcDbEntity
  8
0
  6
Continuous
370
    20
 62
     0
100
AcDbLine
 10
-116.3555432183298
 20
167.927007865417
 30
0
 11
-116.3555432183298
 21
152.9948223593495
 31
0
  0
LINE
  5
2485
330
2483
100
AcDbEntity
  8
0
  6
Continuous
370
    20
 62
     0
100
AcDbLine
 10
-74.35554321832979
 20
168.4369681754962
 30
0
 11
-74.35554321832979
 21
152.9948223593495
 31
0
  0
LINE
  5
2486
330
2483
100
AcDbEntity
  8
0
  6
Continuous
370
    -2
 62
     0
100
AcDbLine
 10
-113.8555432183298
 20
154.4948223593495
 30
0
 11
-76.85554321832979
 21
154.4948223593495
 31
0
  0
SOLID
  5
2487
330
2483
100
AcDbEntity
  8
0
  6
Continuous
370
     5
 62
     0
100
AcDbTrace
 38
0
 10
-113.8555432183298
 20
154.9114890260161
 11
-113.8555432183298
 21
154.0781556926828
 12
-116.3555432183298
 22
154.4948223593495
 13
-116.3555432183298
 23
154.4948223593495
  0
SOLID
  5
2488
330
2483
100
AcDbEntity
  8
0
  6
Continuous
370
     5
 62
     0
100
AcDbTrace
 38
0
 10
-76.85554321832979
 20
154.9114890260161
 11
-76.85554321832979
 21
154.0781556926828
 12
-74.35554321832979
 22
154.4948223593495
 13
-74.35554321832979
 23
154.4948223593495
  0
MTEXT
  5
2489
330
2483
100
AcDbEntity
  8
0
  6
Continuous
370
    20
 62
     0
100
AcDbMText
 10
-95.35554321832979
 20
157.7448223593495
 30
0
210
0
220
0
230
1
 11
1
 21
0
 31
0
 40
2.5
 41
0
 46
0
 71
     5
 72
     1
  1
M42x3
  7
ADRF1
 73
     1
 44
1
101
Embedded Object
 70
     1
 10
-95.35554321832979
 20
157.7448223593495
 30
0
 11
1
 21
0
 31
0
 40
0
 41
0
 42
0
 43
0
 71
     0
  0
POINT
  5
248A
330
2483
100
AcDbEntity
  8
Defpoints
  6
Continuous
370
     5
 62
     0
100
AcDbPoint
 10
-116.3555432183298
 20
167.927007865417
 30
0
 50
0
  0
POINT
  5
248B
330
2483
100
AcDbEntity
  8
Defpoints
  6
Continuous
370
     5
 62
     0
100
AcDbPoint
 10
-74.35554321832979
 20
168.4369681754962
 30
0
 50
0
  0
POINT
  5
248C
330
2483
100
AcDbEntity
  8
Defpoints
  6
Continuous
370
     5
 62
     0
100
AcDbPoint
 10
-74.35554321832979
 20
154.4948223593495
 30
0
 50
0
  0
ENDBLK
  5
248E
330
2483
100
AcDbEntity
  8
0
100
AcDbBlockEnd
  0
BLOCK
  5
2499
330
248F
100
AcDbEntity
  8
0
100
AcDbBlockBegin
  2
*D6
 70
     1
 10
0
 20
0
 30
0
  3
*D6
  1

  0
LINE
  5
2490
330
248F
100
AcDbEntity
  8
0
  6
Continuous
370
    20
 62
     0
100
AcDbLine
 10
-128.3555432183298
 20
199.927007865417
 30
0
 11
-128.3555432183298
 21
229.2508026041928
 31
0
  0
LINE
  5
2491
330
248F
100
AcDbEntity
  8
0
  6
Continuous
370
    20
 62
     0
100
AcDbLine
 10
-62.35554321832979
 20
199.927007865417
 30
0
 11
-62.35554321832979
 21
229.2508026041928
 31
0
  0
LINE
  5
2492
330
248F
100
AcDbEntity
  8
0
  6
Continuous
370
    -2
 62
     0
100
AcDbLine
 10
-125.8555432183298
 20
227.7508026041928
 30
0
 11
-64.85554321832979
 21
227.7508026041928
 31
0
  0
SOLID
  5
2493
330
248F
100
AcDbEntity
  8
0
  6
Continuous
370
     5
 62
     0
100
AcDbTrace
 38
0
 10
-125.8555432183298
 20
228.1674692708595
 11
-125.8555432183298
 21
227.3341359375262
 12
-128.3555432183298
 22
227.7508026041928
 13
-128.3555432183298
 23
227.7508026041928
  0
SOLID
  5
2494
330
248F
100
AcDbEntity
  8
0
  6
Continuous
370
     5
 62
     0
100
AcDbTrace
 38
0
 10
-64.85554321832979
 20
228.1674692708595
 11
-64.85554321832979
 21
227.3341359375262
 12
-62.35554321832979
 22
227.7508026041928
 13
-62.35554321832979
 23
227.7508026041928
  0
MTEXT
  5
2495
330
248F
100
AcDbEntity
  8
0
  6
Continuous
370
    20
 62
     0
100
AcDbMText
 10
-95.04541032697693
 20
231.0008026041928
 30
0
210
0
220
0
230
1
 11
1
 21
0
 31
0
 40
2.5
 41
0
 46
0
 71
     5
 72
     1
  1
%%c66
  7
ADRF1
 73
     1
 44
1
101
Embedded Object
 70
     1
 10
-95.04541032697693
 20
231.0008026041928
 30
0
 11
1
 21
0
 31
0
 40
0
 41
0
 42
0
 43
0
 71
     0
  0
POINT
  5
2496
330
248F
100
AcDbEntity
  8
Defpoints
  6
Continuous
370
     5
 62
     0
100
AcDbPoint
 10
-128.3555432183298
 20
199.927007865417
 30
0
 50
0
  0
POINT
  5
2497
330
248F
100
AcDbEntity
  8
Defpoints
  6
Continuous
370
     5
 62
     0
100
AcDbPoint
 10
-62.35554321832979
 20
199.927007865417
 30
0
 50
0
  0
POINT
  5
2498
330
248F
100
AcDbEntity
  8
Defpoints
  6
Continuous
370
     5
 62
     0
100
AcDbPoint
 10
-62.35554321832979
 20
227.7508026041928
 30
0
 50
0
  0
ENDBLK
  5
249A
330
248F
100
AcDbEntity
  8
0
100
AcDbBlockEnd
  0
BLOCK
  5
24A5
330
249B
100
AcDbEntity
  8
0
100
AcDbBlockBegin
  2
*D7
 70
     1
 10
0
 20
0
 30
0
  3
*D7
  1

  0
LINE
  5
249C
330
249B
100
AcDbEntity
  8
0
  6
Continuous
370
    20
 62
     0
100
AcDbLine
 10
-125.3555432183298
 20
205.927007865417
 30
0
 11
-125.3555432183298
 21
221.9664670451596
 31
0
  0
LINE
  5
249D
330
249B
100
AcDbEntity
  8
0
  6
Continuous
370
    20
 62
     0
100
AcDbLine
 10
-65.35554321832976
 20
205.927007865417
 30
0
 11
-65.35554321832976
 21
221.9664670451596
 31
0
  0
LINE
  5
249E
330
249B
100
AcDbEntity
  8
0
  6
Continuous
370
    -2
 62
     0
100
AcDbLine
 10
-122.8555432183298
 20
220.4664670451596
 30
0
 11
-67.85554321832976
 21
220.4664670451596
 31
0
  0
SOLID
  5
249F
330
249B
100
AcDbEntity
  8
0
  6
Continuous
370
    50
 62
     0
100
AcDbTrace
 38
0
 10
-122.8555432183298
 20
220.8831337118262
 11
-122.8555432183298
 21
220.0498003784929
 12
-125.3555432183298
 22
220.4664670451596
 13
-125.3555432183298
 23
220.4664670451596
  0
SOLID
  5
24A0
330
249B
100
AcDbEntity
  8
0
  6
Continuous
370
    50
 62
     0
100
AcDbTrace
 38
0
 10
-67.85554321832976
 20
220.8831337118262
 11
-67.85554321832976
 21
220.0498003784929
 12
-65.35554321832976
 22
220.4664670451596
 13
-65.35554321832976
 23
220.4664670451596
  0
MTEXT
  5
24A1
330
249B
100
AcDbEntity
  8
0
  6
Continuous
370
    20
 62
     0
100
AcDbMText
 10
-95.34918882585748
 20
223.7164670451596
 30
0
210
0
220
0
230
1
 11
1
 21
0
 31
0
 40
2.5
 41
0
 46
0
 71
     5
 72
     1
  1
%%c60
  7
ADRF1
 73
     1
 44
1
101
Embedded Object
 70
     1
 10
-95.34918882585748
 20
223.7164670451596
 30
0
 11
1
 21
0
 31
0
 40
0
 41
0
 42
0
 43
0
 71
     0
  0
POINT
  5
24A2
330
249B
100
AcDbEntity
  8
Defpoints
  6
Continuous
370
    50
 62
     0
100
AcDbPoint
 10
-125.3555432183298
 20
205.927007865417
 30
0
 50
0
  0
POINT
  5
24A3
330
249B
100
AcDbEntity
  8
Defpoints
  6
Continuous
370
    50
 62
     0
100
AcDbPoint
 10
-65.35554321832976
 20
205.927007865417
 30
0
 50
0
  0
POINT
  5
24A4
330
249B
100
AcDbEntity
  8
Defpoints
  6
Continuous
370
    50
 62
     0
100
AcDbPoint
 10
-65.35554321832976
 20
220.4664670451596
 30
0
 50
0
  0
ENDBLK
  5
24A6
330
249B
100
AcDbEntity
  8
0
100
AcDbBlockEnd
  0
BLOCK
  5
24B1
330
24A7
100
AcDbEntity
  8
0
100
AcDbBlockBegin
  2
*D8
 70
     1
 10
0
 20
0
 30
0
  3
*D8
  1

  0
LINE
  5
24A8
330
24A7
100
AcDbEntity
  8
0
  6
Continuous
370
    20
 62
     0
100
AcDbLine
 10
-62.35554321832976
 20
205.927007865417
 30
0
 11
-43.75672014976226
 21
205.927007865417
 31
0
  0
LINE
  5
24A9
330
24A7
100
AcDbEntity
  8
0
  6
Continuous
370
    20
 62
     0
100
AcDbLine
 10
-65.35554321832976
 20
196.927007865417
 30
0
 11
-43.75672014976226
 21
196.9270078654169
 31
0
  0
LINE
  5
24AA
330
24A7
100
AcDbEntity
  8
0
  6
Continuous
370
    -2
 62
     0
100
AcDbLine
 10
-45.25672014976226
 20
203.427007865417
 30
0
 11
-45.25672014976226
 21
199.4270078654169
 31
0
  0
SOLID
  5
24AB
330
24A7
100
AcDbEntity
  8
0
  6
Continuous
370
     5
 62
     0
100
AcDbTrace
 38
0
 10
-45.67338681642892
 20
203.427007865417
 11
-44.84005348309559
 21
203.427007865417
 12
-45.25672014976226
 22
205.927007865417
 13
-45.25672014976226
 23
205.927007865417
  0
SOLID
  5
24AC
330
24A7
100
AcDbEntity
  8
0
  6
Continuous
370
     5
 62
     0
100
AcDbTrace
 38
0
 10
-45.67338681642892
 20
199.4270078654169
 11
-44.84005348309559
 21
199.4270078654169
 12
-45.25672014976226
 22
196.9270078654169
 13
-45.25672014976226
 23
196.9270078654169
  0
MTEXT
  5
24AD
330
24A7
100
AcDbEntity
  8
0
  6
Continuous
370
    20
 62
     0
100
AcDbMText
 10
-48.50672014976229
 20
201.427007865417
 30
0
210
0
220
0
230
1
 11
6.123031769111886E-17
 21
1
 31
0
 40
2.5
 41
0
 46
0
 71
     5
 72
     1
  1
9
  7
ADRF1
 73
     1
 44
1
101
Embedded Object
 70
     1
 10
-48.50672014976229
 20
201.427007865417
 30
0
 11
6.123031769111886E-17
 21
1
 31
0
 40
0
 41
0
 42
0
 43
0
 71
     0
  0
POINT
  5
24AE
330
24A7
100
AcDbEntity
  8
Defpoints
  6
Continuous
370
     5
 62
     0
100
AcDbPoint
 10
-62.35554321832976
 20
205.927007865417
 30
0
 50
0
  0
POINT
  5
24AF
330
24A7
100
AcDbEntity
  8
Defpoints
  6
Continuous
370
     5
 62
     0
100
AcDbPoint
 10
-65.35554321832976
 20
196.927007865417
 30
0
 50
0
  0
POINT
  5
24B0
330
24A7
100
AcDbEntity
  8
Defpoints
  6
Continuous
370
     5
 62
     0
100
AcDbPoint
 10
-45.25672014976226
 20
196.9270078654169
 30
0
 50
0
  0
ENDBLK
  5
24B2
330
24A7
100
AcDbEntity
  8
0
100
AcDbBlockEnd
  0
BLOCK
  5
24BD
330
24B3
100
AcDbEntity
  8
0
100
AcDbBlockBegin
  2
*D9
 70
     1
 10
0
 20
0
 30
0
  3
*D9
  1

  0
LINE
  5
24B4
330
24B3
100
AcDbEntity
  8
0
  6
Continuous
370
    20
 62
     0
100
AcDbLine
 10
-62.35554321832979
 20
205.927007865417
 30
0
 11
-32.74226780163257
 21
205.927007865417
 31
0
  0
LINE
  5
24B5
330
24B3
100
AcDbEntity
  8
0
  6
Continuous
370
    20
 62
     0
100
AcDbLine
 10
-66.85554321832979
 20
167.927007865417
 30
0
 11
-32.74226780163258
 21
167.927007865417
 31
0
  0
LINE
  5
24B6
330
24B3
100
AcDbEntity
  8
0
  6
Continuous
370
    -2
 62
     0
100
AcDbLine
 10
-34.24226780163257
 20
203.427007865417
 30
0
 11
-34.24226780163258
 21
170.427007865417
 31
0
  0
SOLID
  5
24B7
330
24B3
100
AcDbEntity
  8
0
  6
Continuous
370
     5
 62
     0
100
AcDbTrace
 38
0
 10
-34.65893446829924
 20
203.427007865417
 11
-33.82560113496591
 21
203.427007865417
 12
-34.24226780163257
 22
205.927007865417
 13
-34.24226780163257
 23
205.927007865417
  0
SOLID
  5
24B8
330
24B3
100
AcDbEntity
  8
0
  6
Continuous
370
     5
 62
     0
100
AcDbTrace
 38
0
 10
-34.65893446829924
 20
170.427007865417
 11
-33.82560113496591
 21
170.427007865417
 12
-34.24226780163258
 22
167.927007865417
 13
-34.24226780163258
 23
167.927007865417
  0
MTEXT
  5
24B9
330
24B3
100
AcDbEntity
  8
0
  6
Continuous
370
    20
 62
     0
100
AcDbMText
 10
-37.4922678016326
 20
186.927007865417
 30
0
210
0
220
0
230
1
 11
6.123031769111886E-17
 21
1
 31
0
 40
2.5
 41
0
 46
0
 71
     5
 72
     1
  1
38
  7
ADRF1
 73
     1
 44
1
101
Embedded Object
 70
     1
 10
-37.4922678016326
 20
186.927007865417
 30
0
 11
6.123031769111886E-17
 21
1
 31
0
 40
0
 41
0
 42
0
 43
0
 71
     0
  0
POINT
  5
24BA
330
24B3
100
AcDbEntity
  8
Defpoints
  6
Continuous
370
     5
 62
     0
100
AcDbPoint
 10
-62.35554321832979
 20
205.927007865417
 30
0
 50
0
  0
POINT
  5
24BB
330
24B3
100
AcDbEntity
  8
Defpoints
  6
Continuous
370
     5
 62
     0
100
AcDbPoint
 10
-66.85554321832979
 20
167.927007865417
 30
0
 50
0
  0
POINT
  5
24BC
330
24B3
100
AcDbEntity
  8
Defpoints
  6
Continuous
370
     5
 62
     0
100
AcDbPoint
 10
-34.24226780163258
 20
167.927007865417
 30
0
 50
0
  0
ENDBLK
  5
24BE
330
24B3
100
AcDbEntity
  8
0
100
AcDbBlockEnd
  0
BLOCK
  5
24CB
330
24BF
100
AcDbEntity
  8
0
100
AcDbBlockBegin
  2
*D10
 70
     1
 10
0
 20
0
 30
0
  3
*D10
  1

  0
LINE
  5
24C0
330
24BF
100
AcDbEntity
  8
0
  6
Continuous
370
    20
 62
     0
100
AcDbLine
 10
-66.85554321832979
 20
167.927007865417
 30
0
 11
-43.77515177352822
 21
167.927007865417
 31
0
  0
LINE
  5
24C1
330
24BF
100
AcDbEntity
  8
0
  6
Continuous
370
    20
 62
     0
100
AcDbLine
 10
-62.35554321832979
 20
172.927007865417
 30
0
 11
-43.77515177352822
 21
172.927007865417
 31
0
  0
LINE
  5
24C2
330
24BF
100
AcDbEntity
  8
0
  6
Continuous
370
    -2
 62
     0
100
AcDbLine
 10
-45.27515177352822
 20
165.427007865417
 30
0
 11
-45.27515177352822
 21
162.927007865417
 31
0
  0
LINE
  5
24C3
330
24BF
100
AcDbEntity
  8
0
  6
Continuous
370
    -2
 62
     0
100
AcDbLine
 10
-45.27515177352822
 20
175.427007865417
 30
0
 11
-45.27515177352821
 21
177.927007865417
 31
0
  0
LINE
  5
24C4
330
24BF
100
AcDbEntity
  8
0
  6
Continuous
370
    -2
 62
     0
100
AcDbLine
 10
-45.27515177352822
 20
167.927007865417
 30
0
 11
-45.27515177352822
 21
172.927007865417
 31
0
  0
SOLID
  5
24C5
330
24BF
100
AcDbEntity
  8
0
  6
Continuous
370
     5
 62
     0
100
AcDbTrace
 38
0
 10
-45.69181844019489
 20
165.427007865417
 11
-44.85848510686156
 21
165.427007865417
 12
-45.27515177352822
 22
167.927007865417
 13
-45.27515177352822
 23
167.927007865417
  0
SOLID
  5
24C6
330
24BF
100
AcDbEntity
  8
0
  6
Continuous
370
     5
 62
     0
100
AcDbTrace
 38
0
 10
-45.69181844019489
 20
175.427007865417
 11
-44.85848510686156
 21
175.427007865417
 12
-45.27515177352822
 22
172.927007865417
 13
-45.27515177352822
 23
172.927007865417
  0
MTEXT
  5
24C7
330
24BF
100
AcDbEntity
  8
0
  6
Continuous
370
    20
 62
     0
100
AcDbMText
 10
-48.52515177352825
 20
170.427007865417
 30
0
210
0
220
0
230
1
 11
6.123031769111886E-17
 21
1
 31
0
 40
2.5
 41
0
 46
0
 71
     5
 72
     1
  1
5
  7
ADRF1
 73
     1
 44
1
101
Embedded Object
 70
     1
 10
-48.52515177352825
 20
170.427007865417
 30
0
 11
6.123031769111886E-17
 21
1
 31
0
 40
0
 41
0
 42
0
 43
0
 71
     0
  0
POINT
  5
24C8
330
24BF
100
AcDbEntity
  8
Defpoints
  6
Continuous
370
     5
 62
     0
100
AcDbPoint
 10
-66.85554321832979
 20
167.927007865417
 30
0
 50
0
  0
POINT
  5
24C9
330
24BF
100
AcDbEntity
  8
Defpoints
  6
Continuous
370
     5
 62
     0
100
AcDbPoint
 10
-62.35554321832979
 20
172.927007865417
 30
0
 50
0
  0
POINT
  5
24CA
330
24BF
100
AcDbEntity
  8
Defpoints
  6
Continuous
370
     5
 62
     0
100
AcDbPoint
 10
-45.27515177352822
 20
172.927007865417
 30
0
 50
0
  0
ENDBLK
  5
24CC
330
24BF
100
AcDbEntity
  8
0
100
AcDbBlockEnd
  0
BLOCK
  5
24E8
330
24CD
100
AcDbEntity
  8
0
100
AcDbBlockBegin
  2
A$C08BE2F95
 70
     0
 10
0
 20
0
 30
0
  3
A$C08BE2F95
  1

  0
DIMENSION
  5
24CE
330
24CD
100
AcDbEntity
  8
0
  6
Continuous
370
    20
100
AcDbDimension
280
     0
  2
*D4
 10
61.50000030643366
 20
1.499999964313702
 30
0
 11
33.00000030643366
 21
4.749999964313702
 31
0
  1
%%c57
 71
     5
 42
57
 73
     0
 74
     0
 75
     0
 12
128.3555435247634
 22
-141.5404270980947
  3
max
100
AcDbAlignedDimension
 13
4.500000306433662
 23
26.38658076732224
 33
0
 14
61.50000030643366
 24
26.38658076732224
 34
0
 52
0
100
AcDbRotatedDimension
  0
LINE
  5
24CF
330
24CD
100
AcDbEntity
  8
0
  6
Continuous
370
    50
100
AcDbLine
 10
66.00000030643366
 20
64.38658076732224
 30
0
 11
3.06433634E-07
 21
64.38658076732222
 31
0
  0
LINE
  5
24D0
330
24CD
100
AcDbEntity
  8
0
  6
Continuous
370
    50
100
AcDbLine
 10
66.00000030643366
 20
31.38658076732224
 30
0
 11
61.50000030643366
 21
31.38658076732224
 31
0
  0
DIMENSION
  5
24D1
330
24CD
100
AcDbEntity
  8
0
  6
Continuous
370
    20
100
AcDbDimension
280
     0
  2
*D10
 10
83.08039175123523
 20
31.38658076732224
 30
0
 11
83.0803917512352
 21
28.88658076732222
 31
0
 70
   128
  1
5
 71
     5
 42
5.000000000000028
 73
     0
 74
     0
 75
     0
 12
128.3555435247634
 22
-141.5404270980947
  3
max
100
AcDbAlignedDimension
 13
61.50000030643366
 23
26.38658076732224
 33
0
 14
66.00000030643366
 24
31.38658076732224
 34
0
 52
0
 50
90
100
AcDbRotatedDimension
  0
DIMENSION
  5
24D2
330
24CD
100
AcDbEntity
  8
0
  6
Continuous
370
    20
100
AcDbDimension
280
     0
  2
*D9
 10
94.11327572313087
 20
26.38658076732222
 30
0
 11
90.86327572313084
 21
45.38658076732222
 31
0
  1

 71
     5
 42
38
 73
     0
 74
     0
 75
     0
 12
128.3555435247634
 22
-141.5404270980947
  3
max
100
AcDbAlignedDimension
 13
66.00000030643366
 23
64.38658076732222
 33
0
 14
61.50000030643366
 24
26.38658076732224
 34
0
 52
0
 50
90
100
AcDbRotatedDimension
  0
DIMENSION
  5
24D3
330
24CD
100
AcDbEntity
  8
0
  6
Continuous
370
    20
100
AcDbDimension
280
     0
  2
*D8
 10
83.09882337500119
 20
55.38658076732219
 30
0
 11
79.84882337500116
 21
59.88658076732222
 31
0
  1

 71
     5
 42
9.000000000000028
 73
     0
 74
     0
 75
     0
 12
128.3555435247634
 22
-141.5404270980947
  3
max
100
AcDbAlignedDimension
 13
66.00000030643369
 23
64.38658076732222
 33
0
 14
63.00000030643369
 24
55.38658076732222
 34
0
 52
0
 50
90
100
AcDbRotatedDimension
  0
HATCH
  5
24D4
330
24CD
100
AcDbEntity
  8
0
  6
Continuous
370
     5
100
AcDbHatch
 10
0
 20
0
 30
0
210
0
220
0
230
1
  2
ANSI31
 70
     0
 71
     0
 91
        4
 92
        7
 72
     0
 73
     1
 93
        8
 10
54.00000030643366
 20
26.38658076732224
 10
61.50000030643366
 20
26.38658076732224
 10
61.50000030643366
 20
31.38658076732224
 10
66.00000030643366
 20
31.38658076732224
 10
66.00000030643366
 20
64.38658076732224
 10
63.00000030643369
 20
64.38658076732222
 10
63.00000030643369
 20
55.38658076732224
 10
54.00000030643363
 20
55.38658076732224
 97
        0
 92
        7
 72
     0
 73
     1
 93
        5
 10
54.00000030643363
 20
55.38658076732224
 10
53.00000030643366
 20
55.38658076732222
 10
52.71423577871846
 20
55.38658076732224
 10
52.71423577871849
 20
26.38658076732227
 10
54.00000030643363
 20
26.38658076732224
 97
        0
 92
        7
 72
     0
 73
     1
 93
        8
 10
12.00000030643368
 20
55.38658076732224
 10
3.000000306433662
 20
55.38658076732224
 10
3.000000306433648
 20
64.38658076732222
 10
3.064336624E-07
 20
64.38658076732224
 10
3.064336624E-07
 20
31.38658076732224
 10
4.500000306433662
 20
31.38658076732224
 10
4.500000306433662
 20
26.38658076732222
 10
12.00000030643366
 20
26.38658076732222
 97
        0
 92
        7
 72
     0
 73
     1
 93
        4
 10
13.28576483414885
 20
55.38658076732224
 10
12.00000030643366
 20
55.38658076732224
 10
12.00000030643366
 20
26.38658076732224
 10
13.28576483414884
 20
26.38658076732227
 97
        0
 75
     0
 76
     1
 52
0
 41
0.75
 77
     0
 78
     1
 53
45
 43
-79.49999969356634
 44
-170.5877837852162
 45
-1.683798022700466
 46
1.683798022700466
 79
     0
 47
0.1331906416887906
 98
        4
 10
55.61496095822974
 20
45.17239570511003
 10
53.48205274793429
 20
46.10473040704335
 10
9.757421160339732
 20
42.64177393058685
 10
12.6901710558742
 20
43.17453651861922
  0
DIMENSION
  5
24D5
330
24CD
100
AcDbEntity
  8
0
  6
Continuous
370
    20
100
AcDbDimension
280
     0
  2
*D6
 10
66.00000030643366
 20
86.2103755060981
 30
0
 11
33.31013319778651
 21
86.2103755060981
 31
0
 70
   128
  1
%%c66
 71
     5
 42
66
 73
     0
 74
     0
 75
     0
 12
128.3555435247634
 22
-141.5404270980947
  3
max
100
AcDbAlignedDimension
 13
3.064336624E-07
 23
58.38658076732224
 33
0
 14
66.00000030643366
 24
58.38658076732227
 34
0
 52
0
100
AcDbRotatedDimension
  0
LINE
  5
24D6
330
24CD
100
AcDbEntity
  8
0
  6
Continuous
370
    50
100
AcDbLine
 10
63.00000030643369
 20
55.38658076732222
 30
0
 11
3.000000306433662
 21
55.38658076732219
 31
0
  0
LINE
  5
24D7
330
24CD
100
AcDbEntity
  8
0
  6
Continuous
370
    50
100
AcDbLine
 10
4.500000306433662
 20
26.38658076732227
 30
0
 11
61.50000030643366
 21
26.38658076732224
 31
0
  0
DIMENSION
  5
24D8
330
24CD
100
AcDbEntity
  8
0
  6
Continuous
370
    20
100
AcDbDimension
280
     0
  2
*D7
 10
63.00000030643369
 20
78.92603994706485
 30
0
 11
33.00635469890597
 21
78.92603994706485
 31
0
 70
   128
  1
%%c60
 71
     5
 42
60.00000000000003
 73
     0
 74
     0
 75
     0
 12
128.3555435247634
 22
-141.5404270980947
  3
max
100
AcDbAlignedDimension
 13
3.000000306433662
 23
64.38658076732222
 33
0
 14
63.00000030643369
 24
64.38658076732224
 34
0
 52
0
100
AcDbRotatedDimension
  0
LINE
  5
24D9
330
24CD
100
AcDbEntity
  8
0
  6
Continuous
370
    50
100
AcDbLine
 10
3.06433634E-07
 20
64.38658076732224
 30
0
 11
3.064336624E-07
 21
31.38658076732224
 31
0
  0
LINE
  5
24DA
330
24CD
100
AcDbEntity
  8
0
  6
Continuous
370
    50
100
AcDbLine
 10
4.500000306433662
 20
31.38658076732224
 30
0
 11
4.500000306433662
 21
26.38658076732224
 31
0
  0
LINE
  5
24DB
330
24CD
100
AcDbEntity
  8
0
  6
Continuous
370
    50
100
AcDbLine
 10
3.064336624E-07
 20
31.38658076732224
 30
0
 11
4.500000306433662
 21
31.38658076732224
 31
0
  0
LINE
  5
24DC
330
24CD
100
AcDbEntity
  8
0
  6
Continuous
370
    50
100
AcDbLine
 10
3.000000306433662
 20
64.38658076732222
 30
0
 11
3.000000306433662
 21
55.38658076732222
 31
0
  0
LINE
  5
24DD
330
24CD
100
AcDbEntity
  8
0
  6
Continuous
370
    50
100
AcDbLine
 10
52.71423577871849
 20
26.38658076732224
 30
0
 11
52.71423577871846
 21
55.38658076732224
 31
0
  0
LINE
  5
24DE
330
24CD
100
AcDbEntity
  8
0
  6
Continuous
370
    20
100
AcDbLine
 10
54.00000030643366
 20
26.38658076732224
 30
0
 11
54.00000030643363
 21
55.38658076732224
 31
0
  0
LINE
  5
24DF
330
24CD
100
AcDbEntity
  8
0
  6
Continuous
370
    50
100
AcDbLine
 10
13.28576483414884
 20
26.38658076732224
 30
0
 11
13.28576483414884
 21
55.38658076732224
 31
0
  0
LINE
  5
24E0
330
24CD
100
AcDbEntity
  8
0
  6
Continuous
370
    20
100
AcDbLine
 10
12.00000030643366
 20
26.38658076732224
 30
0
 11
12.00000030643366
 21
55.38658076732224
 31
0
  0
LINE
  5
24E1
330
24CD
100
AcDbEntity
  8
0
  6
ОСЕВАЯ
 48
0.5
370
    20
100
AcDbLine
 10
33.00000030643366
 20
68.46616194481163
 30
0
 11
33.00000030643365
 21
23.76487724533115
 31
0
  0
DIMENSION
  5
24E2
330
24CD
100
AcDbEntity
  8
0
  6
Continuous
370
    20
100
AcDbDimension
280
     0
  2
*D5
 10
54.00000030643366
 20
12.95439526125472
 30
0
 11
33.00000030643366
 21
16.20439526125472
 31
0
  1
M42x3
 71
     5
 42
42
 73
     0
 74
     0
 75
     0
 12
128.3555435247634
 22
-141.5404270980947
  3
max
100
AcDbAlignedDimension
 13
12.00000030643366
 23
26.38658076732224
 33
0
 14
54.00000030643366
 24
26.89654107740151
 34
0
 52
0
100
AcDbRotatedDimension
  0
LINE
  5
24E3
330
24CD
100
AcDbEntity
  8
0
  6
Continuous
370
    50
100
AcDbLine
 10
61.50000030643366
 20
31.38658076732224
 30
0
 11
61.50000030643366
 21
26.38658076732224
 31
0
  0
LINE
  5
24E4
330
24CD
100
AcDbEntity
  8
0
  6
Continuous
370
    20
100
AcDbLine
 10
12.00000030643369
 20
55.38658076732222
 30
0
 11
13.00000030643369
 21
55.38658076732222
 31
0
  0
LINE
  5
24E5
330
24CD
100
AcDbEntity
  8
0
  6
Continuous
370
    20
100
AcDbLine
 10
54.00000030643366
 20
55.38658076732222
 30
0
 11
53.00000030643366
 21
55.38658076732222
 31
0
  0
LINE
  5
24E6
330
24CD
100
AcDbEntity
  8
0
  6
Continuous
370
    50
100
AcDbLine
 10
63.00000030643369
 20
64.38658076732222
 30
0
 11
63.00000030643369
 21
55.38658076732222
 31
0
  0
LINE
  5
24E7
330
24CD
100
AcDbEntity
  8
0
  6
Continuous
370
    50
100
AcDbLine
 10
66.00000030643366
 20
64.38658076732224
 30
0
 11
66.00000030643366
 21
31.38658076732224
 31
0
  0
ENDBLK
  5
24E9
330
24CD
100
AcDbEntity
  8
0
100
AcDbBlockEnd
  0
BLOCK
  5
27E8
330
27E6
100
AcDbEntity
  8
0
100
AcDbBlockBegin
  2
_DotSmall
 70
     0
 10
0
 20
0
 30
0
  3
_DotSmall
  1

  0
LWPOLYLINE
  5
27E7
330
27E6
100
AcDbEntity
  8
корпус
  6
Continuous
370
    25
 62
     0
100
AcDbPolyline
 90
        2
 70
     1
 43
0.5
 43
0.5
 10
-0.0625
 20
0
 42
1
 10
0.0625
 20
0
 42
1
  0
ENDBLK
  5
27E9
330
27E6
100
AcDbEntity
  8
0
100
AcDbBlockEnd
  0
BLOCK
  5
30E1
330
30D7
100
AcDbEntity
  8
0
100
AcDbBlockBegin
  2
*D13
 70
     1
 10
0
 20
0
 30
0
  3
*D13
  1

  0
LINE
  5
8967
330
30D7
100
AcDbEntity
  8
0
  6
Continuous
370
     5
 62
     0
100
AcDbLine
 10
109.991723844023
 20
320.6784433891196
 30
0
 11
109.991723844023
 21
297.7649359123108
 31
0
  0
LINE
  5
8968
330
30D7
100
AcDbEntity
  8
0
  6
Continuous
370
     5
 62
     0
100
AcDbLine
 10
138.491723844023
 20
320.6784433891196
 30
0
 11
138.491723844023
 21
297.7649359123108
 31
0
  0
LINE
  5
8969
330
30D7
100
AcDbEntity
  8
0
  6
Continuous
370
     5
 62
     0
100
AcDbLine
 10
112.491723844023
 20
299.2649359123108
 30
0
 11
135.991723844023
 21
299.2649359123108
 31
0
  0
SOLID
  5
896A
330
30D7
100
AcDbEntity
  8
0
  6
Continuous
370
     5
 62
     0
100
AcDbTrace
 38
0
 10
112.491723844023
 20
299.6816025789775
 11
112.491723844023
 21
298.8482692456441
 12
109.991723844023
 22
299.2649359123108
 13
109.991723844023
 23
299.2649359123108
  0
SOLID
  5
896B
330
30D7
100
AcDbEntity
  8
0
  6
Continuous
370
     5
 62
     0
100
AcDbTrace
 38
0
 10
135.991723844023
 20
299.6816025789775
 11
135.991723844023
 21
298.8482692456441
 12
138.491723844023
 22
299.2649359123108
 13
138.491723844023
 23
299.2649359123108
  0
MTEXT
  5
896C
330
30D7
100
AcDbEntity
  8
0
  6
Continuous
370
    20
 62
     0
100
AcDbMText
 10
124.241723844023
 20
302.5149359123108
 30
0
210
0
220
0
230
1
 11
1
 21
0
 31
0
 40
2.5
 41
0
 46
0
 71
     5
 72
     1
  1
%%c57
  7
ADRF1
 73
     1
 44
1
101
Embedded Object
 70
     1
 10
124.241723844023
 20
302.5149359123108
 30
0
 11
1
 21
0
 31
0
 40
0
 41
0
 42
0
 43
0
 71
     0
  0
POINT
  5
896D
330
30D7
100
AcDbEntity
  8
Defpoints
  6
Continuous
370
     5
 62
     0
100
AcDbPoint
 10
109.991723844023
 20
320.6784433891196
 30
0
 50
0
  0
POINT
  5
896E
330
30D7
100
AcDbEntity
  8
Defpoints
  6
Continuous
370
     5
 62
     0
100
AcDbPoint
 10
138.491723844023
 20
320.6784433891196
 30
0
 50
0
  0
POINT
  5
896F
330
30D7
100
AcDbEntity
  8
Defpoints
  6
Continuous
370
     5
 62
     0
100
AcDbPoint
 10
138.491723844023
 20
299.2649359123108
 30
0
 50
0
  0
ENDBLK
  5
30E2
330
30D7
100
AcDbEntity
  8
0
100
AcDbBlockEnd
  0
BLOCK
  5
30ED
330
30E3
100
AcDbEntity
  8
0
100
AcDbBlockBegin
  2
*D14
 70
     1
 10
0
 20
0
 30
0
  3
*D14
  1

  0
LINE
  5
8979
330
30E3
100
AcDbEntity
  8
0
  6
Continuous
370
     5
 62
     0
100
AcDbLine
 10
89.241723844023
 20
350.8512892307069
 30
0
 11
89.241723844023
 21
290.4630033950471
 31
0
  0
LINE
  5
897A
330
30E3
100
AcDbEntity
  8
0
  6
Continuous
370
     5
 62
     0
100
AcDbLine
 10
159.241723844023
 20
350.8512892307069
 30
0
 11
159.241723844023
 21
290.4630033950471
 31
0
  0
LINE
  5
897B
330
30E3
100
AcDbEntity
  8
0
  6
Continuous
370
     5
 62
     0
100
AcDbLine
 10
91.741723844023
 20
291.9630033950471
 30
0
 11
156.741723844023
 21
291.9630033950471
 31
0
  0
SOLID
  5
897C
330
30E3
100
AcDbEntity
  8
0
  6
Continuous
370
     5
 62
     0
100
AcDbTrace
 38
0
 10
91.741723844023
 20
292.3796700617137
 11
91.741723844023
 21
291.5463367283804
 12
89.241723844023
 22
291.9630033950471
 13
89.241723844023
 23
291.9630033950471
  0
SOLID
  5
897D
330
30E3
100
AcDbEntity
  8
0
  6
Continuous
370
     5
 62
     0
100
AcDbTrace
 38
0
 10
156.741723844023
 20
292.3796700617137
 11
156.741723844023
 21
291.5463367283804
 12
159.241723844023
 22
291.9630033950471
 13
159.241723844023
 23
291.9630033950471
  0
MTEXT
  5
897E
330
30E3
100
AcDbEntity
  8
0
  6
Continuous
370
    20
 62
     0
100
AcDbMText
 10
124.241723844023
 20
295.2130033950471
 30
0
210
0
220
0
230
1
 11
1
 21
0
 31
0
 40
2.5
 41
0
 46
0
 71
     5
 72
     1
  1
%%c140
  7
ADRF1
 73
     1
 44
1
101
Embedded Object
 70
     1
 10
124.241723844023
 20
295.2130033950471
 30
0
 11
1
 21
0
 31
0
 40
0
 41
0
 42
0
 43
0
 71
     0
  0
POINT
  5
897F
330
30E3
100
AcDbEntity
  8
Defpoints
  6
Continuous
370
     5
 62
     0
100
AcDbPoint
 10
89.241723844023
 20
350.8512892307069
 30
0
 50
0
  0
POINT
  5
8980
330
30E3
100
AcDbEntity
  8
Defpoints
  6
Continuous
370
     5
 62
     0
100
AcDbPoint
 10
159.241723844023
 20
350.8512892307069
 30
0
 50
0
  0
POINT
  5
8981
330
30E3
100
AcDbEntity
  8
Defpoints
  6
Continuous
370
     5
 62
     0
100
AcDbPoint
 10
159.241723844023
 20
291.9630033950471
 30
0
 50
0
  0
ENDBLK
  5
30EE
330
30E3
100
AcDbEntity
  8
0
100
AcDbBlockEnd
  0
BLOCK
  5
884A
330
8840
100
AcDbEntity
  8
0
100
AcDbBlockBegin
  2
*D15
 70
     1
 10
0
 20
0
 30
0
  3
*D15
  1

  0
LINE
  5
8970
330
8840
100
AcDbEntity
  8
0
  6
Continuous
370
     5
 62
     0
100
AcDbLine
 10
165.3885799252971
 20
463.7950740147224
 30
0
 11
213.5809075036326
 21
463.7950740147224
 31
0
  0
LINE
  5
8971
330
8840
100
AcDbEntity
  8
0
  6
Continuous
370
     5
 62
     0
100
AcDbLine
 10
132.2417238440227
 20
305.6723577491527
 30
0
 11
213.5809075036325
 21
305.6723577491527
 31
0
  0
LINE
  5
8972
330
8840
100
AcDbEntity
  8
0
  6
Continuous
370
     5
 62
     0
100
AcDbLine
 10
212.0809075036326
 20
461.2950740147224
 30
0
 11
212.0809075036325
 21
308.1723577491527
 31
0
  0
SOLID
  5
8973
330
8840
100
AcDbEntity
  8
0
  6
Continuous
370
     5
 62
     0
100
AcDbTrace
 38
0
 10
211.6642408369659
 20
461.2950740147224
 11
212.4975741702992
 21
461.2950740147224
 12
212.0809075036326
 22
463.7950740147224
 13
212.0809075036326
 23
463.7950740147224
  0
SOLID
  5
8974
330
8840
100
AcDbEntity
  8
0
  6
Continuous
370
     5
 62
     0
100
AcDbTrace
 38
0
 10
211.6642408369659
 20
308.1723577491527
 11
212.4975741702992
 21
308.1723577491527
 12
212.0809075036325
 22
305.6723577491527
 13
212.0809075036325
 23
305.6723577491527
  0
MTEXT
  5
8975
330
8840
100
AcDbEntity
  8
0
  6
Continuous
370
    20
 62
     0
100
AcDbMText
 10
208.8309075036325
 20
385.4946104870679
 30
0
210
0
220
0
230
1
 11
6.123031769111886E-17
 21
1
 31
0
 40
2.5
 41
0
 46
0
 71
     5
 72
     1
  1
L max
  7
ADRF1
 73
     1
 44
1
101
Embedded Object
 70
     1
 10
208.8309075036325
 20
385.4946104870679
 30
0
 11
6.123031769111886E-17
 21
1
 31
0
 40
0
 41
0
 42
0
 43
0
 71
     0
  0
POINT
  5
8976
330
8840
100
AcDbEntity
  8
Defpoints
  6
Continuous
370
     5
 62
     0
100
AcDbPoint
 10
165.3885799252971
 20
463.7950740147224
 30
0
 50
0
  0
POINT
  5
8977
330
8840
100
AcDbEntity
  8
Defpoints
  6
Continuous
370
     5
 62
     0
100
AcDbPoint
 10
132.2417238440227
 20
305.6723577491527
 30
0
 50
0
  0
POINT
  5
8978
330
8840
100
AcDbEntity
  8
Defpoints
  6
Continuous
370
     5
 62
     0
100
AcDbPoint
 10
212.0809075036325
 20
305.6723577491527
 30
0
 50
0
  0
ENDBLK
  5
884B
330
8840
100
AcDbEntity
  8
0
100
AcDbBlockEnd
  0
ENDSEC
  0
SECTION
  2
ENTITIES
  0
TEXT
  5
2C7A
330
18
100
AcDbEntity
  8
0
  6
Continuous
370
    25
100
AcDbText
 10
42.75458704664175
 20
252.8304397637784
 30
0
 40
3
  1
1.Гайку нажимную поз.4 и корпус поз.1 затянуть с умеренным усилием.
 51
15.0000000019586
  7
GOST
 11
0
 21
0
 31
0
100
AcDbText
  0
DIMENSION
  5
2F55
330
18
100
AcDbEntity
  8
0
  6
Continuous
370
    20
100
AcDbDimension
280
     0
  2
*D13
 10
138.491723844023
 20
299.2649359123108
 30
0
 11
124.241723844023
 21
299.2649359123108
 31
0
 70
   160
  1
%%c57
 71
     5
 42
28.5
 73
     0
 74
     0
 75
     0
  3
max
100
AcDbAlignedDimension
 13
109.991723844023
 23
320.6784433891196
 33
0
 14
138.491723844023
 24
320.6784433891196
 34
0
 52
0
100
AcDbRotatedDimension
  0
DIMENSION
  5
2F56
330
18
100
AcDbEntity
  8
0
  6
Continuous
370
    20
100
AcDbDimension
280
     0
  2
*D14
 10
159.241723844023
 20
291.9630033950471
 30
0
 11
124.241723844023
 21
291.9630033950471
 31
0
 70
   160
  1
%%c140
 71
     5
 42
70
 73
     0
 74
     0
 75
     0
  3
max
100
AcDbAlignedDimension
 13
89.241723844023
 23
350.8512892307069
 33
0
 14
159.241723844023
 24
350.8512892307069
 34
0
 52
0
100
AcDbRotatedDimension
  0
SPLINE
  5
2F5A
102
{ACAD_REACTORS
330
8999
102
}
330
18
100
AcDbEntity
  8
0
  6
Continuous
370
    20
100
AcDbSpline
210
0
220
0
230
1
 70
     8
 71
     3
 72
     0
 73
     0
 74
     7
 42
1E-07
 43
1E-07
 44
1E-10
 12
0
 22
0
 32
0
 13
0
 23
0
 33
0
 11
109.991723844023
 21
329.6628293602865
 31
0
 11
113.6244953547375
 21
329.6628293602865
 31
0
 11
118.8341696183898
 21
331.1876827065628
 31
0
 11
123.712017005582
 21
329.7291273672097
 31
0
 11
129.7844390849785
 21
331.4528747342559
 31
0
 11
134.82819951366
 21
330.2263622158945
 31
0
 11
138.491723844023
 21
331.0219378924943
 31
0
  0
LINE
  5
2F5B
330
18
100
AcDbEntity
  8
0
  6
Continuous
370
    50
100
AcDbLine
 10
116.2417238440229
 20
305.6723577491526
 30
0
 11
132.2417238440227
 21
305.6723577491527
 31
0
  0
ARC
  5
2F5C
330
18
100
AcDbEntity
  8
0
  6
Continuous
370
    50
100
AcDbCircle
 10
161.2189924087846
 20
405.111559022813
 30
0
 40
32.80169448555159
100
AcDbArc
 50
156.6810919762185
 51
176.1256459661095
  0
ARC
  5
2F5D
330
18
100
AcDbEntity
  8
0
  6
Continuous
370
    50
100
AcDbCircle
 10
161.1267615449143
 20
404.253030599493
 30
0
 40
35.59691565439235
100
AcDbArc
 50
135.9029543147124
 51
152.5768416982876
  0
ARC
  5
2F5E
330
18
100
AcDbEntity
  8
мостик
  6
Continuous
370
    20
 62
     0
100
AcDbCircle
 10
130.5551253797921
 20
418.6844629065839
 30
0
 40
0.799683562216562
100
AcDbArc
 50
175.3803662762041
 51
313.1157836944581
  0
ARC
  5
2F5F
330
18
100
AcDbEntity
  8
мостик
  6
Continuous
370
    20
 62
     0
100
AcDbCircle
 10
130.0566977909388
 20
420.3495496006705
 30
0
 40
0.6052207168703142
100
AcDbArc
 50
351.6863761664698
 51
154.7166665014719
  0
ARC
  5
2F60
330
18
100
AcDbEntity
  8
мостик
  6
Continuous
370
    20
 62
     0
100
AcDbCircle
 10
129.1686744269773
 20
418.886494912605
 30
0
 40
0.6052207168703142
100
AcDbArc
 50
346.8561561437764
 51
149.8864464787804
  0
LINE
  5
2F63
330
18
100
AcDbEntity
  8
накгай
  6
Continuous
370
    50
 62
     0
100
AcDbLine
 10
124.2417238440229
 20
400.6732267929274
 30
0
 11
131.8223843890944
 21
400.6732267929274
 31
0
  0
LINE
  5
2F73
330
18
100
AcDbEntity
  8
0
  6
Continuous
370
    50
100
AcDbLine
 10
116.9922621620188
 20
365.982627869686
 30
0
 11
124.2422621620188
 21
365.982627869686
 31
0
  0
LINE
  5
2F74
330
18
100
AcDbEntity
  8
0
  6
Continuous
370
    50
100
AcDbLine
 10
116.9922621620189
 20
381.1732267929274
 30
0
 11
124.2422621620189
 21
381.1732267929274
 31
0
  0
LINE
  5
2F7E
102
{ACAD_REACTORS
330
78FA
102
}
330
18
100
AcDbEntity
  8
накгай
  6
Continuous
370
    50
 62
     0
100
AcDbLine
 10
115.9929834104053
 20
384.8512892307069
 30
0
 11
115.9923568691428
 21
395.6732267929274
 31
0
  0
LINE
  5
2F7F
102
{ACAD_REACTORS
330
78FA
330
7913
102
}
330
18
100
AcDbEntity
  8
втулка
  6
Continuous
370
    50
 62
     0
100
AcDbLine
 10
118.9922621620188
 20
407.3279273313067
 30
0
 11
118.9922621620188
 21
382.3279273313067
 31
0
  0
LEADER
  5
2F83
330
18
100
AcDbEntity
  8
корпус
  6
Continuous
370
    20
 62
     0
100
AcDbLeader
  3
WORK
 71
     0
 73
     3
 72
     0
 74
     1
 40
0
 41
0
 76
     3
 10
113.8253838067284
 20
389.0689589731442
 30
0
 10
79.08216410940031
 20
402.9481838504083
 30
0
 10
71.35620271654238
 20
402.9481838504083
 30
0
210
0
220
0
230
-1
211
-1
221
0
231
0
212
0
222
0
232
0
340
0
1001
ACAD
1000
DSTYLE
1002
{
1070
   341
1005
27E6
1070
   147
1040
2
1070
    77
1070
     0
1002
}
  0
LINE
  5
2F86
330
18
100
AcDbEntity
  8
0
  6
Continuous
370
    50
 62
     0
100
AcDbLine
 10
116.2417238440229
 20
334.2660711580625
 30
0
 11
116.2417098907693
 21
362.3265852334354
 31
0
  0
LINE
  5
2F89
102
{ACAD_REACTORS
330
8999
102
}
330
18
100
AcDbEntity
  8
патр
  6
Continuous
370
    50
 62
     0
100
AcDbLine
 10
111.741723844023
 20
353.5180761396109
 30
0
 11
111.741723844023
 21
333.1809905669917
 31
0
  0
LINE
  5
2F8A
102
{ACAD_REACTORS
330
8999
102
}
330
18
100
AcDbEntity
  8
патр
  6
Continuous
370
    50
 62
     0
100
AcDbLine
 10
109.991723844023
 20
350.851289230707
 30
0
 11
109.991723844023
 21
333.3233167234471
 31
0
  0
LINE
  5
2F8B
330
18
100
AcDbEntity
  8
0
  6
Continuous
370
    50
 62
     0
100
AcDbLine
 10
117.7417095204041
 20
362.3273306907003
 30
0
 11
117.7417238440229
 21
334.7544929567022
 31
0
  0
LINE
  5
2F8E
102
{ACAD_REACTORS
330
8999
102
}
330
18
100
AcDbEntity
  8
0
  6
Continuous
370
    50
 62
     0
100
AcDbLine
 10
117.741723844023
 20
331.0940055935416
 30
0
 11
117.741723844023
 21
305.6723577491526
 31
0
  0
LINE
  5
2F93
330
18
100
AcDbEntity
  8
0
  6
Continuous
370
    50
100
AcDbLine
 10
119.8910011992332
 20
306.5563992442526
 30
0
 11
122.4285920177782
 21
306.5568389841911
 31
0
  0
LINE
  5
2F95
102
{ACAD_REACTORS
330
8999
102
}
330
18
100
AcDbEntity
  8
патр
  6
Continuous
370
    50
 62
     0
100
AcDbLine
 10
109.991723844023
 20
329.6628293602865
 30
0
 11
109.991723844023
 21
320.6784433891196
 31
0
  0
LINE
  5
2F96
102
{ACAD_REACTORS
330
8999
102
}
330
18
100
AcDbEntity
  8
патр
  6
Continuous
370
    50
 62
     0
100
AcDbLine
 10
111.741723844023
 20
329.520503203831
 30
0
 11
111.741723844023
 21
320.6784433891196
 31
0
  0
LINE
  5
2F97
102
{ACAD_REACTORS
330
8999
102
}
330
18
100
AcDbEntity
  8
0
  6
Continuous
370
    50
100
AcDbLine
 10
109.991723844023
 20
320.6784433891196
 30
0
 11
116.241723844023
 21
320.6784433891196
 31
0
  0
LEADER
  5
2F98
330
18
100
AcDbEntity
  8
корпус
  6
Continuous
370
    20
 62
     0
100
AcDbLeader
  3
WORK
 71
     0
 73
     3
 72
     0
 74
     1
 40
0
 41
-0.75
 76
     3
 10
110.7417238418055
 20
371.1691513528109
 30
0
 10
79.08216410940031
 20
380.8105238593541
 30
0
 10
71.45722331634163
 20
380.8105238593541
 30
0
210
0
220
0
230
-1
211
-1
221
0
231
0
212
0
222
0
232
0
340
0
1001
ACAD
1000
DSTYLE
1002
{
1070
   341
1005
27E6
1070
   147
1040
2
1070
    77
1070
     0
1002
}
  0
LEADER
  5
2F99
330
18
100
AcDbEntity
  8
корпус
  6
Continuous
370
    20
 62
     0
100
AcDbLeader
  3
WORK
 71
     0
 73
     3
 72
     0
 74
     1
 40
0
 41
0
 76
     3
 10
117.695516378784
 20
384.4091231745379
 30
0
 10
79.08216410940031
 20
394.2431859980281
 30
0
 10
71.35620271654237
 20
394.2431859980281
 30
0
210
0
220
0
230
-1
211
-1
221
0
231
0
212
0
222
0
232
0
340
0
1001
ACAD
1000
DSTYLE
1002
{
1070
   341
1005
27E6
1070
   147
1040
2
1070
    77
1070
     0
1002
}
  0
LEADER
  5
2F9A
330
18
100
AcDbEntity
  8
корпус
  6
Continuous
370
    20
 62
     0
100
AcDbLeader
  3
WORK
 71
     0
 73
     3
 72
     0
 74
     1
 40
0
 41
0
 76
     3
 10
111.3226693675621
 20
378.1012892307069
 30
0
 10
79.08216410940031
 20
386.8232441932378
 30
0
 10
71.35620271654237
 20
386.8232441932378
 30
0
210
0
220
0
230
-1
211
-1
221
0
231
0
212
0
222
0
232
0
340
0
1001
ACAD
1000
DSTYLE
1002
{
1070
   341
1005
27E6
1070
   147
1040
2
1070
    77
1070
     0
1002
}
  0
LINE
  5
2F9B
102
{ACAD_REACTORS
330
7FB0
102
}
330
18
100
AcDbEntity
  8
фланец
  6
Continuous
370
    50
 62
     0
100
AcDbLine
 10
89.241723844023
 20
365.351289230707
 30
0
 11
107.7417238440231
 21
365.351289230707
 31
0
  0
LINE
  5
2F9C
102
{ACAD_REACTORS
330
8999
102
}
330
18
100
AcDbEntity
  8
фланец
  6
Continuous
370
    50
 62
     0
100
AcDbLine
 10
109.491723844023
 20
350.851289230707
 30
0
 11
99.74193967568777
 21
350.851289230707
 31
0
  0
LINE
  5
2F9D
102
{ACAD_REACTORS
330
7FA6
330
8999
102
}
330
18
100
AcDbEntity
  8
фланец
  6
Continuous
370
    50
 62
     0
100
AcDbLine
 10
101.741723844023
 20
357.351289230707
 30
0
 11
116.2417238440229
 21
357.351289230707
 31
0
  0
LINE
  5
2F9E
102
{ACAD_REACTORS
330
7FA6
330
7FB0
102
}
330
18
100
AcDbEntity
  8
фланец
  6
Continuous
370
    50
 62
     0
100
AcDbLine
 10
101.741723844023
 20
358.851289230707
 30
0
 11
116.2417238440229
 21
358.851289230707
 31
0
  0
LINE
  5
2F9F
330
18
100
AcDbEntity
  8
болт
  6
Continuous
370
    50
 62
     0
100
AcDbLine
 10
102.7417238440229
 20
365.351289230707
 30
0
 11
102.7417238440229
 21
369.351289230707
 31
0
  0
LINE
  5
2FA0
330
18
100
AcDbEntity
  8
болт
  6
Continuous
370
    50
 62
     0
100
AcDbLine
 10
90.741723844023
 20
365.351289230707
 30
0
 11
90.741723844023
 21
369.351289230707
 31
0
  0
LINE
  5
2FA1
330
18
100
AcDbEntity
  8
фланец
  6
CENTERX2
 48
0.1
370
    20
 62
     0
100
AcDbLine
 10
96.74172384402289
 20
340.9711526519008
 30
0
 11
96.741723844023
 21
371.2710103851484
 31
0
  0
LINE
  5
2FA2
330
18
100
AcDbEntity
  8
болт
  6
Continuous
370
    50
 62
     0
100
AcDbLine
 10
99.74266533404875
 20
369.3491695332689
 30
0
 11
99.74193961201223
 21
350.8510547480382
 31
0
  0
LINE
  5
2FA3
330
18
100
AcDbEntity
  8
болт
  6
Continuous
370
    50
 62
     0
100
AcDbLine
 10
93.74193969167413
 20
350.8511953796267
 30
0
 11
93.74266572226156
 21
369.3508180142928
 31
0
  0
LINE
  5
2FA4
102
{ACAD_REACTORS
330
7FB0
102
}
330
18
100
AcDbEntity
  8
фланец
  6
Continuous
370
    50
 62
     0
100
AcDbLine
 10
89.241723844023
 20
360.351289230707
 30
0
 11
93.7423125096912
 21
360.3507849922327
 31
0
  0
LINE
  5
2FA5
102
{ACAD_REACTORS
330
8999
102
}
330
18
100
AcDbEntity
  8
фланец
  6
Continuous
370
    50
 62
     0
100
AcDbLine
 10
89.241723844023
 20
355.851289230707
 30
0
 11
93.74213540485061
 21
355.851289230707
 31
0
  0
LINE
  5
2FA6
102
{ACAD_REACTORS
330
7FB0
102
}
330
18
100
AcDbEntity
  8
болт
  6
Continuous
370
    50
 62
     0
100
AcDbLine
 10
90.741723844023
 20
365.351289230707
 30
0
 11
102.741723844023
 21
365.351289230707
 31
0
  0
LINE
  5
2FA7
102
{ACAD_REACTORS
330
8999
102
}
330
18
100
AcDbEntity
  8
фланец
  6
Continuous
370
    50
 62
     0
100
AcDbLine
 10
93.74194051983602
 20
350.851289230707
 30
0
 11
89.241723844023
 21
350.8512892307069
 31
0
  0
LINE
  5
2FA8
330
18
100
AcDbEntity
  8
болт
  6
Continuous
370
    50
 62
     0
100
AcDbLine
 10
98.14986726020658
 20
349.851289230707
 30
0
 11
89.74172384402294
 21
349.851289230707
 31
0
  0
LINE
  5
2FA9
330
18
100
AcDbEntity
  8
болт
  6
Continuous
370
    50
 62
     0
100
AcDbLine
 10
90.74172384402294
 20
345.852584465869
 30
0
 11
102.7417238440229
 21
345.852584465869
 31
0
  0
LINE
  5
2FAA
330
18
100
AcDbEntity
  8
болт
  6
Continuous
370
    50
 62
     0
100
AcDbLine
 10
90.74172385788768
 20
349.8527022145168
 30
0
 11
102.7417238301582
 21
349.8498762468971
 31
0
  0
LINE
  5
2FAB
102
{ACAD_REACTORS
330
8999
102
}
330
18
100
AcDbEntity
  8
болт
  6
Continuous
370
    50
 62
     0
100
AcDbLine
 10
89.74172384402294
 20
350.851289230707
 30
0
 11
103.7417238440229
 21
350.851289230707
 31
0
  0
LINE
  5
2FAD
102
{ACAD_REACTORS
330
8999
102
}
330
18
100
AcDbEntity
  8
фланец
  6
Continuous
370
    50
 62
     0
100
AcDbLine
 10
89.241723844023
 20
350.851289230707
 30
0
 11
89.241723844023
 21
355.851289230707
 31
0
  0
LINE
  5
2FAE
330
18
100
AcDbEntity
  8
болт
  6
Continuous
370
    50
 62
     0
100
AcDbLine
 10
89.74172384402294
 20
349.851289230707
 30
0
 11
89.74172384402294
 21
350.851289230707
 31
0
  0
LINE
  5
2FAF
330
18
100
AcDbEntity
  8
болт
  6
Continuous
370
    50
 62
     0
100
AcDbLine
 10
90.74172384402294
 20
345.852584465869
 30
0
 11
90.74172384402294
 21
349.852584465869
 31
0
  0
LINE
  5
2FB0
102
{ACAD_REACTORS
330
7FB0
102
}
330
18
100
AcDbEntity
  8
фланец
  6
Continuous
370
    50
 62
     0
100
AcDbLine
 10
89.241723844023
 20
365.351289230707
 30
0
 11
89.241723844023
 21
360.351289230707
 31
0
  0
LINE
  5
2FB1
102
{ACAD_REACTORS
330
8999
102
}
330
18
100
AcDbEntity
  8
фланец
  6
Continuous
370
    50
 62
     0
100
AcDbLine
 10
93.241723844023
 20
350.851289230707
 30
0
 11
93.241723844023
 21
355.851289230707
 31
0
  0
LINE
  5
2FB2
102
{ACAD_REACTORS
330
8999
102
}
330
18
100
AcDbEntity
  8
фланец
  6
Continuous
370
    50
 62
     0
100
AcDbLine
 10
100.241723844023
 20
355.851289230707
 30
0
 11
100.241723844023
 21
350.851289230707
 31
0
  0
LINE
  5
2FB3
330
18
100
AcDbEntity
  8
болт
  6
Continuous
370
    50
 62
     0
100
AcDbLine
 10
99.74162576342366
 20
342.8512877231824
 30
0
 11
93.74162572901008
 21
342.8512696097836
 31
0
  0
LINE
  5
2FB4
330
18
100
AcDbEntity
  8
болт
  6
Continuous
370
    20
 62
     0
100
AcDbLine
 10
94.2423125096912
 20
342.850784994158
 30
0
 11
94.2423125096912
 21
345.852584465869
 31
0
  0
LINE
  5
2FB5
330
18
100
AcDbEntity
  8
болт
  6
Continuous
370
    50
 62
     0
100
AcDbLine
 10
93.7416257297802
 20
342.8512892326322
 30
0
 11
93.74179249458035
 21
349.8519957064465
 31
0
  0
LINE
  5
2FB6
330
18
100
AcDbEntity
  8
болт
  6
Continuous
370
    20
 62
     0
100
AcDbLine
 10
99.24113517835463
 20
342.850784994158
 30
0
 11
99.24113517835463
 21
345.8525844658689
 31
0
  0
LINE
  5
2FB7
330
18
100
AcDbEntity
  8
болт
  6
Continuous
370
    50
 62
     0
100
AcDbLine
 10
99.74190038899542
 20
349.851289230707
 30
0
 11
99.74162576348289
 21
342.8512892326309
 31
0
  0
LINE
  5
2FB8
330
18
100
AcDbEntity
  8
болт
  6
Continuous
370
    50
 62
     0
100
AcDbLine
 10
103.7417238440229
 20
349.851289230707
 30
0
 11
99.74190038899542
 21
349.851289230707
 31
0
  0
LINE
  5
2FB9
330
18
100
AcDbEntity
  8
болт
  6
Continuous
370
    50
 62
     0
100
AcDbLine
 10
103.7417238440229
 20
350.851289230707
 30
0
 11
103.7417238440229
 21
349.851289230707
 31
0
  0
LINE
  5
2FBA
330
18
100
AcDbEntity
  8
болт
  6
Continuous
370
    50
 62
     0
100
AcDbLine
 10
102.7417238440229
 20
349.8499939955449
 30
0
 11
102.7417238440229
 21
345.852584465869
 31
0
  0
LINE
  5
2FBB
102
{ACAD_REACTORS
330
7FB0
102
}
330
18
100
AcDbEntity
  8
фланец
  6
Continuous
370
    50
 62
     0
100
AcDbLine
 10
93.241723844023
 20
365.351289230707
 30
0
 11
93.241723844023
 21
360.351289230707
 31
0
  0
LINE
  5
2FBC
102
{ACAD_REACTORS
330
7FB0
102
}
330
18
100
AcDbEntity
  8
фланец
  6
Continuous
370
    50
 62
     0
100
AcDbLine
 10
100.241723844023
 20
360.3500568089888
 30
0
 11
101.741723844023
 21
358.851289230707
 31
0
  0
LINE
  5
2FBD
102
{ACAD_REACTORS
330
8999
102
}
330
18
100
AcDbEntity
  8
фланец
  6
Continuous
370
    50
 62
     0
100
AcDbLine
 10
100.241723844023
 20
355.851289230707
 30
0
 11
101.741723844023
 21
357.351289230707
 31
0
  0
LINE
  5
2FBE
330
18
100
AcDbEntity
  8
фланец
  6
Continuous
370
    50
 62
     0
100
AcDbLine
 10
99.742135782292
 20
355.851289230707
 30
0
 11
100.2417238440231
 21
355.851289230707
 31
0
  0
LINE
  5
2FBF
102
{ACAD_REACTORS
330
7FA6
102
}
330
18
100
AcDbEntity
  8
прок
  6
Continuous
370
    50
 62
     0
100
AcDbLine
 10
101.741723844023
 20
358.851289230707
 30
0
 11
101.741723844023
 21
357.351289230707
 31
0
  0
LINE
  5
2FC0
330
18
100
AcDbEntity
  8
фланец
  6
Continuous
370
    50
 62
     0
100
AcDbLine
 10
99.74231118992674
 20
360.3501127623525
 30
0
 11
100.241723844023
 21
360.3500568089888
 31
0
  0
LINE
  5
2FC1
102
{ACAD_REACTORS
330
7FB0
102
}
330
18
100
AcDbEntity
  8
фланец
  6
Continuous
370
    50
 62
     0
100
AcDbLine
 10
100.241723844023
 20
360.3500568089888
 30
0
 11
100.241723844023
 21
365.351289230707
 31
0
  0
LINE
  5
2FC2
330
18
100
AcDbEntity
  8
болт
  6
Continuous
370
    50
 62
     0
100
AcDbLine
 10
90.741723844023
 20
369.351289230707
 30
0
 11
102.7417238440229
 21
369.351289230707
 31
0
  0
TEXT
  5
2FC3
330
18
100
AcDbEntity
  8
корпус
  6
Continuous
370
    25
 62
     0
100
AcDbText
 10
73.56766168064495
 20
382.1340153493751
 30
0
 40
3.5
  1
2
 51
15
  7
ADRF1
 11
0
 21
0
 31
0
100
AcDbText
  0
TEXT
  5
2FC4
330
18
100
AcDbEntity
  8
корпус
  6
Continuous
370
    25
 62
     0
100
AcDbText
 10
73.24508286471927
 20
388.1004793719492
 30
0
 40
3.5
  1
6
 51
15
  7
ADRF1
 11
0
 21
0
 31
0
100
AcDbText
  0
TEXT
  5
2FC5
330
18
100
AcDbEntity
  8
корпус
  6
Continuous
370
    25
 62
     0
100
AcDbText
 10
73.75315220626973
 20
395.8835442918445
 30
0
 40
3.5
  1
5
 51
15
  7
ADRF1
 11
0
 21
0
 31
0
100
AcDbText
  0
LINE
  5
2FC8
102
{ACAD_REACTORS
330
7E99
330
7EAB
330
7FB0
102
}
330
18
100
AcDbEntity
  8
корпус
  6
Continuous
370
    50
 62
     0
100
AcDbLine
 10
113.7417238283694
 20
362.3256078699595
 30
0
 11
113.741723844023
 21
378.8512892307069
 31
0
  0
LINE
  5
2FCC
102
{ACAD_REACTORS
330
7FB0
102
}
330
18
100
AcDbEntity
  8
гнездо
  6
Continuous
370
    50
 62
     0
100
AcDbLine
 10
107.7417238440231
 20
381.8512892307069
 30
0
 11
107.7417238440231
 21
365.3512892307069
 31
0
  0
LINE
  5
2FCD
102
{ACAD_REACTORS
330
7913
102
}
330
18
100
AcDbEntity
  8
втулка
  6
Continuous
370
    50
 62
     0
100
AcDbLine
 10
116.9922621620188
 20
385.6732267929274
 30
0
 11
116.9922621620188
 21
365.982627869686
 31
0
  0
LINE
  5
2FD0
330
18
100
AcDbEntity
  8
корпус
  6
Continuous
370
    50
 62
     0
100
AcDbLine
 10
118.9922621620188
 20
364.8279273313067
 30
0
 11
116.9922621620188
 21
365.982627869686
 31
0
  0
LINE
  5
2FD1
330
18
100
AcDbEntity
  8
корпус
  6
Continuous
370
    50
 62
     0
100
AcDbLine
 10
113.7417238283694
 20
362.3256078699595
 30
0
 11
116.2417098907693
 21
362.3265852334354
 31
0
  0
LINE
  5
2FD2
330
18
100
AcDbEntity
  8
0
  6
Continuous
370
    50
 62
     0
100
AcDbLine
 10
117.7417095204041
 20
362.3273306907004
 30
0
 11
118.9922482088711
 21
362.3265852334354
 31
0
  0
LINE
  5
2FD3
102
{ACAD_REACTORS
330
8999
102
}
330
18
100
AcDbEntity
  8
фланец
  6
Continuous
370
    50
 62
     0
100
AcDbLine
 10
109.491723844023
 20
353.526573633811
 30
0
 11
109.491723844023
 21
357.351289230707
 31
0
  0
LINE
  5
2FD6
102
{ACAD_REACTORS
330
8999
102
}
330
18
100
AcDbEntity
  8
фланец
  6
Continuous
370
    50
 62
     0
100
AcDbLine
 10
109.991723844023
 20
350.851289230707
 30
0
 11
109.491723844023
 21
350.851289230707
 31
0
  0
LINE
  5
2FD9
102
{ACAD_REACTORS
330
7FB0
102
}
330
18
100
AcDbEntity
  8
гнездо
  6
Continuous
370
    50
 62
     0
100
AcDbLine
 10
109.491723844023
 20
362.8512892307069
 30
0
 11
114.2430456918983
 21
362.8512892307069
 31
0
  0
LINE
  5
2FDA
102
{ACAD_REACTORS
330
8999
102
}
330
18
100
AcDbEntity
  8
патр
  6
Continuous
370
    50
 62
     0
100
AcDbLine
 10
109.491723844023
 20
353.526573633811
 30
0
 11
116.241723844023
 21
353.5180761396109
 31
0
  0
LINE
  5
2FDC
102
{ACAD_REACTORS
330
7FB0
102
}
330
18
100
AcDbEntity
  8
фланец
  6
Continuous
370
    50
 62
     0
100
AcDbLine
 10
109.491723844023
 20
362.8512892307069
 30
0
 11
109.491723844023
 21
358.851289230707
 31
0
  0
LINE
  5
2FDD
102
{ACAD_REACTORS
330
7FA6
102
}
330
18
100
AcDbEntity
  8
прок
  6
Continuous
370
    50
 62
     0
100
AcDbLine
 10
109.241723844023
 20
357.351289230707
 30
0
 11
109.241723844023
 21
358.851289230707
 31
0
  0
LINE
  5
2FE8
330
18
100
AcDbEntity
  8
0
  6
Continuous
370
    50
100
AcDbLine
 10
118.9922621620189
 20
364.8279273313067
 30
0
 11
124.2422621620189
 21
364.8279273313067
 31
0
  0
LINE
  5
2FE9
330
18
100
AcDbEntity
  8
втулка
  6
Continuous
370
    50
 62
     0
100
AcDbLine
 10
118.9922621620189
 20
359.8279273313067
 30
0
 11
124.2422621620189
 21
359.8279273313067
 31
0
  0
LINE
  5
2FEF
330
18
100
AcDbEntity
  8
втулка
  6
Continuous
370
    50
 62
     0
100
AcDbLine
 10
118.9922621620188
 20
364.8279273313067
 30
0
 11
118.9922621620188
 21
359.8279273313067
 31
0
  0
LINE
  5
2FF3
330
18
100
AcDbEntity
  8
корпус
  6
Continuous
370
    50
 62
     0
100
AcDbLine
 10
114.4898733367639
 20
382.3512892307069
 30
0
 11
116.9922621620188
 21
382.3512892307069
 31
0
  0
LINE
  5
2FF4
330
18
100
AcDbEntity
  8
корпус
  6
Continuous
370
    50
 62
     0
100
AcDbLine
 10
114.4898733367639
 20
384.8512892307069
 30
0
 11
116.9922621620188
 21
384.8512892307069
 31
0
  0
LINE
  5
2FF5
102
{ACAD_REACTORS
330
7FB0
102
}
330
18
100
AcDbEntity
  8
гнездо
  6
Continuous
370
    50
 62
     0
100
AcDbLine
 10
109.2417238440231
 20
381.8512892307069
 30
0
 11
109.2417238440231
 21
377.3512892307069
 31
0
  0
LINE
  5
2FF6
330
18
100
AcDbEntity
  8
корпус
  6
Continuous
370
    50
 62
     0
100
AcDbLine
 10
109.4930456918983
 20
378.8512892307069
 30
0
 11
109.4930456918983
 21
382.3101927814351
 31
0
  0
LINE
  5
2FF7
330
18
100
AcDbEntity
  8
прок
  6
Continuous
370
    50
 62
     0
100
AcDbLine
 10
109.2417238440231
 20
377.3512892307069
 30
0
 11
113.741723844023
 21
377.351289230707
 31
0
  0
LINE
  5
2FF8
102
{ACAD_REACTORS
330
7EAB
102
}
330
18
100
AcDbEntity
  8
прок
  6
Continuous
370
    50
 62
     0
100
AcDbLine
 10
113.7430456918983
 20
378.8512892307069
 30
0
 11
109.2417238440231
 21
378.8512892307069
 31
0
  0
LINE
  5
2FF9
330
18
100
AcDbEntity
  8
прок
  6
Continuous
370
    50
 62
     0
100
AcDbLine
 10
109.2417238440231
 20
377.3512892307069
 30
0
 11
113.741723844023
 21
377.351289230707
 31
0
  0
LINE
  5
2FFA
102
{ACAD_REACTORS
330
7E99
330
7EAB
330
7FB0
102
}
330
18
100
AcDbEntity
  8
гнездо
  6
Continuous
370
    50
 62
     0
100
AcDbLine
 10
109.2417238440231
 20
377.3512892307069
 30
0
 11
114.2430456918983
 21
377.3512892307069
 31
0
  0
LINE
  5
2FFB
102
{ACAD_REACTORS
330
7E99
330
7EAB
102
}
330
18
100
AcDbEntity
  8
корпус
  6
Continuous
370
    50
 62
     0
100
AcDbLine
 10
109.4930456918983
 20
378.8512892307069
 30
0
 11
114.2442524425708
 21
378.8512892307069
 31
0
  0
LINE
  5
2FFD
102
{ACAD_REACTORS
330
7EAB
330
7FB0
102
}
330
18
100
AcDbEntity
  8
прок
  6
Continuous
370
    50
 62
     0
100
AcDbLine
 10
109.2417238440231
 20
378.8512892307069
 30
0
 11
109.2417238440231
 21
377.3512892307069
 31
0
  0
LINE
  5
3000
330
18
100
AcDbEntity
  8
корпус
  6
Continuous
370
    50
 62
     0
100
AcDbLine
 10
109.4930456918983
 20
382.3101927814351
 30
0
 11
110.9930456918983
 21
382.3101927814351
 31
0
  0
LINE
  5
3001
102
{ACAD_REACTORS
330
7FB0
102
}
330
18
100
AcDbEntity
  8
гнездо
  6
Continuous
370
    50
 62
     0
100
AcDbLine
 10
107.7417238440231
 20
381.8512892307069
 30
0
 11
109.4930456918983
 21
381.8512892307069
 31
0
  0
LINE
  5
3002
102
{ACAD_REACTORS
330
78FA
102
}
330
18
100
AcDbEntity
  8
накгай
  6
Continuous
 48
0.2
370
    20
 62
     0
100
AcDbLine
 10
116.4923568691428
 20
385.6732267929274
 30
0
 11
116.4923568691428
 21
395.6732267929274
 31
0
  0
LINE
  5
3005
330
18
100
AcDbEntity
  8
корпус
  6
Continuous
370
    50
 62
     0
100
AcDbLine
 10
110.9930456918983
 20
390.8525843922491
 30
0
 11
110.9930456918983
 21
382.3101927814351
 31
0
  0
LINE
  5
3006
102
{ACAD_REACTORS
330
78FA
102
}
330
18
100
AcDbEntity
  8
корпус
  6
Continuous
370
    50
 62
     0
100
AcDbLine
 10
116.4923568691428
 20
385.6732267929274
 30
0
 11
116.4929834104054
 21
384.8512892307069
 31
0
  0
LINE
  5
3007
330
18
100
AcDbEntity
  8
корпус
  6
Continuous
370
    50
 62
     0
100
AcDbLine
 10
114.4898733367639
 20
384.8512892307069
 30
0
 11
114.4898733367639
 21
382.3512892307069
 31
0
  0
LINE
  5
3009
330
18
100
AcDbEntity
  8
корпус
  6
Continuous
370
    50
 62
     0
100
AcDbLine
 10
113.5872621620189
 20
392.3503559696093
 30
0
 11
113.5872621620189
 21
392.3503559696093
 31
0
  0
LINE
  5
300A
330
18
100
AcDbEntity
  8
корпус
  6
Continuous
370
    50
 62
     0
100
AcDbLine
 10
113.5872621620189
 20
392.3503559696093
 30
0
 11
110.9930456918983
 21
390.8525843922491
 31
0
  0
LINE
  5
300C
330
18
100
AcDbEntity
  8
0
  6
Continuous
370
    50
100
AcDbLine
 10
118.9922621620188
 20
382.3279273313067
 30
0
 11
124.2422621620188
 21
382.3279273313067
 31
0
  0
LINE
  5
300F
102
{ACAD_REACTORS
330
7913
102
}
330
18
100
AcDbEntity
  8
грнд
  6
Continuous
370
    50
 62
     0
100
AcDbLine
 10
116.9922621620188
 20
381.1732267929274
 30
0
 11
118.9922621620188
 21
382.3279273313067
 31
0
  0
LINE
  5
3012
102
{ACAD_REACTORS
330
78FA
330
7913
102
}
330
18
100
AcDbEntity
  8
грнд
  6
Continuous
370
    50
 62
     0
100
AcDbLine
 10
115.9929834104054
 20
385.6732267929274
 30
0
 11
118.9922621620188
 21
385.6732263643436
 31
0
  0
LEADER
  5
301A
330
18
100
AcDbEntity
  8
корпус
  6
Continuous
370
    20
 62
     0
100
AcDbLeader
  3
WORK
 71
     0
 73
     3
 72
     0
 74
     1
 40
0
 41
0
 76
     3
 10
121.592555946632
 20
403.3863043536396
 30
0
 10
79.08216410940031
 20
418.0731647532897
 30
0
 10
71.35620271654248
 20
418.0731647532897
 30
0
210
0
220
0
230
-1
211
-1
221
0
231
0
212
0
222
0
232
0
340
0
1001
ACAD
1000
DSTYLE
1002
{
1070
   341
1005
27E6
1070
   147
1040
2
1070
    77
1070
     0
1002
}
  0
TEXT
  5
301B
330
18
100
AcDbEntity
  8
корпус
  6
Continuous
370
    25
 62
     0
100
AcDbText
 10
73.34218950031367
 20
404.2515113755981
 30
0
 40
3.5
  1
1
 51
15
  7
ADRF1
 11
0
 21
0
 31
0
100
AcDbText
  0
TEXT
  5
301C
330
18
100
AcDbEntity
  8
корпус
  6
Continuous
370
    25
 62
     0
100
AcDbText
 10
73.2163875233
 20
411.6173410539989
 30
0
 40
3.5
  1
4
 51
15
  7
ADRF1
 11
0
 21
0
 31
0
100
AcDbText
  0
TEXT
  5
301D
330
18
100
AcDbEntity
  8
корпус
  6
Continuous
370
    25
 62
     0
100
AcDbText
 10
71.33291215971906
 20
419.9947491928025
 30
0
 40
3.5
  1
11
 51
15
  7
ADRF1
 11
0
 21
0
 31
0
100
AcDbText
  0
LINE
  5
3022
102
{ACAD_REACTORS
330
78FA
102
}
330
18
100
AcDbEntity
  8
накгай
  6
Continuous
370
    50
 62
     0
100
AcDbLine
 10
116.6623293491913
 20
400.6732267929274
 30
0
 11
118.9922621620188
 21
400.6732267929274
 31
0
  0
LINE
  5
3023
102
{ACAD_REACTORS
330
78FA
102
}
330
18
100
AcDbEntity
  8
накгай
  6
Continuous
370
    50
 62
     0
100
AcDbLine
 10
116.6623293491913
 20
400.6732267929274
 30
0
 11
114.9923568691428
 21
399.7090677320322
 31
0
  0
LINE
  5
3024
102
{ACAD_REACTORS
330
78FA
102
}
330
18
100
AcDbEntity
  8
накгай
  6
Continuous
370
    50
 62
     0
100
AcDbLine
 10
116.4923568691428
 20
395.6732267929274
 30
0
 11
114.9923568691428
 21
395.6732267929274
 31
0
  0
LINE
  5
3025
102
{ACAD_REACTORS
330
78FA
102
}
330
18
100
AcDbEntity
  8
накгай
  6
Continuous
370
    50
 62
     0
100
AcDbLine
 10
114.9923568691428
 20
395.6732267929274
 30
0
 11
114.9923568691428
 21
399.7090677320322
 31
0
  0
ARC
  5
3026
330
18
100
AcDbEntity
  8
0
  6
Continuous
370
    50
100
AcDbCircle
 10
173.460003339653
 20
402.821465762269
 30
0
 40
47.68117708677163
100
AcDbArc
 50
159.8056769585891
 51
174.5767449834501
  0
LINE
  5
3029
330
18
100
AcDbEntity
  8
мостик
  6
Continuous
370
    50
 62
     0
100
AcDbLine
 10
123.9917238440228
 20
407.3279273313067
 30
0
 11
121.4917238440228
 21
407.3279273313067
 31
0
  0
LINE
  5
302A
330
18
100
AcDbEntity
  8
втулка
  6
Continuous
370
    50
 62
     0
100
AcDbLine
 10
118.9922621620188
 20
407.3279273313067
 30
0
 11
129.4922621620188
 21
407.3279273313067
 31
0
  0
LINE
  5
303F
330
18
100
AcDbEntity
  8
фланец
  6
Continuous
370
    50
 62
     0
100
AcDbLine
 10
144.2939182920754
 20
404.5230230416204
 30
0
 11
144.2939182920754
 21
365.3512892307069
 31
0
  0
LINE
  5
3040
330
18
100
AcDbEntity
  8
фланец
  6
Continuous
370
    50
 62
     0
100
AcDbLine
 10
142.7939182920754
 20
365.3512892307069
 30
0
 11
142.7939182920754
 21
404.378129230204
 31
0
  0
LINE
  5
3042
330
18
100
AcDbEntity
  8
накгай
  6
Continuous
370
    50
 62
     0
100
AcDbLine
 10
132.4923568691429
 20
395.6732267929274
 30
0
 11
132.4915887796372
 21
392.3503491515056
 31
0
  0
LINE
  5
3045
330
18
100
AcDbEntity
  8
патр
  6
Continuous
370
    50
 62
     0
100
AcDbLine
 10
138.491723844023
 20
334.682425255655
 30
0
 11
138.491723844023
 21
350.851289230707
 31
0
  0
LINE
  5
304D
330
18
100
AcDbEntity
  8
патр
  6
Continuous
370
    50
 62
     0
100
AcDbLine
 10
138.4917238440229
 20
320.6784433891196
 30
0
 11
138.4917238440229
 21
331.0219378924943
 31
0
  0
LINE
  5
304E
330
18
100
AcDbEntity
  8
0
  6
Continuous
370
    50
100
AcDbLine
 10
124.2417238440229
 20
320.6784433891196
 30
0
 11
138.491723844023
 21
320.6784433891196
 31
0
  0
LINE
  5
3051
330
18
100
AcDbEntity
  8
фланец
  6
Continuous
370
    50
 62
     0
100
AcDbLine
 10
159.241723844023
 20
355.851289230707
 30
0
 11
124.2417238440229
 21
355.8513779410093
 31
0
  0
LINE
  5
3052
330
18
100
AcDbEntity
  8
фланец
  6
Continuous
370
    50
 62
     0
100
AcDbLine
 10
159.241723844023
 20
360.3512892307069
 30
0
 11
124.2417238440229
 21
360.3512892307069
 31
0
  0
LINE
  5
3054
330
18
100
AcDbEntity
  8
болт
  6
Continuous
370
    50
 62
     0
100
AcDbLine
 10
145.741723844023
 20
369.351289230707
 30
0
 11
157.7417238440229
 21
369.351289230707
 31
0
  0
LINE
  5
3055
330
18
100
AcDbEntity
  8
болт
  6
Continuous
370
    50
 62
     0
100
AcDbLine
 10
145.741723844023
 20
365.351289230707
 30
0
 11
157.741723844023
 21
365.351289230707
 31
0
  0
LINE
  5
3058
330
18
100
AcDbEntity
  8
болт
  6
Continuous
370
    50
 62
     0
100
AcDbLine
 10
158.7417238440229
 20
349.8512892307069
 30
0
 11
154.7419003889954
 21
349.8512892307069
 31
0
  0
LINE
  5
3059
330
18
100
AcDbEntity
  8
фланец
  6
Continuous
370
    50
 62
     0
100
AcDbLine
 10
159.241723844023
 20
350.8512892307069
 30
0
 11
124.2417238440229
 21
350.851289230707
 31
0
  0
LINE
  5
305A
330
18
100
AcDbEntity
  8
болт
  6
Continuous
370
    50
 62
     0
100
AcDbLine
 10
144.7417238440229
 20
350.8512892307069
 30
0
 11
158.7417238440229
 21
350.851053837446
 31
0
  0
LINE
  5
305B
330
18
100
AcDbEntity
  8
болт
  6
Continuous
370
    50
 62
     0
100
AcDbLine
 10
145.7417238440229
 20
345.8525844658689
 30
0
 11
157.7417238440229
 21
345.8525844658689
 31
0
  0
LINE
  5
305C
330
18
100
AcDbEntity
  8
болт
  6
Continuous
370
    50
 62
     0
100
AcDbLine
 10
145.7417238578877
 20
349.8527022145168
 30
0
 11
157.7417238301582
 21
349.8498762468971
 31
0
  0
LINE
  5
305D
330
18
100
AcDbEntity
  8
болт
  6
Continuous
370
    50
 62
     0
100
AcDbLine
 10
145.741723844023
 20
365.351289230707
 30
0
 11
145.741723844023
 21
369.351289230707
 31
0
  0
LINE
  5
3060
330
18
100
AcDbEntity
  8
гнездо
  6
Continuous
370
    50
 62
     0
100
AcDbLine
 10
140.741723844023
 20
381.8512892307069
 30
0
 11
140.741723844023
 21
365.3512892307069
 31
0
  0
LINE
  5
3067
330
18
100
AcDbEntity
  8
фланец
  6
CENTERX2
 48
0.1
370
    20
 62
     0
100
AcDbLine
 10
151.741723844023
 20
341.1297905158563
 30
0
 11
151.741723844023
 21
371.1123725211929
 31
0
  0
LINE
  5
3068
330
18
100
AcDbEntity
  8
болт
  6
Continuous
370
    50
 62
     0
100
AcDbLine
 10
148.7425087579662
 20
365.3512892307069
 30
0
 11
148.7426657222616
 21
369.3508180142928
 31
0
  0
LINE
  5
3069
330
18
100
AcDbEntity
  8
болт
  6
Continuous
370
    50
 62
     0
100
AcDbLine
 10
154.7426653340488
 20
369.3491695332689
 30
0
 11
154.7419396120122
 21
365.351289230707
 31
0
  0
LINE
  5
306A
330
18
100
AcDbEntity
  8
фланец
  6
Continuous
370
    50
 62
     0
100
AcDbLine
 10
124.2417238440229
 20
358.851289230707
 30
0
 11
146.741723844023
 21
358.851289230707
 31
0
  0
LINE
  5
306B
330
18
100
AcDbEntity
  8
фланец
  6
Continuous
370
    50
 62
     0
100
AcDbLine
 10
124.2417238440229
 20
357.351289230707
 30
0
 11
146.741723844023
 21
357.351289230707
 31
0
  0
LINE
  5
3079
330
18
100
AcDbEntity
  8
болт
  6
Continuous
370
    50
 62
     0
100
AcDbLine
 10
153.1498672602066
 20
349.8512892307069
 30
0
 11
144.7417238440229
 21
349.8512892307069
 31
0
  0
LINE
  5
307A
330
18
100
AcDbEntity
  8
болт
  6
Continuous
370
    50
 62
     0
100
AcDbLine
 10
144.7417238440229
 20
349.8512892307069
 30
0
 11
144.7417238440229
 21
350.8512892307069
 31
0
  0
LINE
  5
307B
330
18
100
AcDbEntity
  8
болт
  6
Continuous
370
    50
 62
     0
100
AcDbLine
 10
145.7417238440229
 20
345.8525844658689
 30
0
 11
145.7417238440229
 21
349.8525844658689
 31
0
  0
LINE
  5
307C
330
18
100
AcDbEntity
  8
болт
  6
Continuous
370
    20
 62
     0
100
AcDbLine
 10
154.2411351783546
 20
342.850784994158
 30
0
 11
154.2411351783546
 21
345.8525844658689
 31
0
  0
LINE
  5
307D
330
18
100
AcDbEntity
  8
болт
  6
Continuous
370
    50
 62
     0
100
AcDbLine
 10
154.7419003889954
 20
360.3344701322829
 30
0
 11
154.7418344614774
 21
355.8651081802711
 31
0
  0
LINE
  5
307E
330
18
100
AcDbEntity
  8
болт
  6
Continuous
370
    20
 62
     0
100
AcDbLine
 10
149.2423125096912
 20
342.850784994158
 30
0
 11
149.2423125096912
 21
345.8525844658689
 31
0
  0
LINE
  5
307F
330
18
100
AcDbEntity
  8
болт
  6
Continuous
370
    50
 62
     0
100
AcDbLine
 10
148.7417602390841
 20
350.8512219748776
 30
0
 11
148.7417602390841
 21
350.8512219748776
 31
0
  0
LINE
  5
3080
330
18
100
AcDbEntity
  8
болт
  6
Continuous
370
    50
 62
     0
100
AcDbLine
 10
154.7416257634237
 20
342.8512877231824
 30
0
 11
148.7416257290101
 21
342.8512696097836
 31
0
  0
LINE
  5
3083
330
18
100
AcDbEntity
  8
фланец
  6
Continuous
370
    50
 62
     0
100
AcDbLine
 10
148.241723844023
 20
360.3512892307069
 30
0
 11
146.741723844023
 21
358.851289230707
 31
0
  0
LINE
  5
3084
330
18
100
AcDbEntity
  8
фланец
  6
Continuous
370
    50
 62
     0
100
AcDbLine
 10
148.241723844023
 20
355.8515060979728
 30
0
 11
146.741723844023
 21
357.351289230707
 31
0
  0
LINE
  5
3085
330
18
100
AcDbEntity
  8
прок
  6
Continuous
370
    50
 62
     0
100
AcDbLine
 10
146.741723844023
 20
358.851289230707
 30
0
 11
146.741723844023
 21
357.351289230707
 31
0
  0
LINE
  5
3088
330
18
100
AcDbEntity
  8
гнездо
  6
Continuous
370
    50
 62
     0
100
AcDbLine
 10
139.241723844023
 20
381.8512892307069
 30
0
 11
139.241723844023
 21
381.8512892307069
 31
0
  0
LINE
  5
3089
330
18
100
AcDbEntity
  8
корпус
  6
Continuous
370
    50
 62
     0
100
AcDbLine
 10
138.9914786321395
 20
382.3512892307069
 30
0
 11
138.9914786321395
 21
381.8512892307069
 31
0
  0
LINE
  5
3091
330
18
100
AcDbEntity
  8
корпус
  6
Continuous
370
    50
 62
     0
100
AcDbLine
 10
134.8972621620189
 20
392.3503559696094
 30
0
 11
137.491574070061
 21
390.8525292911393
 31
0
  0
LINE
  5
309B
330
18
100
AcDbEntity
  8
корпус
  6
Continuous
370
    50
 62
     0
100
AcDbLine
 10
134.8972621620189
 20
392.3503559696094
 30
0
 11
124.2417238440229
 21
392.3503257699295
 31
0
  0
LINE
  5
309D
330
18
100
AcDbEntity
  8
корпус
  6
Continuous
370
    50
 62
     0
100
AcDbLine
 10
137.4915740700611
 20
382.351647403434
 30
0
 11
137.4915740700611
 21
390.8525292911393
 31
0
  0
LINE
  5
309E
330
18
100
AcDbEntity
  8
корпус
  6
Continuous
370
    50
 62
     0
100
AcDbLine
 10
124.2417238440229
 20
382.351647403434
 30
0
 11
138.9914786321395
 21
382.3512892307069
 31
0
  0
LINE
  5
309F
330
18
100
AcDbEntity
  8
гнездо
  6
Continuous
370
    50
 62
     0
100
AcDbLine
 10
124.2417238440229
 20
381.8512892307069
 30
0
 11
140.741723844023
 21
381.8512892307069
 31
0
  0
LINE
  5
30A1
330
18
100
AcDbEntity
  8
болт
  6
Continuous
370
    50
 62
     0
100
AcDbLine
 10
157.7417238440229
 20
365.351289230707
 30
0
 11
157.7417238440229
 21
369.351289230707
 31
0
  0
LINE
  5
30A6
330
18
100
AcDbEntity
  8
фланец
  6
Continuous
370
    50
 62
     0
100
AcDbLine
 10
159.241723844023
 20
350.8512892307069
 30
0
 11
159.241723844023
 21
355.851289230707
 31
0
  0
LINE
  5
30A8
330
18
100
AcDbEntity
  8
болт
  6
Continuous
370
    50
 62
     0
100
AcDbLine
 10
157.7417238440229
 20
349.8499939955449
 30
0
 11
157.7417238440229
 21
345.8525844658689
 31
0
  0
LINE
  5
30A9
330
18
100
AcDbEntity
  8
болт
  6
Continuous
370
    50
 62
     0
100
AcDbLine
 10
158.7417238440229
 20
350.8512892307069
 30
0
 11
158.7417238440229
 21
349.8512892307069
 31
0
  0
LINE
  5
30AB
330
18
100
AcDbEntity
  8
фланец
  6
Continuous
370
    50
 62
     0
100
AcDbLine
 10
159.241723844023
 20
365.3512892307069
 30
0
 11
159.241723844023
 21
360.3512892307069
 31
0
  0
TEXT
  5
30B1
330
18
100
AcDbEntity
  8
0
  6
Continuous
370
    20
100
AcDbText
 10
168.5929004029732
 20
457.1371381193651
 30
0
 40
2.5
  1
Электрод сравнения
 51
15
  7
max
 11
0
 21
0
 31
0
100
AcDbText
  0
TEXT
  5
30B2
330
18
100
AcDbEntity
  8
0
  6
Continuous
370
    20
100
AcDbText
 10
152.665107331536
 20
429.755304614419
 30
0
 40
2.5
  1
Вспомогательный электрод
 51
15
  7
max
 11
0
 21
0
 31
0
100
AcDbText
  0
LINE
  5
30B3
330
18
100
AcDbEntity
  8
0
  6
Continuous
370
    50
100
AcDbLine
 10
142.090676300772
 20
443.0202287538174
 30
0
 11
153.117831293973
 21
456.6088950885217
 31
0
  0
LINE
  5
30B4
330
18
100
AcDbEntity
  8
0
  6
Continuous
370
    50
100
AcDbLine
 10
153.117831293973
 20
456.6088950885217
 30
0
 11
160.8827834852324
 21
450.3076636638354
 31
0
  0
LINE
  5
30B5
330
18
100
AcDbEntity
  8
0
  6
Continuous
370
    50
100
AcDbLine
 10
149.8556284920315
 20
436.7189973291311
 30
0
 11
160.8827834852324
 21
450.3076636638354
 31
0
  0
LEADER
  5
30B6
330
18
100
AcDbEntity
  8
0
  6
Continuous
370
    25
100
AcDbLeader
  3
WORK
 71
     0
 73
     3
 72
     0
 74
     1
 40
0
 41
-0.75
 76
     3
 10
144.2939182920754
 20
422.2217629675948
 30
0
 10
150.8790983085812
 20
427.9399817924022
 30
0
 10
208.6146002011369
 20
427.9399817924022
 30
0
210
0
220
0
230
1
211
1
221
0
231
0
212
0
222
0
232
0
340
0
1001
ACAD
1000
DSTYLE
1002
{
1070
   147
1040
2
1070
    77
1070
     0
1002
}
  0
LINE
  5
30B7
330
18
100
AcDbEntity
  8
фланец
  6
Continuous
370
    50
 62
     0
100
AcDbLine
 10
142.7939182920754
 20
405.6115653119082
 30
0
 11
142.7939182920754
 21
425.0408245500087
 31
0
  0
ARC
  5
30B8
330
18
100
AcDbEntity
  8
0
  6
Continuous
370
    50
100
AcDbCircle
 10
164.1962666505802
 20
402.7908565324104
 30
0
 40
36.33672647882668
100
AcDbArc
 50
137.3271376113402
 51
152.2151396174398
  0
LINE
  5
30B9
330
18
100
AcDbEntity
  8
фланец
  6
Continuous
370
    50
 62
     0
100
AcDbLine
 10
144.2939182920754
 20
425.0408245500087
 30
0
 11
144.2939182920754
 21
405.7260311258028
 31
0
  0
LINE
  5
30BA
330
18
100
AcDbEntity
  8
накгай
  6
Continuous
370
    50
 62
     0
100
AcDbLine
 10
131.8223843890944
 20
400.6732267929274
 30
0
 11
133.4923568691428
 21
399.7090677320321
 31
0
  0
LINE
  5
30BB
330
18
100
AcDbEntity
  8
накгай
  6
Continuous
370
    50
 62
     0
100
AcDbLine
 10
133.4923568691428
 20
395.6732267929274
 30
0
 11
124.2417238440229
 21
395.6732267929274
 31
0
  0
LINE
  5
30BC
330
18
100
AcDbEntity
  8
накгай
  6
Continuous
370
    20
 62
     0
100
AcDbLine
 10
132.4923568691428
 20
395.6732267929274
 30
0
 11
132.4923568691428
 21
395.6732267929274
 31
0
  0
LINE
  5
30BD
330
18
100
AcDbEntity
  8
накгай
  6
Continuous
370
    50
 62
     0
100
AcDbLine
 10
133.4923568691428
 20
399.7090677320321
 30
0
 11
133.4923568691428
 21
395.6732267929274
 31
0
  0
ARC
  5
30BE
330
18
100
AcDbEntity
  8
мостик
  6
Continuous
370
    20
 62
     0
100
AcDbCircle
 10
131.4552366680158
 20
420.2649790069519
 30
0
 40
0.799683562216562
100
AcDbArc
 50
180.2105862989014
 51
317.9460037171532
  0
ARC
  5
30BF
330
18
100
AcDbEntity
  8
0
  6
Continuous
370
    20
100
AcDbCircle
 10
143.9382675361375
 20
404.5797435962697
 30
0
 40
0.360145361651243
100
AcDbArc
 50
350.9385599927006
 51
194.4832967317149
  0
ARC
  5
30C0
330
18
100
AcDbEntity
  8
0
  6
Continuous
370
    20
100
AcDbCircle
 10
143.1778348265202
 20
404.5331082400511
 30
0
 40
0.4140173896267011
100
AcDbArc
 50
201.9828909534363
 51
353.9777925871623
  0
ARC
  5
30C1
330
18
100
AcDbEntity
  8
0
  6
Continuous
370
    20
100
AcDbCircle
 10
143.9394564940374
 20
405.6789974197258
 30
0
 40
0.3575686448440931
100
AcDbArc
 50
7.558450902562676
 51
168.1038714987941
  0
ARC
  5
30C2
330
18
100
AcDbEntity
  8
0
  6
Continuous
370
    20
100
AcDbCircle
 10
143.185107205662
 20
405.7195425253347
 30
0
 40
0.4058175017571068
100
AcDbArc
 50
195.4307398988871
 51
4.687437867883149
  0
LINE
  5
30C3
330
18
100
AcDbEntity
  8
0
  6
Continuous
370
    50
100
AcDbLine
 10
149.8556284920315
 20
436.7189973291311
 30
0
 11
142.090676300772
 21
443.0202287538174
 31
0
  0
LINE
  5
30C4
330
18
100
AcDbEntity
  8
0
  6
Continuous
370
    50
100
AcDbLine
 10
141.0339044974705
 20
425.8480642613679
 30
0
 11
149.8556284920315
 21
436.7189973291311
 31
0
  0
LINE
  5
30C5
330
18
100
AcDbEntity
  8
0
  6
Continuous
370
    50
100
AcDbLine
 10
133.2689523062111
 20
432.1492956860541
 30
0
 11
142.090676300772
 21
443.0202287538174
 31
0
  0
LINE
  5
30C6
330
18
100
AcDbEntity
  8
0
  6
Continuous
370
    50
100
AcDbLine
 10
139.627286135876
 20
425.7016921847106
 30
0
 11
133.4153243828684
 21
430.7426773244596
 31
0
  0
LINE
  5
30C7
330
18
100
AcDbEntity
  8
мостик
  6
Continuous
370
    50
 62
     0
100
AcDbLine
 10
135.5624030035008
 20
429.0240615928121
 30
0
 11
137.4802075152435
 21
427.4203079163582
 31
0
  0
LINE
  5
30C8
330
18
100
AcDbEntity
  8
0
  6
Continuous
370
    50
100
AcDbLine
 10
133.4153243828684
 20
430.7426773244596
 30
0
 11
133.2689523062111
 21
432.1492956860541
 31
0
  0
LINE
  5
30C9
330
18
100
AcDbEntity
  8
0
  6
Continuous
370
    50
100
AcDbLine
 10
139.627286135876
 20
425.7016921847106
 30
0
 11
141.0339044974705
 21
425.8480642613679
 31
0
  0
LINE
  5
30CA
330
18
100
AcDbEntity
  8
0
  6
Continuous
370
    50
100
AcDbLine
 10
142.7939182920754
 20
425.0408245500087
 30
0
 11
144.2939182920754
 21
425.0408245500087
 31
0
  0
LINE
  5
30CD
330
18
100
AcDbEntity
  8
титан
  6
Continuous
370
    50
 62
     0
100
AcDbLine
 10
160.7309520050868
 20
456.870064054569
 30
0
 11
164.7904921081114
 21
461.8725997010135
 31
0
  0
LINE
  5
30CF
330
18
100
AcDbEntity
  8
титан
  6
Continuous
370
    50
 62
     0
100
AcDbLine
 10
163.632679316261
 20
462.8263242383012
 30
0
 11
159.5676249443785
 21
457.8169934067311
 31
0
  0
LINE
  5
30D0
330
18
100
AcDbEntity
  8
0
  6
Continuous
370
    50
100
AcDbLine
 10
156.0296883656952
 20
454.2459333042643
 30
0
 11
159.1803040780384
 21
458.128409399894
 31
0
  0
LINE
  5
30D1
330
18
100
AcDbEntity
  8
0
  6
Continuous
370
    50
100
AcDbLine
 10
157.9709264135101
 20
452.6706254480927
 30
0
 11
161.1215421258532
 21
456.5531015437223
 31
0
  0
LINE
  5
30D2
330
18
100
AcDbEntity
  8
0
  6
Continuous
370
    50
100
AcDbLine
 10
161.1215421258532
 20
456.5531015437223
 30
0
 11
159.1803040780384
 21
458.128409399894
 31
0
  0
LINE
  5
30D3
330
18
100
AcDbEntity
  8
мостик
  6
Continuous
370
    50
 62
     0
100
AcDbLine
 10
163.632679316261
 20
462.8263242383012
 30
0
 11
165.0006902237678
 21
464.1098605063597
 31
0
  0
LINE
  5
30D4
330
18
100
AcDbEntity
  8
0
  6
Continuous
370
    50
100
AcDbLine
 10
164.7904921081114
 20
461.8725997010135
 30
0
 11
163.6257492794226
 21
462.8177844147164
 31
0
  0
LINE
  5
30D5
330
18
100
AcDbEntity
  8
мостик
  6
Continuous
370
    50
 62
     0
100
AcDbLine
 10
164.7904921081114
 20
461.8725997010135
 30
0
 11
165.7764696268263
 21
463.4802875230852
 31
0
  0
LINE
  5
30D6
330
18
100
AcDbEntity
  8
мостик
  6
Continuous
370
    50
 62
     0
100
AcDbLine
 10
165.7764696268263
 20
463.4802875230852
 30
0
 11
165.0006902237678
 21
464.1098605063597
 31
0
  0
LINE
  5
32CB
330
18
100
AcDbEntity
  8
0
  6
Continuous
370
     5
100
AcDbLine
 10
74.97044743380489
 20
380.8105238593541
 30
0
 11
74.97044743380489
 21
380.8105238593541
 31
0
  0
LINE
  5
3F98
102
{ACAD_REACTORS
330
7E99
102
}
330
18
100
AcDbEntity
  8
0
  6
Continuous
370
     5
100
AcDbLine
 10
114.2442524425708
 20
378.8512892307069
 30
0
 11
114.2444578795834
 21
362.3258044126151
 31
0
  0
LINE
  5
3F9D
330
18
100
AcDbEntity
  8
0
  6
Continuous
370
     5
100
AcDbLine
 10
115.9929834104054
 20
384.8512892307069
 30
0
 11
115.9929834104054
 21
384.8512892307069
 31
0
  0
LINE
  5
5392
102
{ACAD_REACTORS
330
78FA
102
}
330
18
100
AcDbEntity
  8
корпус
  6
Continuous
370
    50
 62
     0
100
AcDbLine
 10
113.5872621620189
 20
392.3503559696093
 30
0
 11
116.4923568691428
 21
392.3505066717602
 31
0
  0
LINE
  5
78B4
330
18
100
AcDbEntity
  8
0
  6
Continuous
370
     5
100
AcDbLine
 10
116.2417238440229
 20
305.6723577491526
 30
0
 11
124.2417238440229
 21
305.6723577491526
 31
0
  0
LINE
  5
78B5
330
18
100
AcDbEntity
  8
0
  6
gost6
370
     5
100
AcDbLine
 10
124.2417238440229
 20
304.4914723222232
 30
0
 11
124.2417238440229
 21
409.301744055821
 31
0
  0
LINE
  5
78ED
330
18
100
AcDbEntity
  8
втулка
  6
Continuous
370
    50
 62
     0
100
AcDbLine
 10
133.4923568691428
 20
399.7090677320321
 30
0
 11
124.2417238440229
 21
399.7090677320322
 31
0
  0
LINE
  5
78EE
330
18
100
AcDbEntity
  8
втулка
  6
Continuous
370
    50
 62
     0
100
AcDbLine
 10
129.4922621620188
 20
407.3279273313067
 30
0
 11
129.4922621620188
 21
400.6732267929274
 31
0
  0
LINE
  5
78EF
330
18
100
AcDbEntity
  8
втулка
  6
Continuous
370
    50
 62
     0
100
AcDbLine
 10
124.2417238440229
 20
399.7090677320322
 30
0
 11
130.7417238440229
 21
399.7090677320322
 31
0
  0
LINE
  5
78F0
330
18
100
AcDbEntity
  8
0
  6
Continuous
370
     5
100
AcDbLine
 10
124.2417238440229
 20
399.7090677320322
 30
0
 11
129.2417238440229
 21
399.7090677320322
 31
0
  0
LINE
  5
78F1
330
18
100
AcDbEntity
  8
втулка
  6
Continuous
370
    50
 62
     0
100
AcDbLine
 10
129.2417238440229
 20
399.7090677320322
 30
0
 11
129.2417238440229
 21
395.6732267929274
 31
0
  0
HATCH
  5
78FA
330
18
100
AcDbEntity
  8
0
  6
Continuous
370
     5
100
AcDbHatch
 10
0
 20
0
 30
0
210
0
220
0
230
1
  2
ANSI31
 70
     0
 71
     1
 91
        3
 92
        7
 72
     0
 73
     1
 93
        8
 10
118.9922621620188
 20
400.6732267929274
 10
116.6623293491913
 20
400.6732267929274
 10
114.9923568691428
 20
399.7090677320322
 10
114.9923568691428
 20
395.6732267929275
 10
116.4923568691429
 20
395.6732267929274
 10
116.4923568691428
 20
385.6732267929274
 10
116.4923568691973
 20
385.6732267215691
 10
118.9922621620189
 20
385.6732263643436
 97
        8
330
3022
330
3023
330
3025
330
3024
330
3002
330
3006
330
3012
330
2F7F
 92
       22
 72
     0
 73
     1
 93
        4
 10
116.4923568691428
 20
395.6732267929274
 10
115.9923568691428
 20
395.6732267929274
 10
115.9925492411181
 20
392.3504807441772
 10
116.4923568691429
 20
392.3505066717602
 97
        4
330
3024
330
2F7E
330
5392
330
3002
 92
       23
 72
     0
 73
     1
 93
        5
 10
115.9929358239362
 20
385.6732267929342
 10
116.4923568691972
 20
385.6732267215691
 10
116.4923568691428
 20
385.6732267929274
 10
116.4923568691429
 20
392.3505066717602
 10
115.992549241118
 20
392.350480744177
 97
        5
330
5392
330
2F7E
330
3012
330
3006
330
3002
 75
     0
 76
     1
 52
90
 41
0.2
 77
     0
 78
     1
 53
135
 43
0
 44
0
 45
-0.4490128060534577
 46
-0.4490128060534576
 79
     0
 47
0.0217775697977409
 98
        3
 10
117.6513500898889
 20
397.2696638008078
 10
116.2725869664882
 20
394.1460049210326
 10
116.2282351099532
 20
388.8864883323787
  0
LINE
  5
78FE
330
18
100
AcDbEntity
  8
втулка
  6
Continuous
370
    50
 62
     0
100
AcDbLine
 10
137.4915740700611
 20
390.8525292911393
 30
0
 11
124.1431859920322
 21
390.8525292911393
 31
0
  0
LINE
  5
78FF
330
18
100
AcDbEntity
  8
втулка
  6
Continuous
370
    50
 62
     0
100
AcDbLine
 10
124.2417238440229
 20
390.8525292911393
 30
0
 11
130.7417238440229
 21
390.8525292911393
 31
0
  0
LINE
  5
7900
330
18
100
AcDbEntity
  8
0
  6
Continuous
370
     5
100
AcDbLine
 10
130.7415174107211
 20
382.351489566994
 30
0
 11
130.7415174107211
 21
382.351489566994
 31
0
  0
LINE
  5
7902
330
18
100
AcDbEntity
  8
0
  6
Continuous
370
     5
100
AcDbLine
 10
124.2417238440229
 20
382.351647403434
 30
0
 11
130.7417238440229
 21
382.351647403434
 31
0
  0
LINE
  5
7903
330
18
100
AcDbEntity
  8
0
  6
Continuous
370
     5
100
AcDbLine
 10
130.7417238440229
 20
382.351647403434
 30
0
 11
130.7417238440229
 21
382.351647403434
 31
0
  0
LINE
  5
7905
330
18
100
AcDbEntity
  8
втулка
  6
Continuous
370
    50
 62
     0
100
AcDbLine
 10
130.7422621620188
 20
382.351647403434
 30
0
 11
130.7417238440229
 21
390.8525292911393
 31
0
  0
LINE
  5
7907
330
18
100
AcDbEntity
  8
0
  6
Continuous
370
     5
100
AcDbLine
 10
132.4915887796372
 20
392.3503491515057
 30
0
 11
131.9915887796372
 21
392.3503491515057
 31
0
  0
LINE
  5
7908
330
18
100
AcDbEntity
  8
0
  6
Continuous
370
     5
100
AcDbLine
 10
131.9915887796372
 20
392.3503491515057
 30
0
 11
131.9915887796372
 21
395.6732267929274
 31
0
  0
HATCH
  5
7913
330
18
100
AcDbEntity
  8
0
  6
Continuous
370
     5
100
AcDbHatch
 10
0
 20
0
 30
0
210
0
220
0
230
1
  2
ANSI31
 70
     0
 71
     1
 91
        1
 92
        7
 72
     0
 73
     1
 93
        4
 10
118.9922621620189
 20
385.6732263643435
 10
116.9922621620188
 20
385.6732266501349
 10
116.9922621620189
 20
381.1732267929274
 10
118.9922621620189
 20
382.3279273313067
 97
        4
330
3012
330
2FCD
330
300F
330
2F7F
 75
     0
 76
     1
 52
0
 41
0.2
 77
     0
 78
     1
 53
45
 43
0
 44
0
 45
-0.4490128060534576
 46
0.4490128060534577
 79
     0
 47
0.0373880648047253
 98
        1
 10
118.0243247574442
 20
384.3679865090592
  0
HATCH
  5
7E95
330
18
100
AcDbEntity
  8
0
  6
Continuous
370
     5
100
AcDbHatch
 10
0
 20
0
 30
0
210
0
220
0
230
1
  2
ANSI31
 70
     0
 71
     0
 91
        2
 92
        5
 93
       19
 72
     1
 10
116.9922621620189
 20
382.3512892307068
 11
114.4898733367639
 21
382.3512892307069
 72
     1
 10
114.4898733367639
 20
382.3512892307069
 11
114.4898733367639
 21
384.8512892307069
 72
     1
 10
114.4898733367639
 20
384.8512892307069
 11
115.9929834104053
 21
384.8512892307069
 72
     1
 10
115.9929834104053
 20
384.8512892307069
 11
115.992549241118
 21
392.3504807441771
 72
     1
 10
115.992549241118
 20
392.3504807441771
 11
113.5872621620189
 21
392.3503559696093
 72
     1
 10
113.5872621620189
 20
392.3503559696093
 11
110.9930456918983
 21
390.8525843922491
 72
     1
 10
110.9930456918983
 20
390.8525843922491
 11
110.9930456918983
 21
382.3101927814351
 72
     1
 10
110.9930456918983
 20
382.3101927814351
 11
109.4930456918983
 21
382.3101927814351
 72
     1
 10
109.4930456918983
 20
382.3101927814351
 11
109.4930456918983
 21
378.8512892307069
 72
     1
 10
109.4930456918983
 20
378.8512892307069
 11
114.2442524425708
 21
378.8512892307069
 72
     1
 10
114.2442524425708
 20
378.8512892307069
 11
114.2444578795834
 21
362.3258044126151
 72
     1
 10
114.2444578795834
 20
362.3258044126151
 11
116.2417098907693
 21
362.3265852334353
 72
     1
 10
116.2417098907693
 20
362.3265852334353
 11
116.241723844023
 21
334.2660711580623
 72
     4
 94
        3
 73
     0
 74
     0
 95
        8
 96
        4
 40
6.33864578740264
 40
6.33864578740264
 40
6.33864578740264
 40
6.33864578740264
 40
7.91298986968519
 40
7.91298986968519
 40
7.91298986968519
 40
7.91298986968519
 10
116.2417238440229
 20
334.2660711580623
 10
116.7433046087887
 20
334.4671620967897
 10
117.2426001895273
 20
334.6479567859467
 10
117.7417238440229
 20
334.7544929567023
 97
        0
 72
     0
  0
HATCH
  5
7E99
330
18
100
AcDbEntity
  8
0
  6
Continuous
370
     5
100
AcDbHatch
 10
0
 20
0
 30
0
210
0
220
0
230
1
  2
ANSI31
 70
     0
 71
     1
 91
        1
 92
        7
 72
     0
 73
     1
 93
        4
 10
114.2442524425708
 20
378.8512892307068
 10
113.741723844023
 20
378.8512892307068
 10
113.7417238426021
 20
377.3512892307069
 10
114.2442710898614
 20
377.3512892307069
 97
        4
330
2FFB
330
2FC8
330
2FFA
330
3F98
 75
     0
 76
     1
 52
90
 41
0.5
 77
     0
 78
     1
 53
135
 43
0
 44
0
 45
-1.122532015133644
 46
-1.122532015133644
 79
     0
 47
0.0158520152664557
 98
        1
 10
113.9568229151898
 20
378.0934337458294
  0
LINE
  5
7E9C
330
18
100
AcDbEntity
  8
втулка
  6
Continuous
370
    50
 62
     0
100
AcDbLine
 10
159.241723844023
 20
365.3512892307069
 30
0
 11
124.2417238440229
 21
365.3512892307069
 31
0
  0
HATCH
  5
7EAB
330
18
100
AcDbEntity
  8
0
  6
Continuous
370
     5
100
AcDbHatch
 10
0
 20
0
 30
0
210
0
220
0
230
1
  2
ANSI37
 70
     0
 71
     1
 91
        1
 92
        7
 72
     0
 73
     1
 93
        5
 10
113.741723844023
 20
378.8512892307068
 10
109.4930456918983
 20
378.8512892307069
 10
109.241723844023
 20
378.8512892307069
 10
109.241723844023
 20
377.3512892307069
 10
113.7417238426022
 20
377.3512892307069
 97
        5
330
2FFB
330
2FF8
330
2FFD
330
2FFA
330
2FC8
 75
     0
 76
     1
 52
90
 41
0.2
 77
     0
 78
     2
 53
135
 43
0
 44
0
 45
-0.4490128060534577
 46
-0.4490128060534576
 79
     0
 53
225
 43
0
 44
0
 45
0.4490128060534576
 46
-0.4490128060534577
 79
     0
 47
0.013141517651979
 98
        1
 10
111.5310522905957
 20
378.1913642774037
  0
HATCH
  5
7FA6
330
18
100
AcDbEntity
  8
0
  6
Continuous
370
     5
100
AcDbHatch
 10
0
 20
0
 30
0
210
0
220
0
230
1
  2
ANSI37
 70
     0
 71
     1
 91
        1
 92
        7
 72
     0
 73
     1
 93
        4
 10
109.241723844023
 20
358.851289230707
 10
101.741723844023
 20
358.851289230707
 10
101.741723844023
 20
357.351289230707
 10
109.241723844023
 20
357.3512892307069
 97
        4
330
2F9E
330
2FBF
330
2F9D
330
2FDD
 75
     0
 76
     1
 52
90
 41
0.2
 77
     0
 78
     2
 53
135
 43
0
 44
0
 45
-0.4490128060534577
 46
-0.4490128060534576
 79
     0
 53
225
 43
0
 44
0
 45
0.4490128060534576
 46
-0.4490128060534577
 79
     0
 47
0.0862556787699393
 98
        1
 10
105.8398165849428
 20
358.1075132896044
  0
LINE
  5
7FA8
330
18
100
AcDbEntity
  8
болт
  6
Continuous
370
    50
 62
     0
100
AcDbLine
 10
154.7419003889954
 20
349.8512892307069
 30
0
 11
154.7416257634829
 21
342.8512892326309
 31
0
  0
LINE
  5
7FA9
330
18
100
AcDbEntity
  8
втулка
  6
Continuous
370
    50
 62
     0
100
AcDbLine
 10
148.7416257290101
 20
342.8512696097836
 30
0
 11
148.7415249240085
 21
349.8519957694587
 31
0
  0
LINE
  5
7FAA
330
18
100
AcDbEntity
  8
втулка
  6
Continuous
370
    50
 62
     0
100
AcDbLine
 10
148.7417602390841
 20
355.8513158437054
 30
0
 11
148.7417602390841
 21
360.3512892307069
 31
0
  0
HATCH
  5
7FB0
330
18
100
AcDbEntity
  8
0
  6
Continuous
370
     5
100
AcDbHatch
 10
0
 20
0
 30
0
210
0
220
0
230
1
  2
ANSI31
 70
     0
 71
     1
 91
        2
 92
        7
 72
     0
 73
     1
 93
        5
 10
93.241723844023
 20
365.351289230707
 10
90.741723844023
 20
365.351289230707
 10
89.241723844023
 20
365.351289230707
 10
89.241723844023
 20
360.351289230707
 10
93.241723844023
 20
360.3508410773549
 97
        5
330
2FA6
330
2F9B
330
2FB0
330
2FA4
330
2FBB
 92
        7
 72
     0
 73
     1
 93
       12
 10
109.491723844023
 20
362.8512892307068
 10
113.7417238288674
 20
362.8512892307069
 10
113.7417238426022
 20
377.3512892307069
 10
109.2417238440231
 20
377.3512892307069
 10
109.2417238440231
 20
378.8512892307069
 10
109.2417238440231
 20
381.8512892307069
 10
107.7417238440231
 20
381.8512892307069
 10
107.7417238440231
 20
365.351289230707
 10
100.241723844023
 20
365.351289230707
 10
100.241723844023
 20
360.3500568089889
 10
101.7417238440231
 20
358.8512892307069
 10
109.491723844023
 20
358.8512892307069
 97
       12
330
2FD9
330
2FC8
330
2FFA
330
2FFD
330
2FF5
330
3001
330
2FCC
330
2F9B
330
2FC1
330
2FBC
330
2F9E
330
2FDC
 75
     0
 76
     1
 52
0
 41
0.5
 77
     0
 78
     1
 53
45
 43
0
 44
0
 45
-1.122532015133644
 46
1.122532015133644
 79
     0
 47
0.0936343142065703
 98
        2
 10
91.29827670541272
 20
363.0334980670456
 10
106.0120163041249
 20
362.3780579859899
  0
LEADER
  5
81F4
330
18
100
AcDbEntity
  8
корпус
  6
Continuous
370
    20
 62
     0
100
AcDbLeader
  3
WORK
 71
     0
 73
     3
 72
     0
 74
     1
 40
0
 41
0
 76
     3
 10
116.9923095155809
 20
397.5763662216817
 30
0
 10
79.08250595996756
 20
410.5670794915815
 30
0
 10
71.35654456710974
 20
410.5670794915815
 30
0
210
0
220
0
230
-1
211
-1
221
0
231
0
212
0
222
0
232
0
340
0
1001
ACAD
1000
DSTYLE
1002
{
1070
   341
1005
27E6
1070
   147
1040
2
1070
    77
1070
     0
1002
}
  0
LINE
  5
81F7
330
18
100
AcDbEntity
  8
0
  6
Continuous
370
     5
100
AcDbLine
 10
74.97044743380489
 20
342.2484244090284
 30
0
 11
74.97044743380489
 21
342.2484244090284
 31
0
  0
TEXT
  5
81F8
330
18
100
AcDbEntity
  8
корпус
  6
Continuous
370
    25
 62
     0
100
AcDbText
 10
73.2163875233
 20
373.0552416036732
 30
0
 40
3.5
  1
8
 51
15
  7
ADRF1
 11
0
 21
0
 31
0
100
AcDbText
  0
TEXT
  5
81F9
330
18
100
AcDbEntity
  8
корпус
  6
Continuous
370
    25
 62
     0
100
AcDbText
 10
73.34218950031367
 20
365.6894119252723
 30
0
 40
3.5
  1
7
 51
15
  7
ADRF1
 11
0
 21
0
 31
0
100
AcDbText
  0
TEXT
  5
81FA
330
18
100
AcDbEntity
  8
корпус
  6
Continuous
370
    25
 62
     0
100
AcDbText
 10
73.75315220626973
 20
357.3214448415188
 30
0
 40
3.5
  1
3
 51
15
  7
ADRF1
 11
0
 21
0
 31
0
100
AcDbText
  0
TEXT
  5
81FB
330
18
100
AcDbEntity
  8
корпус
  6
Continuous
370
    25
 62
     0
100
AcDbText
 10
71.20583641200459
 20
349.5383799216235
 30
0
 40
3.5
  1
10
 51
15
  7
ADRF1
 11
0
 21
0
 31
0
100
AcDbText
  0
TEXT
  5
81FC
330
18
100
AcDbEntity
  8
корпус
  6
Continuous
370
    25
 62
     0
100
AcDbText
 10
73.56766168064495
 20
343.5719158990494
 30
0
 40
3.5
  1
9
 51
15
  7
ADRF1
 11
0
 21
0
 31
0
100
AcDbText
  0
LEADER
  5
81FD
330
18
100
AcDbEntity
  8
корпус
  6
Continuous
370
    20
 62
     0
100
AcDbLeader
  3
WORK
 71
     0
 73
     3
 72
     0
 74
     1
 40
0
 41
-0.75
 76
     3
 10
92.45167954022077
 20
347.5879545669671
 30
0
 10
79.08216410940031
 20
342.2484244090284
 30
0
 10
71.45722331634163
 20
342.2484244090284
 30
0
210
0
220
0
230
-1
211
-1
221
0
231
0
212
0
222
0
232
0
340
0
1001
ACAD
1000
DSTYLE
1002
{
1070
   341
1005
27E6
1070
   147
1040
2
1070
    77
1070
     0
1002
}
  0
LEADER
  5
81FE
330
18
100
AcDbEntity
  8
корпус
  6
Continuous
370
    20
 62
     0
100
AcDbLeader
  3
WORK
 71
     0
 73
     3
 72
     0
 74
     1
 40
0
 41
0
 76
     3
 10
91.37360105049538
 20
350.3232907689174
 30
0
 10
79.08216410940031
 20
348.2611447429121
 30
0
 10
71.35620271654237
 20
348.2611447429121
 30
0
210
0
220
0
230
-1
211
-1
221
0
231
0
212
0
222
0
232
0
340
0
1001
ACAD
1000
DSTYLE
1002
{
1070
   341
1005
27E6
1070
   147
1040
2
1070
    77
1070
     0
1002
}
  0
LEADER
  5
81FF
330
18
100
AcDbEntity
  8
корпус
  6
Continuous
370
    20
 62
     0
100
AcDbLeader
  3
WORK
 71
     0
 73
     3
 72
     0
 74
     1
 40
0
 41
0
 76
     3
 10
91.24172384402297
 20
353.2809541489002
 30
0
 10
79.08216410940031
 20
355.6810865477024
 30
0
 10
71.35620271654237
 20
355.6810865477024
 30
0
210
0
220
0
230
-1
211
-1
221
0
231
0
212
0
222
0
232
0
340
0
1001
ACAD
1000
DSTYLE
1002
{
1070
   341
1005
27E6
1070
   147
1040
2
1070
    77
1070
     0
1002
}
  0
LEADER
  5
8200
330
18
100
AcDbEntity
  8
корпус
  6
Continuous
370
    20
 62
     0
100
AcDbLeader
  3
WORK
 71
     0
 73
     3
 72
     0
 74
     1
 40
0
 41
0
 76
     3
 10
103.96004100445
 20
358.101289230707
 30
0
 10
79.08216410940031
 20
364.3860844000826
 30
0
 10
71.35620271654238
 20
364.3860844000826
 30
0
210
0
220
0
230
-1
211
-1
221
0
231
0
212
0
222
0
232
0
340
0
1001
ACAD
1000
DSTYLE
1002
{
1070
   341
1005
27E6
1070
   147
1040
2
1070
    77
1070
     0
1002
}
  0
LEADER
  5
8201
330
18
100
AcDbEntity
  8
корпус
  6
Continuous
370
    20
 62
     0
100
AcDbLeader
  3
WORK
 71
     0
 73
     3
 72
     0
 74
     1
 40
0
 41
0
 76
     3
 10
92.45583592083767
 20
367.4222843084603
 30
0
 10
79.08250595996756
 20
372.0049800412557
 30
0
 10
71.35654456710974
 20
372.0049800412558
 30
0
210
0
220
0
230
-1
211
-1
221
0
231
0
212
0
222
0
232
0
340
0
1001
ACAD
1000
DSTYLE
1002
{
1070
   341
1005
27E6
1070
   147
1040
2
1070
    77
1070
     0
1002
}
  0
LINE
  5
821A
330
18
100
AcDbEntity
  8
0
  6
Continuous
370
     5
100
AcDbLine
 10
124.2417238440229
 20
305.6723577491526
 30
0
 11
124.2417238440229
 21
310.6723577491526
 31
0
  0
LINE
  5
821B
330
18
100
AcDbEntity
  8
0
  6
ОСЕВАЯ
 48
0.05
370
     5
100
AcDbLine
 10
122.8410364397097
 20
310.6723577491526
 30
0
 11
126.9814650815182
 21
310.6723577491526
 31
0
  0
ARC
  5
8220
330
18
100
AcDbEntity
  8
0
  6
Continuous
370
    50
100
AcDbCircle
 10
124.2602566404234
 20
310.731426353115
 30
0
 40
2.000000000000185
100
AcDbArc
 50
203.6224030476527
 51
230.2573705870314
  0
LINE
  5
827D
330
18
100
AcDbEntity
  8
0
  6
Continuous
370
    50
100
AcDbLine
 10
122.9815764562253
 20
308.734219106243
 30
0
 11
124.2417238440229
 21
308.734219106243
 31
0
  0
LINE
  5
827F
330
18
100
AcDbEntity
  8
титан
  6
Continuous
370
    50
 62
     0
100
AcDbLine
 10
124.0495634513515
 20
307.3787151451599
 30
0
 11
124.0495634513515
 21
306.5566191142218
 31
0
  0
LINE
  5
8283
330
18
100
AcDbEntity
  8
титан
  6
Continuous
370
    50
 62
     0
100
AcDbLine
 10
124.2417238440229
 20
306.5531378554145
 30
0
 11
124.0495634513515
 21
306.5531378554145
 31
0
  0
LINE
  5
8285
330
18
100
AcDbEntity
  8
титан
  6
Continuous
370
    50
 62
     0
100
AcDbLine
 10
124.2417238440229
 20
307.3787151451599
 30
0
 11
124.0495634513515
 21
307.3787151451599
 31
0
  0
LINE
  5
8286
330
18
100
AcDbEntity
  8
наконеч
  6
Continuous
370
    50
 62
     0
100
AcDbLine
 10
122.9815764562253
 20
308.734219106243
 30
0
 11
124.0495634513515
 21
307.3787151451599
 31
0
  0
ARC
  5
8288
330
18
100
AcDbEntity
  8
титан
  6
Continuous
370
    25
 62
     0
100
AcDbCircle
 10
124.2310381382293
 20
419.9086371549331
 30
0
 40
1.284215673304607
100
AcDbArc
 50
54.266632140597
 51
125.7333678593939
  0
ARC
  5
8289
330
18
100
AcDbEntity
  8
титан
  6
Continuous
370
    25
 62
     0
100
AcDbCircle
 10
124.2310381382292
 20
418.0291064668965
 30
0
 40
1.284215673304607
100
AcDbArc
 50
54.266632140597
 51
125.7333678593939
  0
ARC
  5
8298
330
18
100
AcDbEntity
  8
титан
  6
Continuous
370
    25
 62
     0
100
AcDbCircle
 10
123.1060381382293
 20
419.7984753746186
 30
0
 40
0.8179429041544216
100
AcDbArc
 50
261.2094754682751
 51
297.2882434186533
  0
ARC
  5
8299
330
18
100
AcDbEntity
  8
титан
  6
Continuous
370
    25
 62
     0
100
AcDbCircle
 10
123.1060381382294
 20
421.6780060626552
 30
0
 40
0.8179429041542781
100
AcDbArc
 50
261.2094754682686
 51
297.2882434186577
  0
ARC
  5
829D
330
18
100
AcDbEntity
  8
титан
  6
Continuous
370
    25
 62
     0
100
AcDbCircle
 10
125.3560381382295
 20
419.7984753746184
 30
0
 40
0.8179429041541378
100
AcDbArc
 50
242.7117565813336
 51
278.7905245317399
  0
ARC
  5
829E
330
18
100
AcDbEntity
  8
титан
  6
Continuous
370
    25
 62
     0
100
AcDbCircle
 10
125.3560381382296
 20
421.6780060626555
 30
0
 40
0.8179429041545432
100
AcDbArc
 50
242.7117565813423
 51
278.7905245317249
  0
TEXT
  5
82A1
330
18
100
AcDbEntity
  8
0
  6
Continuous
370
    20
100
AcDbText
 10
42.84068417323159
 20
436.2334854057755
 30
0
 40
2.5
  1
Резервный электролитический 
 51
15
  7
max
 11
0
 21
0
 31
0
100
AcDbText
  0
LINE
  5
82A2
330
18
100
AcDbEntity
  8
пробка
  6
Continuous
370
    50
 62
     0
100
AcDbLine
 10
122.9810381382295
 20
420.8696709870483
 30
0
 11
122.9810381382295
 21
449.3126246332569
 31
0
  0
LINE
  5
82A3
330
18
100
AcDbEntity
  8
0
  6
Continuous
370
    50
100
AcDbLine
 10
125.4810381382295
 20
420.8696709870484
 30
0
 11
125.4810381382295
 21
449.3126246332569
 31
0
  0
LINE
  5
82A4
330
18
100
AcDbEntity
  8
пробка
  6
Continuous
370
    50
 62
     0
100
AcDbLine
 10
122.9815764562254
 20
407.3279273313068
 30
0
 11
122.9815764562254
 21
418.9901402990116
 31
0
  0
LINE
  5
82A5
330
18
100
AcDbEntity
  8
0
  6
Continuous
370
    50
100
AcDbLine
 10
125.4815764562254
 20
407.3279273313068
 30
0
 11
125.4815764562254
 21
418.9901402990117
 31
0
  0
LINE
  5
82A6
330
18
100
AcDbEntity
  8
мостик
  6
Continuous
370
    50
 62
     0
100
AcDbLine
 10
124.9810381382294
 20
455.7660777216993
 30
0
 11
124.7275701155397
 21
457.6247528293909
 31
0
  0
LINE
  5
82A7
330
18
100
AcDbEntity
  8
0
  6
Continuous
370
    50
100
AcDbLine
 10
123.4810381382294
 20
455.7550798129233
 30
0
 11
124.9810381382294
 21
455.7550798129233
 31
0
  0
LINE
  5
82A8
330
18
100
AcDbEntity
  8
0
  6
Continuous
370
    50
100
AcDbLine
 10
125.4810381382295
 20
449.3126246332569
 30
0
 11
122.9810381382295
 21
449.3126246332569
 31
0
  0
LINE
  5
82A9
330
18
100
AcDbEntity
  8
титан
  6
Continuous
370
    50
 62
     0
100
AcDbLine
 10
123.4810381382294
 20
449.3126246332569
 30
0
 11
123.4810381382294
 21
455.7550798129233
 31
0
  0
LINE
  5
82AC
330
18
100
AcDbEntity
  8
пробка
  6
Continuous
370
    50
 62
     0
100
AcDbLine
 10
123.4810381382294
 20
449.3159948506441
 30
0
 11
123.4810381382294
 21
449.3126246332569
 31
0
  0
LINE
  5
82AD
330
18
100
AcDbEntity
  8
мостик
  6
Continuous
370
    50
 62
     0
100
AcDbLine
 10
123.7284726113342
 20
457.6247289731051
 30
0
 11
124.7275701155397
 21
457.6247528293909
 31
0
  0
LINE
  5
82AE
330
18
100
AcDbEntity
  8
мостик
  6
Continuous
370
    50
 62
     0
100
AcDbLine
 10
124.7275711665148
 20
457.5807381560946
 30
0
 11
124.7275711665148
 21
457.5807381560946
 31
0
  0
LINE
  5
82AF
330
18
100
AcDbEntity
  8
мостик
  6
Continuous
370
    50
 62
     0
100
AcDbLine
 10
123.4810381382294
 20
455.7550798129233
 30
0
 11
123.7284726113342
 21
457.6247289731051
 31
0
  0
LINE
  5
82B0
330
18
100
AcDbEntity
  8
титан
  6
Continuous
370
    50
 62
     0
100
AcDbLine
 10
124.9810381382294
 20
455.7660777216993
 30
0
 11
124.9810381382294
 21
449.3148714448483
 31
0
  0
LINE
  5
82B1
330
18
100
AcDbEntity
  8
пробка
  6
Continuous
370
    50
 62
     0
100
AcDbLine
 10
124.9810381382294
 20
449.3148714448483
 30
0
 11
124.9810381382294
 21
449.3159948506441
 31
0
  0
TEXT
  5
82B3
330
18
100
AcDbEntity
  8
0
  6
Continuous
370
    20
100
AcDbText
 10
131
 20
461
 30
0
 40
2.5
  1
Рабочий электрод
 51
15
  7
max
 11
131
 21
461
 31
0
100
AcDbText
  0
LEADER
  5
82B5
330
18
100
AcDbEntity
  8
0
  6
Continuous
370
    25
100
AcDbLeader
  3
WORK
 71
     0
 73
     3
 72
     0
 74
     1
 40
0
 41
-0.75
 76
     3
 10
119.5
 20
414
 30
0
 10
92
 20
434.5
 30
0
 10
84
 20
434.5
 30
0
210
0
220
0
230
-1
211
-1
221
0
231
0
212
0
222
0
232
0
340
0
1001
ACAD
1000
DSTYLE
1002
{
1070
   147
1040
2
1070
    77
1070
     0
1002
}
  0
LEADER
  5
82BB
330
18
100
AcDbEntity
  8
0
  6
Continuous
370
    25
100
AcDbLeader
  3
WORK
 71
     0
 73
     3
 72
     0
 74
     1
 40
0
 41
-0.75
 76
     3
 10
162.7607220565991
 20
459.3713318777912
 30
0
 10
167.6260941750415
 20
455.3483008477783
 30
0
 10
210.2694585850677
 20
455.3483008477783
 30
0
210
0
220
0
230
1
211
1
221
0
231
0
212
0
222
0
232
0
340
0
1001
ACAD
1000
DSTYLE
1002
{
1070
   147
1040
2
1070
    77
1070
     0
1002
}
  0
TEXT
  5
82BD
330
18
100
AcDbEntity
  8
0
  6
Continuous
370
    20
100
AcDbText
 10
61.04632851185687
 20
432.8921788956816
 30
0
 40
2.5
  1
мостик
 51
15
  7
max
 11
0
 21
0
 31
0
100
AcDbText
  0
LINE
  5
82C4
330
18
100
AcDbEntity
  8
0
  6
Continuous
370
    50
100
AcDbLine
 10
119.8790045169779
 20
359.8279273313067
 30
0
 11
119.8833779450827
 21
334.5903493152232
 31
0
  0
LINE
  5
82C6
330
18
100
AcDbEntity
  8
0
  6
Continuous
370
    50
100
AcDbLine
 10
122.4228928043009
 20
359.8279273313067
 30
0
 11
122.4228928043009
 21
333.6608359441641
 31
0
  0
LINE
  5
82C7
330
18
100
AcDbEntity
  8
0
  6
Continuous
370
    50
100
AcDbLine
 10
122.4233971717157
 20
329.9960593268787
 30
0
 11
122.4285920177785
 21
306.5567339483625
 31
0
  0
LINE
  5
82CD
330
18
100
AcDbEntity
  8
0
  6
Continuous
370
    50
100
AcDbLine
 10
123.3576400229013
 20
359.8279273313067
 30
0
 11
123.3576400229013
 21
333.4237891110844
 31
0
  0
ARC
  5
82CF
330
18
100
AcDbEntity
  8
0
  6
Continuous
370
    50
100
AcDbCircle
 10
124.2602566404232
 20
310.7314263531149
 30
0
 40
1.999999999999927
100
AcDbArc
 50
129.7426294129676
 51
156.402993822348
  0
ARC
  5
82D0
330
18
100
AcDbEntity
  8
0
  6
Continuous
370
    50
100
AcDbCircle
 10
124.2602566404233
 20
310.7314263531148
 30
0
 40
2
100
AcDbArc
 50
269.4690668934605
 51
90.0149354685383
  0
LINE
  5
82DE
330
18
100
AcDbEntity
  8
0
  6
Continuous
370
    50
100
AcDbLine
 10
123.4005045151144
 20
329.7573180031625
 30
0
 11
123.4044279093209
 21
317.734219106243
 31
0
  0
LINE
  5
82E0
330
18
100
AcDbEntity
  8
0
  6
Continuous
370
    50
100
AcDbLine
 10
122.9815764562254
 20
317.734219106243
 30
0
 11
122.9815764562254
 21
308.734219106243
 31
0
  0
LINE
  5
82EE
330
18
100
AcDbEntity
  8
0
  6
ОСЕВАЯ
 48
0.02
370
     5
100
AcDbLine
 10
116.0940809561964
 20
315.6784433891196
 30
0
 11
117.8613180793418
 21
315.6784433891196
 31
0
  0
LINE
  5
82EF
330
18
100
AcDbEntity
  8
0
  6
Continuous
370
    50
 62
     0
100
AcDbLine
 10
116.241723844023
 20
313.6784433891196
 30
0
 11
117.741723844023
 21
313.6784433891196
 31
0
  0
LINE
  5
82F0
102
{ACAD_REACTORS
330
8999
102
}
330
18
100
AcDbEntity
  8
0
  6
Continuous
370
    50
 62
     0
100
AcDbLine
 10
116.241723844023
 20
317.6784433891196
 30
0
 11
117.741723844023
 21
317.6784433891196
 31
0
  0
HATCH
  5
87AF
330
18
100
AcDbEntity
  8
0
  6
Continuous
370
     5
100
AcDbHatch
 10
0
 20
0
 30
0
210
0
220
0
230
1
  2
ANSI31
 70
     0
 71
     0
 91
        1
 92
        7
 72
     0
 73
     1
 93
        4
 10
117.7417238440229
 20
313.6723577491526
 10
116.2417238440229
 20
313.6723577491526
 10
116.2417238440229
 20
305.6723577491526
 10
117.7417238440229
 20
305.6723577491526
 97
        0
 75
     0
 76
     1
 52
90
 41
0.5
 77
     0
 78
     1
 53
135
 43
-8.53E-14
 44
18.77789743936523
 45
-1.122532015133644
 46
-1.122532015133644
 79
     0
 47
0.0535168521056001
 98
        1
 10
117.0528833647851
 20
310.1641744923535
  0
SPLINE
  5
87B0
102
{ACAD_REACTORS
330
8999
102
}
330
18
100
AcDbEntity
  8
0
  6
Continuous
370
    20
100
AcDbSpline
210
0
220
0
230
1
 70
     8
 71
     3
 72
     0
 73
     0
 74
     7
 42
1E-07
 43
1E-07
 44
1E-10
 12
0
 22
0
 32
0
 13
0
 23
0
 33
0
 11
109.991723844023
 21
333.3233167234471
 31
0
 11
113.6244953547375
 21
333.3233167234471
 31
0
 11
118.8341696183898
 21
334.8481700697235
 31
0
 11
123.712017005582
 21
333.3896147303704
 31
0
 11
129.7844390849785
 21
335.1133620974165
 31
0
 11
134.82819951366
 21
333.8868495790552
 31
0
 11
138.491723844023
 21
334.682425255655
 31
0
  0
ARC
  5
880B
330
18
100
AcDbEntity
  8
0
  6
Continuous
370
    50
100
AcDbCircle
 10
134.3815083776043
 20
315.6784433891196
 30
0
 40
2.934081559886391
100
AcDbArc
 50
137.3581395611052
 51
223.1734317542181
  0
LINE
  5
880D
330
18
100
AcDbEntity
  8
0
  6
Continuous
370
    50
 62
     0
100
AcDbLine
 10
132.2417238440228
 20
313.6709183581647
 30
0
 11
132.2417238440228
 21
307.6796407633493
 31
0
  0
LINE
  5
880E
102
{ACAD_REACTORS
330
8856
102
}
330
18
100
AcDbEntity
  8
0
  6
Continuous
370
    50
 62
     0
100
AcDbLine
 10
132.2417238440227
 20
320.6784433891196
 30
0
 11
132.2417238440227
 21
305.6723577491527
 31
0
  0
LINE
  5
8812
102
{ACAD_REACTORS
330
8999
102
}
330
18
100
AcDbEntity
  8
0
  6
Continuous
370
    50
 62
     0
100
AcDbLine
 10
116.2417238440229
 20
330.6055837949019
 30
0
 11
116.2417238440229
 21
305.6723577491526
 31
0
  0
LINE
  5
883D
330
18
100
AcDbEntity
  8
0
  6
Continuous
370
    50
100
AcDbLine
 10
119.887062295601
 20
330.9807455248668
 30
0
 11
119.8910012225122
 21
306.5562942084281
 31
0
  0
LINE
  5
883E
330
18
100
AcDbEntity
  8
0
  6
Continuous
370
    50
100
AcDbLine
 10
122.9815764562253
 20
317.734219106243
 30
0
 11
124.2417238440229
 21
317.734219106243
 31
0
  0
DIMENSION
  5
883F
102
{ACAD_REACTORS
330
8856
102
}
102
{ACAD_XDICTIONARY
360
884C
102
}
330
18
100
AcDbEntity
  8
0
  6
Continuous
370
    20
100
AcDbDimension
280
     0
  2
*D15
 10
212.0809075036325
 20
305.6723577491527
 30
0
 11
212.0809075036325
 21
385.4946104870679
 31
0
 70
   160
  1
L max
 71
     5
 42
158.1227162655697
 73
     0
 74
     0
 75
     0
  3
max
100
AcDbAlignedDimension
 13
165.3885799252971
 23
463.7950740147224
 33
0
 14
132.2417238440227
 24
305.6723577491527
 34
0
 52
0
 50
90
100
AcDbRotatedDimension
  0
LEADER
  5
88D4
330
18
100
AcDbEntity
  8
0
  6
Continuous
370
    25
100
AcDbLeader
  3
WORK
 71
     0
 73
     3
 72
     0
 74
     1
 40
0
 41
-0.75
 76
     3
 10
124.7
 20
456.8
 30
0
 10
130
 20
459.5
 30
0
 10
155
 20
459.5
 30
0
210
0
220
0
230
-1
211
-1
221
0
231
0
212
0
222
0
232
0
340
0
1001
ACAD
1000
DSTYLE
1002
{
1070
   147
1040
2
1070
    77
1070
     0
1002
}
  0
LINE
  5
8934
330
18
100
AcDbEntity
  8
0
  6
Continuous
370
    50
100
AcDbLine
 10
42.33230247127096
 20
287.5635548915039
 30
0
 11
216.5070983613411
 21
287.5635548915039
 31
0
  0
LINE
  5
8935
330
18
100
AcDbEntity
  8
0
  6
Continuous
370
    50
100
AcDbLine
 10
42.33230247127096
 20
280.1
 30
0
 11
216.507098361341
 21
280.1
 31
0
  0
LINE
  5
8936
330
18
100
AcDbEntity
  8
0
  6
Continuous
370
    50
100
AcDbLine
 10
42.33230247127091
 20
272.6
 30
0
 11
216.507098361341
 21
272.6
 31
0
  0
LINE
  5
8937
330
18
100
AcDbEntity
  8
0
  6
Continuous
370
    50
100
AcDbLine
 10
42.33230247127091
 20
257.5635548915034
 30
0
 11
216.507098361341
 21
257.5635548915031
 31
0
  0
TEXT
  5
8938
330
18
100
AcDbEntity
  8
0
  6
Continuous
370
    25
100
AcDbText
 10
102.8576699181102
 20
284.2
 30
0
 40
2.5
  1
Кол-во,
 51
15.0000000019586
  7
max
 11
0
 21
0
 31
0
100
AcDbText
  0
TEXT
  5
8939
330
18
100
AcDbEntity
  8
0
  6
Continuous
370
    20
100
AcDbText
 10
42.15274550117269
 20
267.4
 30
0
 40
3
  1
421457.000-01
 51
15
  7
ADRF1
 11
0
 21
0
 31
0
100
AcDbText
  0
TEXT
  5
893A
330
18
100
AcDbEntity
  8
0
  6
Continuous
370
    20
100
AcDbText
 10
47.6486078117056
 20
274.9
 30
0
 40
3
  1
421457.000
 51
15
  7
ADRF1
 11
0
 21
0
 31
0
100
AcDbText
  0
TEXT
  5
893B
330
18
100
AcDbEntity
  8
0
  6
Continuous
370
    25
100
AcDbText
 10
47.68982329832045
 20
282.6
 30
0
 40
2.5
  1
Обозначение
 51
15.0000000019586
  7
max
 11
0
 21
0
 31
0
100
AcDbText
  0
LINE
  5
893C
330
18
100
AcDbEntity
  8
0
  6
Continuous
370
    50
100
AcDbLine
 10
42.33230247127096
 20
287.5635548915039
 30
0
 11
42.33230247127091
 21
257.5635548915034
 31
0
  0
TEXT
  5
893D
330
18
100
AcDbEntity
  8
0
  6
Continuous
370
    25
100
AcDbText
 10
84.32663562872892
 20
282.6
 30
0
 40
2.5
  1
L,мм
 51
15.0000000019586
  7
max
 11
0
 21
0
 31
0
100
AcDbText
  0
TEXT
  5
893E
330
18
100
AcDbEntity
  8
0
  6
Continuous
370
    20
100
AcDbText
 10
84.25110848970618
 20
274.9
 30
0
 40
3
  1
500
 51
15
  7
ADRF1
 11
0
 21
0
 31
0
100
AcDbText
  0
LINE
  5
893F
330
18
100
AcDbEntity
  8
0
  6
Continuous
370
    50
100
AcDbLine
 10
78.94562311477955
 20
287.5635548915039
 30
0
 11
78.94562311477949
 21
257.5635548915033
 31
0
  0
LINE
  5
8940
330
18
100
AcDbEntity
  8
0
  6
Continuous
370
    50
100
AcDbLine
 10
99.89019588208578
 20
287.5635548915039
 30
0
 11
99.89019588208572
 21
257.5635548915033
 31
0
  0
TEXT
  5
8941
330
18
100
AcDbEntity
  8
0
  6
Continuous
370
    25
100
AcDbText
 10
106.6726181560033
 20
281
 30
0
 40
2.5
  1
шт
 51
15.0000000019586
  7
max
 11
0
 21
0
 31
0
100
AcDbText
  0
TEXT
  5
8942
330
18
100
AcDbEntity
  8
0
  6
Continuous
370
    20
100
AcDbText
 10
124.8996482047982
 20
276.7
 30
0
 40
2.5
  1
Устанавливается на трубопроводе
 51
15
  7
ADRF1
 11
0
 21
0
 31
0
100
AcDbText
  0
TEXT
  5
8943
330
18
100
AcDbEntity
  8
0
  6
Continuous
370
    20
100
AcDbText
 10
124.6369355086026
 20
273.5
 30
0
 40
2.5
  1
выхода раствора из аппарата
 51
15
  7
ADRF1
 11
0
 21
0
 31
0
100
AcDbText
  0
TEXT
  5
8944
330
18
100
AcDbEntity
  8
0
  6
Continuous
370
    20
100
AcDbText
 10
124.8996482047982
 20
269.2
 30
0
 40
2.5
  1
Устанавливается в реакционную зону
 51
15
  7
ADRF1
 11
0
 21
0
 31
0
100
AcDbText
  0
TEXT
  5
8945
330
18
100
AcDbEntity
  8
0
  6
Continuous
370
    25
100
AcDbText
 10
142.1245390929042
 20
282.6
 30
0
 40
2.5
  1
Примечание
 51
15.0000000019586
  7
max
 11
0
 21
0
 31
0
100
AcDbText
  0
LINE
  5
8946
330
18
100
AcDbEntity
  8
0
  6
Continuous
370
    50
100
AcDbLine
 10
120.834768649392
 20
287.5635548915039
 30
0
 11
120.8347686493919
 21
257.5635548915033
 31
0
  0
TEXT
  5
8947
330
18
100
AcDbEntity
  8
0
  6
Continuous
370
    20
100
AcDbText
 10
124.6369355086026
 20
266
 30
0
 40
2.5
  1
аппарата ИТН
 51
15
  7
ADRF1
 11
0
 21
0
 31
0
100
AcDbText
  0
LINE
  5
8948
330
18
100
AcDbEntity
  8
0
  6
Continuous
370
    50
100
AcDbLine
 10
216.507098361341
 20
257.5635548915031
 30
0
 11
216.507098361341
 21
287.5635548915039
 31
0
  0
HATCH
  5
8999
330
18
100
AcDbEntity
  8
0
  6
Continuous
370
     5
100
AcDbHatch
 10
0
 20
0
 30
0
210
0
220
0
230
1
  2
ANSI31
 70
     0
 71
     1
 91
        4
 92
        5
 93
       11
 72
     1
 10
111.741723844023
 20
353.5237411357443
 11
109.491723844023
 21
353.526573633811
 72
     1
 10
109.491723844023
 20
353.526573633811
 11
109.491723844023
 21
357.3512892307069
 72
     1
 10
109.491723844023
 20
357.3512892307069
 11
101.7417238440231
 21
357.351289230707
 72
     1
 10
101.7417238440231
 20
357.351289230707
 11
100.241723844023
 21
355.851289230707
 72
     1
 10
100.241723844023
 20
355.851289230707
 11
100.241723844023
 21
350.851289230707
 72
     1
 10
100.241723844023
 20
350.851289230707
 11
103.7417238440229
 21
350.851289230707
 72
     1
 10
103.7417238440229
 20
350.851289230707
 11
109.491723844023
 21
350.851289230707
 72
     1
 10
109.491723844023
 20
350.851289230707
 11
109.991723844023
 21
350.851289230707
 72
     1
 10
109.991723844023
 20
350.851289230707
 11
109.991723844023
 21
333.3233167234472
 72
     4
 94
        3
 73
     0
 74
     0
 95
        8
 96
        4
 40
0
 40
0
 40
0
 40
0
 40
1.738375666552246
 40
1.738375666552246
 40
1.738375666552246
 40
1.738375666552246
 10
109.991723844023
 20
333.3233167234471
 10
110.5762079679087
 20
333.2617846078148
 10
111.1606920917943
 20
333.2002524921825
 10
111.7417238440227
 20
333.1809905669955
 97
        0
 72
     0
  0
TEXT
  5
899A
330
18
100
AcDbEntity
  8
0
  6
Continuous
370
    25
100
AcDbText
 10
42.75458704664175
 20
247.8522866796619
 30
0
 40
3
  1
2.Поз.4 размер под ключ S=36, поз.1 размер под ключ S=46.
 51
15.0000000019586
  7
GOST
 11
0
 21
0
 31
0
100
AcDbText
  0
TEXT
  5
89CA
330
18
100
AcDbEntity
  8
0
  6
Continuous
370
    20
100
AcDbText
 10
84.25110848970616
 20
267.4
 30
0
 40
3
  1
850
 51
15
  7
ADRF1
 11
0
 21
0
 31
0
100
AcDbText
  0
TEXT
  5
89CB
330
18
100
AcDbEntity
  8
0
  6
Continuous
370
    20
100
AcDbText
 10
107.7653218990606
 20
274.9
 30
0
 40
3
  1
10
 51
15
  7
ADRF1
 11
0
 21
0
 31
0
100
AcDbText
  0
TEXT
  5
89CC
330
18
100
AcDbEntity
  8
0
  6
Continuous
370
    20
100
AcDbText
 10
108.6218679125456
 20
267.4
 30
0
 40
3
  1
4
 51
15
  7
ADRF1
 11
0
 21
0
 31
0
100
AcDbText
  0
ARC
  5
8A53
330
18
100
AcDbEntity
  8
0
  6
Continuous
370
    50
100
AcDbCircle
 10
-87.1810075912154
 20
405.111559022813
 30
0
 40
32.80169448555159
210
0
220
0
230
-1
100
AcDbArc
 50
156.6810919762186
 51
176.1256459661095
  0
ARC
  5
8A54
330
18
100
AcDbEntity
  8
0
  6
Continuous
370
    50
100
AcDbCircle
 10
-74.93999666034699
 20
402.821465762269
 30
0
 40
47.68117708677163
210
0
220
0
230
-1
100
AcDbArc
 50
159.8056769585891
 51
174.5767449834501
  0
ARC
  5
8A55
330
18
100
AcDbEntity
  8
0
  6
Continuous
370
    50
100
AcDbCircle
 10
-87.2732384550857
 20
404.253030599493
 30
0
 40
35.59691565439235
210
0
220
0
230
-1
100
AcDbArc
 50
135.9029543147124
 51
152.5768416982876
  0
ARC
  5
8A56
330
18
100
AcDbEntity
  8
0
  6
Continuous
370
    50
100
AcDbCircle
 10
-84.20373334941979
 20
402.7908565324104
 30
0
 40
36.33672647882668
210
0
220
0
230
-1
100
AcDbArc
 50
137.3271376113402
 51
152.2151396174398
  0
ARC
  5
8A57
330
18
100
AcDbEntity
  8
мостик
  6
Continuous
370
    20
 62
     0
100
AcDbCircle
 10
-117.8448746202079
 20
418.6844629065839
 30
0
 40
0.799683562216562
210
0
220
0
230
-1
100
AcDbArc
 50
175.3803662762041
 51
-46.88421630554187
  0
ARC
  5
8A58
330
18
100
AcDbEntity
  8
мостик
  6
Continuous
370
    20
 62
     0
100
AcDbCircle
 10
-119.2313255730227
 20
418.886494912605
 30
0
 40
0.6052207168703142
210
0
220
0
230
-1
100
AcDbArc
 50
-13.14384385622361
 51
149.8864464787804
  0
ARC
  5
8A59
330
18
100
AcDbEntity
  8
мостик
  6
Continuous
370
    20
 62
     0
100
AcDbCircle
 10
-118.3433022090612
 20
420.3495496006705
 30
0
 40
0.6052207168703142
210
0
220
0
230
-1
100
AcDbArc
 50
-8.313623833530212
 51
154.7166665014719
  0
ARC
  5
8A5A
330
18
100
AcDbEntity
  8
мостик
  6
Continuous
370
    20
 62
     0
100
AcDbCircle
 10
-116.9447633319842
 20
420.2649790069519
 30
0
 40
0.799683562216562
210
0
220
0
230
-1
100
AcDbArc
 50
-179.7894137010986
 51
-42.0539962828468
  0
LINE
  5
8A5B
330
18
100
AcDbEntity
  8
мостик
  6
Continuous
370
    50
 62
     0
100
AcDbLine
 10
112.8375969964992
 20
429.0240615928121
 30
0
 11
110.9197924847565
 21
427.4203079163582
 31
0
  0
LINE
  5
8A5C
330
18
100
AcDbEntity
  8
0
  6
Continuous
370
    50
100
AcDbLine
 10
109.9913410583546
 20
424.6816933675339
 30
0
 11
113.7521415149805
 21
431.7425984033945
 31
0
  0
LINE
  5
8A5D
330
18
100
AcDbEntity
  8
0
  6
Continuous
370
    50
100
AcDbLine
 10
109.9913410583546
 20
424.6816933675339
 30
0
 11
108.6386278717939
 21
424.2691802951294
 31
0
  0
LINE
  5
8A5E
330
18
100
AcDbEntity
  8
0
  6
Continuous
370
    50
100
AcDbLine
 10
113.7521415149805
 20
431.7425984033945
 30
0
 11
113.3396284425761
 21
433.0953115899551
 31
0
  0
LINE
  5
8A5F
330
18
100
AcDbEntity
  8
0
  6
Continuous
370
    50
100
AcDbLine
 10
108.6386278717939
 20
424.2691802951294
 30
0
 11
96.2820440590375
 21
430.8505810942245
 31
0
  0
LINE
  5
8A60
330
18
100
AcDbEntity
  8
0
  6
Continuous
370
    50
100
AcDbLine
 10
113.3396284425761
 20
433.0953115899551
 30
0
 11
100.9830446298198
 21
439.6767123890503
 31
0
  0
LINE
  5
8A61
330
18
100
AcDbEntity
  8
0
  6
Continuous
370
    50
100
AcDbLine
 10
96.2820440590375
 20
430.8505810942245
 30
0
 11
100.9830446298198
 21
439.6767123890503
 31
0
  0
LINE
  5
8A62
330
18
100
AcDbEntity
  8
0
  6
Continuous
370
    50
100
AcDbLine
 10
96.2820440590375
 20
430.8505810942245
 30
0
 11
80.8363142930923
 21
439.0773320930937
 31
0
  0
LINE
  5
8A63
330
18
100
AcDbEntity
  8
0
  6
Continuous
370
    50
100
AcDbLine
 10
100.9830446298198
 20
439.6767123890503
 30
0
 11
85.53731486387449
 21
447.9034633879196
 31
0
  0
LINE
  5
8A64
330
18
100
AcDbEntity
  8
0
  6
Continuous
370
    50
100
AcDbLine
 10
85.53731486387449
 20
447.9034633879196
 30
0
 11
80.8363142930923
 21
439.0773320930937
 31
0
  0
LINE
  5
8A65
330
18
100
AcDbEntity
  8
0
  6
Continuous
370
    50
100
AcDbLine
 10
82.59918950713563
 20
442.3871313286534
 30
0
 11
78.1861238597229
 21
444.7376316140444
 31
0
  0
LINE
  5
8A66
330
18
100
AcDbEntity
  8
0
  6
Continuous
370
    50
100
AcDbLine
 10
83.77443964983127
 20
444.5936641523599
 30
0
 11
79.3613740024183
 21
446.9441644377509
 31
0
  0
LINE
  5
8A67
330
18
100
AcDbEntity
  8
0
  6
Continuous
370
    50
100
AcDbLine
 10
78.1861238597229
 20
444.7376316140444
 30
0
 11
79.3613740024183
 21
446.9441644377509
 31
0
  0
LINE
  5
8A68
330
18
100
AcDbEntity
  8
титан
  6
Continuous
370
    50
 62
     0
100
AcDbLine
 10
78.422592074264
 20
445.1816008238262
 30
0
 11
72.73639654658729
 21
448.2101993715116
 31
0
  0
LINE
  5
8A69
330
18
100
AcDbEntity
  8
титан
  6
Continuous
370
    50
 62
     0
100
AcDbLine
 10
73.43183973352217
 20
449.5392891832787
 30
0
 11
79.12575909447111
 21
446.5065767443075
 31
0
  0
LINE
  5
8A6A
330
18
100
AcDbEntity
  8
0
  6
Continuous
370
    50
100
AcDbLine
 10
72.73639654658729
 20
448.2101993715116
 30
0
 11
73.44154663220456
 21
449.5341190657355
 31
0
  0
LINE
  5
8A6B
330
18
100
AcDbEntity
  8
мостик
  6
Continuous
370
    50
 62
     0
100
AcDbLine
 10
72.73639654658729
 20
448.2101993715116
 30
0
 11
71.20253861021433
 21
449.3075104630781
 31
0
  0
LINE
  5
8A6C
330
18
100
AcDbEntity
  8
мостик
  6
Continuous
370
    50
 62
     0
100
AcDbLine
 10
73.43183973352217
 20
449.5392891832787
 30
0
 11
71.67219334809704
 21
450.1893382527645
 31
0
  0
LINE
  5
8A6D
330
18
100
AcDbEntity
  8
мостик
  6
Continuous
370
    50
 62
     0
100
AcDbLine
 10
71.20253861021433
 20
449.3075104630781
 30
0
 11
71.67219334809704
 21
450.1893382527645
 31
0
  0
TEXT
  5
8A6E
330
18
100
AcDbEntity
  8
0
100
AcDbText
 10
44
 20
444.3
 30
0
 40
2.5
  1
Электрод сравнения
  7
Standard
 11
44
 21
444.3
 31
0
100
AcDbText
  0
LEADER
  5
8A6F
330
18
100
AcDbEntity
  8
0
100
AcDbLeader
  3
Standard
 71
     0
 73
     3
 72
     0
 74
     1
 40
0
 41
0
 76
     3
 10
75.53215658924711
 20
446.707024764963
 30
0
 10
71.03215658924711
 20
442.7
 30
0
 10
44
 20
442.7
 30
0
210
0
220
0
230
1
211
1
221
0
231
0
212
0
222
0
232
0
340
0
  0
LINE
  5
8A70
330
18
100
AcDbEntity
  8
0
  6
Continuous
370
    50
100
AcDbLine
 10
42.3
 20
265.1
 30
0
 11
216.5
 21
265.1
 31
0
  0
TEXT
  5
8A71
330
18
100
AcDbEntity
  8
0
100
AcDbText
 10
42.2
 20
259.85
 30
0
 40
3
  1
421457.000-02
  7
ADRF1
 11
42.2
 21
259.85
 31
0
100
AcDbText
  0
TEXT
  5
8A72
330
18
100
AcDbEntity
  8
0
100
AcDbText
 10
84.3
 20
259.85
 30
0
 40
3
  1
850
  7
ADRF1
 11
84.3
 21
259.85
 31
0
100
AcDbText
  0
TEXT
  5
8A73
330
18
100
AcDbEntity
  8
0
100
AcDbText
 10
108.6
 20
259.85
 30
0
 40
3
  1
4
  7
ADRF1
 11
108.6
 21
259.85
 31
0
100
AcDbText
  0
TEXT
  5
8A74
330
18
100
AcDbEntity
  8
0
100
AcDbText
 10
124.9
 20
261.7
 30
0
 40
2.5
  1
Устанавливается в реакционную зону
  7
ADRF1
 11
124.9
 21
261.7
 31
0
100
AcDbText
  0
TEXT
  5
8A75
330
18
100
AcDbEntity
  8
0
100
AcDbText
 10
124.6
 20
258.5
 30
0
 40
2.5
  1
аппарата ИТН. Два электрода сравнения
  7
ADRF1
 11
124.6
 21
258.5
 31
0
100
AcDbText
  0
VIEWPORT
  5
B9
330
15
100
AcDbEntity
 67
     1
  8
0
100
AcDbViewport
 10
106.8291412668163
 20
141.8428077938711
 30
0
 40
678.6102962744767
 41
301.0418810172844
 68
     1
 69
     1
 12
106.8291412668163
 22
141.8428077938711
 13
0
 23
0
 14
5
 24
5
 15
0
 25
0
 16
0
 26
0
 36
1
 17
0
 27
0
 37
0
 42
50
 43
0
 44
0
 45
301.0418810172844
 50
0
 51
0
 72
     0
 90
    32800
  1

281
     0
 71
     1
 74
     0
110
0
120
0
130
0
111
1
121
0
131
0
112
0
122
1
132
0
 79
     0
146
0
170
     0
 61
     5
348
8A15
292
     1
282
     1
141
0
142
0
 63
     0
340
0
345
0
346
0
332
0
333
0
361
0
  0
VIEWPORT
  5
BC
330
15
100
AcDbEntity
 67
     1
  8
0
100
AcDbViewport
 10
114.3715773927758
 20
169.3709852344962
 30
0
 40
185.1633576655522
 41
221.9526673573583
 68
     1
 69
     1
 12
129.5309289528288
 22
354.9045977985294
 13
0
 23
0
 14
5
 24
5
 15
0
 25
0
 16
0
 26
0
 36
1
 17
0
 27
0
 37
0
 42
50
 43
0
 44
0
 45
221.9526715919489
 50
0
 51
0
 72
   100
 90
    32800
  1

281
     0
 71
     1
 74
     0
110
0
120
0
130
0
111
1
121
0
131
0
112
0
122
1
132
0
 79
     0
146
0
170
     0
 61
     5
348
8A15
292
     1
282
     1
141
0
142
0
 63
     0
340
0
345
0
346
0
332
0
333
0
361
0
  0
TEXT
  5
A65
330
15
100
AcDbEntity
 67
     1
  8
0
  6
Continuous
370
    20
100
AcDbText
 10
39.87670563933648
 20
30.18241543621655
 30
0
 40
2
  1
Сморода М.В.
 51
15
  7
ADRF1
 11
0
 21
0
 31
0
100
AcDbText
  0
INSERT
  5
1FAC
330
15
100
AcDbEntity
 67
     1
  8
0
  6
Continuous
370
     5
100
AcDbBlockReference
  2
РАМКА
 10
206.9532562255519
 20
58.39465155581708
 30
0
  0
TEXT
  5
8836
330
15
100
AcDbEntity
 67
     1
  8
0
  6
Continuous
370
    25
100
AcDbText
 10
112.3489512364936
 20
48.57000658303202
 30
0
 40
5
  1
421457.000-02СБ
 51
15.0000000019586
  7
GOST
 11
0
 21
0
 31
0
100
AcDbText
  0
TEXT
  5
8837
330
15
100
AcDbEntity
 67
     1
  8
0
  6
Continuous
370
    25
100
AcDbText
 10
99.55013112221815
 20
33.90906445625073
 30
0
 40
3
  1
Узел ввода датчика
 51
15.0000000019586
  7
GOST
 11
0
 21
0
 31
0
100
AcDbText
  0
TEXT
  5
8838
330
15
100
AcDbEntity
 67
     1
  8
0
  6
Continuous
370
    25
100
AcDbText
 10
105.4774285027934
 20
28.95580356301438
 30
0
 40
3
  1
концентрации
 51
15.0000000019586
  7
GOST
 11
0
 21
0
 31
0
100
AcDbText
  0
TEXT
  5
8839
330
15
100
AcDbEntity
 67
     1
  8
0
  6
Continuous
370
    25
100
AcDbText
 10
100.2539218836601
 20
24.33333504341014
 30
0
 40
3
  1
Сборочный чертеж
 51
15.0000000019586
  7
GOST
 11
0
 21
0
 31
0
100
AcDbText
  0
TEXT
  5
883A
330
15
100
AcDbEntity
 67
     1
  8
0
  6
Continuous
370
    25
100
AcDbText
 10
191.4998025040709
 20
28.79570598774777
 30
0
 40
5
  1
1:2
 51
15.0000000019586
  7
GOST
 11
0
 21
0
 31
0
100
AcDbText
  0
TEXT
  5
883C
330
15
100
AcDbEntity
 67
     1
  8
0
  6
Continuous
370
    25
100
AcDbText
 10
84.03329537923032
 20
275.8571488810989
 30
0
 40
5
  1
421457.000-02СБ
 50
180
 51
15.0000000019586
  7
GOST
 11
0
 21
0
 31
0
100
AcDbText
  0
TEXT
  5
890C
330
15
100
AcDbEntity
 67
     1
  8
0
  6
Continuous
370
    20
100
AcDbText
 10
198.9161941685483
 20
19.93576265592608
 30
0
 40
2
  1
1
 51
15
  7
ADRF1
 11
0
 21
0
 31
0
100
AcDbText
  0
TEXT
  5
89A5
330
15
100
AcDbEntity
 67
     1
  8
0
  6
Continuous
370
    20
100
AcDbText
 10
39.87670563933648
 20
4.771383231189539
 30
0
 40
1.9
  1
Довгалов Л.Ю.
 51
15
  7
ADRF1
 11
0
 21
0
 31
0
100
AcDbText
  0
TEXT
  5
89BF
330
15
100
AcDbEntity
 67
     1
  8
0
  6
Continuous
370
    25
100
AcDbText
 10
159.7562270174295
 20
8.233501841814082
 30
0
 40
2.5
  1
г.Северодонецк, 2012г
 51
15.0000000019586
  7
max
 11
0
 21
0
 31
0
100
AcDbText
  0
TEXT
  5
89C0
330
15
100
AcDbEntity
 67
     1
  8
0
  6
Continuous
370
    25
100
AcDbText
 10
169.9008307467596
 20
12.41677579828377
 30
0
 40
2.5
  1
ООО НТП "Экор"
 51
15.0000000019586
  7
GOST
 11
0
 21
0
 31
0
100
AcDbText
  0
ENDSEC
  0
SECTION
  2
OBJECTS
  0
DICTIONARY
  5
C
330
0
100
AcDbDictionary
281
     1
  3
ACAD_COLOR
350
8957
  3
ACAD_DETAILVIEWSTYLE
350
8A42
  3
ACAD_GROUP
350
D
  3
ACAD_LAYOUT
350
D9
  3
ACAD_MATERIAL
350
8956
  3
ACAD_MLEADERSTYLE
350
8A40
  3
ACAD_MLINESTYLE
350
1B
  3
ACAD_PLOTSETTINGS
350
DA
  3
ACAD_PLOTSTYLENAME
350
D7
  3
ACAD_SCALELIST
350
8A29
  3
ACAD_SECTIONVIEWSTYLE
350
8A44
  3
ACAD_TABLESTYLE
350
8A3E
  3
ACAD_VISUALSTYLE
350
8A10
  3

350
0
  3
ACDBVARIABLEDICTIONARY
350
CE
  3
ASE_INDEX_DICTIONARY
350
679
  3
EZDXF_META
350
8A78
  0
DICTIONARY
  5
D
102
{ACAD_REACTORS
330
C
102
}
330
C
100
AcDbDictionary
281
     1
  0
DICTIONARY
  5
1B
102
{ACAD_REACTORS
330
C
102
}
330
C
100
AcDbDictionary
281
     1
  3
STANDARD
350
1C
  0
MLINESTYLE
  5
1C
102
{ACAD_REACTORS
330
1B
102
}
330
1B
100
AcDbMlineStyle
  2
STANDARD
 70
     0
  3

 62
     0
 51
90
 52
90
 71
     2
 49
0.5
 62
     0
  6
ByLayer
 49
-0.5
 62
     0
  6
ByLayer
  0
DICTIONARY
  5
CE
102
{ACAD_REACTORS
330
C
102
}
330
C
100
AcDbDictionary
281
     1
  3
CANNOSCALE
350
8A46
  3
CMLEADERSTYLE
350
8A4B
  3
CTABLESTYLE
350
8A4A
  3
CVIEWDETAILSTYLE
350
8A4E
  3
CVIEWSECTIONSTYLE
350
8A4F
  3
DIMASSOC
350
922
  3
INDEXCTL
350
CF
  3
MSLTSCALE
350
8A4C
  3
SORTENTS
350
24C
  3
XCLIPFRAME
350
8A4D
  0
DICTIONARYVAR
  5
CF
102
{ACAD_REACTORS
330
CE
102
}
330
CE
100
DictionaryVariables
280
     0
  1
1
  0
DICTIONARY
  5
D0
330
18
100
AcDbDictionary
280
     1
281
     1
  3
ACAD_INDEX
360
89FC
  0
ACDBDICTIONARYWDFLT
  5
D7
102
{ACAD_REACTORS
330
C
102
}
330
C
100
AcDbDictionary
281
     1
  3
Normal
350
D8
100
AcDbDictionaryWithDefault
340
D8
  0
ACDBPLACEHOLDER
  5
D8
102
{ACAD_REACTORS
330
D7
102
}
330
D7
  0
DICTIONARY
  5
D9
102
{ACAD_REACTORS
330
C
102
}
330
C
100
AcDbDictionary
281
     1
  3
Layout1
350
DC
  3
Model
350
DB
  0
DICTIONARY
  5
DA
102
{ACAD_REACTORS
330
C
102
}
330
C
100
AcDbDictionary
281
     1
  0
LAYOUT
  5
DB
102
{ACAD_REACTORS
330
D9
102
}
330
D9
100
AcDbPlotSettings
  1

  2
none_device
  4
Letter_(8.50_x_11.00_Inches)
  6

 40
6.349999904632568
 41
6.349999904632568
 42
6.350006103515625
 43
6.350006103515625
 44
215.8999938964844
 45
279.3999938964844
 46
0
 47
0
 48
0
 49
0
140
0
141
0
142
1
143
1
 70
 11952
 72
     1
 73
     1
 74
     0
  7
Default R14 pen assignments.ctb
 75
     0
147
1
148
45.68935127046979
149
-165.9539132931191
 76
     0
 77
     2
 78
   300
333
0
100
AcDbLayout
  1
Model
 70
     1
 71
     0
 10
0
 20
0
 11
12
 21
9
 12
0
 22
0
 32
0
 14
0
 24
0
 34
0
 15
0
 25
0
 35
0
146
0
 13
0
 23
0
 33
0
 16
1
 26
0
 36
0
 17
0
 27
1
 37
0
 76
     0
330
18
  0
LAYOUT
  5
DC
102
{ACAD_REACTORS
330
D9
102
}
330
D9
100
AcDbPlotSettings
  1

  2
\\АНДРЕЙ-ПК\Samsung CLP-350 Series PCL6
  4
A4
  6

 40
5.19641637802124
 41
5.154063701629639
 42
5.11175537109375
 43
5.069427490234375
 44
209.9733276367188
 45
296.9683227539062
 46
0
 47
5.26
 48
6.789898559999699
 49
3.428199491054451
140
206.9532562255519
141
280.3473189131754
142
1
143
1.002495186382089
 70
   692
 72
     1
 73
     0
 74
     4
  7
Default R14 pen assignments.ctb
 75
     0
147
0.99751102407674
148
-6.789898559999699
149
-3.428199491054451
 76
     1
 77
     3
 78
   600
333
0
100
AcDbLayout
  1
Layout1
 70
     1
 71
     1
 10
1.580516154596356
 20
-7.011849240505701
 11
212.0777663790361
 21
290.6974648282479
 12
0
 22
0
 32
0
 14
6.777424470315452
 24
3.427238435783238
 34
-1.12498E-11
 15
207.0735750321102
 25
280.3492322108881
 35
2.956E-13
146
0
 13
0
 23
0
 33
0
 16
1
 26
0
 36
0
 17
0
 27
1
 37
0
 76
     0
330
15
331
B9
  0
DICTIONARYVAR
  5
24C
102
{ACAD_REACTORS
330
CE
102
}
330
CE
100
DictionaryVariables
280
     0
  1
55
  0
DICTIONARY
  5
679
102
{ACAD_REACTORS
330
C
102
}
330
C
100
AcDbDictionary
281
     1
  3
ASEBlockHierarchyIndexRecord
350
67B
1001
DCO15
1040
1404639558.25
  0
XRECORD
  5
67B
102
{ACAD_REACTORS
330
679
102
}
330
679
100
AcDbXrecord
280
     1
330
0
  0
DICTIONARYVAR
  5
922
102
{ACAD_REACTORS
330
CE
102
}
330
CE
100
DictionaryVariables
280
     0
  1
2
  0
DICTIONARY
  5
884C
330
883F
100
AcDbDictionary
280
     1
281
     1
  3
ACAD_DIMASSOC
360
8856
  0
DICTIONARY
  5
8956
102
{ACAD_REACTORS
330
C
102
}
330
C
100
AcDbDictionary
281
     1
  3
ByBlock
350
8A3C
  3
ByLayer
350
8A3B
  3
Global
350
8A3D
  0
DICTIONARY
  5
8957
102
{ACAD_REACTORS
330
C
102
}
330
C
100
AcDbDictionary
281
     1
  0
DICTIONARY
  5
89FC
102
{ACAD_REACTORS
330
D0
102
}
330
D0
100
AcDbDictionary
281
     1
  3
*A1
350
89FD
  0
LAYER_INDEX
  5
89FD
102
{ACAD_REACTORS
330
89FC
102
}
330
89FC
100
AcDbIndex
 40
2456098.438013590
100
AcDbLayerIndex
 90
        0
  8
0
360
0
 90
      125
  8
РАМКА
360
0
 90
        0
  8
СЛОЙ1
360
0
 90
        0
  8
Defpoints
360
0
 90
        0
  8
титан
360
0
 90
       13
  8
NEW_TEX
360
0
 90
        0
  8
корпус
360
0
 90
       41
  8
втулка
360
0
 90
       15
  8
патр
360
0
 90
        7
  8
грнд
360
0
 90
        2
  8
накгай
360
0
 90
       12
  8
прок
360
0
 90
        7
  8
гнездо
360
0
 90
        8
  8
фланец
360
0
 90
       35
  8
мостик
360
0
 90
       17
  8
болт
360
0
 90
       41
  8
пробка
360
0
 90
        4
  8
наконеч
360
0
 90
        1
  0
DICTIONARY
  5
8A10
102
{ACAD_REACTORS
330
C
102
}
330
C
100
AcDbDictionary
281
     1
  3
2dWireframe
350
8A15
  3
Basic
350
8A18
  3
Brighten
350
8A1C
  3
ColorChange
350
8A20
  3
Conceptual
350
8A1A
  3
Dim
350
8A1B
  3
EdgeColorOff
350
8A23
  3
Facepattern
350
8A1F
  3
Flat
350
8A11
  3
FlatWithEdges
350
8A12
  3
Gouraud
350
8A13
  3
GouraudWithEdges
350
8A14
  3
Hidden
350
8A17
  3
JitterOff
350
8A21
  3
Linepattern
350
8A1E
  3
OverhangOff
350
8A22
  3
Realistic
350
8A19
  3
Shaded
350
8A28
  3
Shaded with edges
350
8A27
  3
Shades of Gray
350
8A24
  3
Sketchy
350
8A25
  3
Thicken
350
8A1D
  3
Wireframe
350
8A16
  3
X-Ray
350
8A26
  0
VISUALSTYLE
  5
8A11
102
{ACAD_REACTORS
330
8A10
102
}
330
8A10
100
AcDbVisualStyle
  2
Flat
 70
     0
177
     2
291
     1
 70
    58
 90
        2
176
     1
 90
        1
176
     1
 90
        1
176
     1
 90
        2
176
     1
 40
0.6
176
     1
 40
30
176
     1
 62
     7
420
3271557119
176
     1
 90
        0
176
     1
 90
        0
176
     1
 62
     7
176
     1
 62
   257
176
     1
 90
        1
176
     1
 90
        1
176
     1
 40
1
176
     1
 90
        8
176
     1
 62
     7
176
     1
 40
1
176
     1
 90
        1
176
     1
 90
        6
176
     1
 90
        2
176
     1
 62
     7
176
     1
 90
        5
176
     1
 90
        0
176
     1
 90
        0
176
     1
290
     0
176
     1
 90
       13
176
     1
 40
0
176
     1
 90
        0
176
     1
290
     0
176
     1
290
     1
176
     1
290
     1
176
     1
290
     0
290
     0
176
     1
290
     0
290
     0
176
     1
290
     0
176
     1
290
     0
176
     1
 90
       50
176
     1
 40
0
176
     1
 40
1
176
     1
 90
        0
176
     1
 62
     0
420
3254779904
176
     1
 90
       50
176
     1
 90
        3
176
     1
 62
     5
420
3254780159
176
     1
290
     0
176
     1
 90
       50
176
     1
 90
       50
176
     1
 90
       50
176
     1
290
     0
176
     1
 90
       50
176
     1
 62
     0
176
     0
 40
1
176
     0
 90
        2
176
     1
  1
strokes_ogs.tif
176
     1
290
     0
176
     1
 40
1
176
     1
 40
1
176
     1
  0
VISUALSTYLE
  5
8A12
102
{ACAD_REACTORS
330
8A10
102
}
330
8A10
100
AcDbVisualStyle
  2
FlatWithEdges
 70
     1
177
     2
291
     1
 70
    58
 90
        2
176
     1
 90
        1
176
     1
 90
        1
176
     1
 90
        2
176
     1
 40
0.6
176
     1
 40
30
176
     1
 62
     7
420
3271557119
176
     1
 90
        1
176
     1
 90
        0
176
     1
 62
     7
176
     1
 62
   257
176
     1
 90
        1
176
     1
 90
        1
176
     1
 40
1
176
     1
 90
        0
176
     1
 62
   257
176
     1
 40
1
176
     1
 90
        1
176
     1
 90
        6
176
     1
 90
        2
176
     1
 62
     7
176
     1
 90
        5
176
     1
 90
        0
176
     1
 90
        0
176
     1
290
     0
176
     1
 90
       13
176
     1
 40
0
176
     1
 90
        0
176
     1
290
     0
176
     1
290
     1
176
     1
290
     1
176
     1
290
     0
290
     0
176
     1
290
     0
290
     0
176
     1
290
     0
176
     1
290
     0
176
     1
 90
       50
176
     1
 40
0
176
     1
 40
1
176
     1
 90
        0
176
     1
 62
     0
420
3254779904
176
     1
 90
       50
176
     1
 90
        3
176
     1
 62
     5
420
3254780159
176
     1
290
     0
176
     1
 90
       50
176
     1
 90
       50
176
     1
 90
       50
176
     1
290
     0
176
     1
 90
       50
176
     1
 62
     0
176
     0
 40
1
176
     0
 90
        2
176
     1
  1
strokes_ogs.tif
176
     1
290
     0
176
     1
 40
1
176
     1
 40
1
176
     1
  0
VISUALSTYLE
  5
8A13
102
{ACAD_REACTORS
330
8A10
102
}
330
8A10
100
AcDbVisualStyle
  2
Gouraud
 70
     2
177
     2
291
     1
 70
    58
 90
        2
176
     1
 90
        2
176
     1
 90
        1
176
     1
 90
        2
176
     1
 40
0.6
176
     1
 40
30
176
     1
 62
     7
420
3271557119
176
     1
 90
        0
176
     1
 90
        0
176
     1
 62
     7
176
     1
 62
   257
176
     1
 90
        1
176
     1
 90
        1
176
     1
 40
1
176
     1
 90
        0
176
     1
 62
     7
176
     1
 40
1
176
     1
 90
        1
176
     1
 90
        6
176
     1
 90
        2
176
     1
 62
     7
176
     1
 90
        5
176
     1
 90
        0
176
     1
 90
        0
176
     1
290
     0
176
     1
 90
       13
176
     1
 40
0
176
     1
 90
        0
176
     1
290
     0
176
     1
290
     1
176
     1
290
     1
176
     1
290
     0
290
     0
176
     1
290
     0
290
     0
176
     1
290
     0
176
     1
290
     0
176
     1
 90
       50
176
     1
 40
0
176
     1
 40
1
176
     1
 90
        0
176
     1
 62
     0
420
3254779904
176
     1
 90
       50
176
     1
 90
        3
176
     1
 62
     5
420
3254780159
176
     1
290
     0
176
     1
 90
       50
176
     1
 90
       50
176
     1
 90
       50
176
     1
290
     0
176
     1
 90
       50
176
     1
 62
     0
176
     0
 40
1
176
     0
 90
        2
176
     1
  1
strokes_ogs.tif
176
     1
290
     0
176
     1
 40
1
176
     1
 40
1
176
     1
  0
VISUALSTYLE
  5
8A14
102
{ACAD_REACTORS
330
8A10
102
}
330
8A10
100
AcDbVisualStyle
  2
GouraudWithEdges
 70
     3
177
     2
291
     1
 70
    58
 90
        2
176
     1
 90
        2
176
     1
 90
        1
176
     1
 90
        2
176
     1
 40
0.6
176
     1
 40
30
176
     1
 62
     7
420
3271557119
176
     1
 90
        1
176
     1
 90
        0
176
     1
 62
     7
176
     1
 62
   257
176
     1
 90
        1
176
     1
 90
        1
176
     1
 40
1
176
     1
 90
        0
176
     1
 62
   257
176
     1
 40
1
176
     1
 90
        1
176
     1
 90
        6
176
     1
 90
        2
176
     1
 62
     7
176
     1
 90
        5
176
     1
 90
        0
176
     1
 90
        0
176
     1
290
     0
176
     1
 90
       13
176
     1
 40
0
176
     1
 90
        0
176
     1
290
     0
176
     1
290
     1
176
     1
290
     1
176
     1
290
     0
290
     0
176
     1
290
     0
290
     0
176
     1
290
     0
176
     1
290
     0
176
     1
 90
       50
176
     1
 40
0
176
     1
 40
1
176
     1
 90
        0
176
     1
 62
     0
420
3254779904
176
     1
 90
       50
176
     1
 90
        3
176
     1
 62
     5
420
3254780159
176
     1
290
     0
176
     1
 90
       50
176
     1
 90
       50
176
     1
 90
       50
176
     1
290
     0
176
     1
 90
       50
176
     1
 62
     0
176
     0
 40
1
176
     0
 90
        2
176
     1
  1
strokes_ogs.tif
176
     1
290
     0
176
     1
 40
1
176
     1
 40
1
176
     1
  0
VISUALSTYLE
  5
8A15
102
{ACAD_REACTORS
330
8A10
102
}
330
8A10
100
AcDbVisualStyle
  2
2dWireframe
 70
     4
177
     2
291
     0
 70
    58
 90
        0
176
     1
 90
        2
176
     1
 90
        0
176
     1
 90
        0
176
     1
 40
0.6
176
     1
 40
30
176
     1
 62
     7
420
3271557119
176
     1
 90
        1
176
     1
 90
        4
176
     1
 62
     7
176
     1
 62
   257
176
     1
 90
        1
176
     1
 90
        1
176
     1
 40
1
176
     1
 90
        0
176
     1
 62
   257
176
     1
 40
1
176
     1
 90
        1
176
     1
 90
        6
176
     1
 90
        2
176
     1
 62
     7
176
     1
 90
        5
176
     1
 90
        0
176
     1
 90
        0
176
     1
290
     0
176
     1
 90
        1
176
     1
 40
0
176
     1
 90
        0
176
     1
290
     1
176
     1
290
     1
176
     1
290
     0
176
     1
290
     0
290
     0
176
     1
290
     0
290
     0
176
     1
290
     0
176
     1
290
     0
176
     1
 90
       50
176
     1
 40
0
176
     1
 40
1
176
     1
 90
        0
176
     1
 62
     0
420
3254779904
176
     1
 90
       50
176
     1
 90
        3
176
     1
 62
     5
420
3254780159
176
     1
290
     0
176
     1
 90
       50
176
     1
 90
       50
176
     1
 90
       50
176
     1
290
     0
176
     1
 90
       50
176
     1
 62
     0
176
     0
 40
1
176
     0
 90
        2
176
     1
  1
strokes_ogs.tif
176
     1
290
     0
176
     1
 40
1
176
     1
 40
1
176
     1
  0
VISUALSTYLE
  5
8A16
102
{ACAD_REACTORS
330
8A10
102
}
330
8A10
100
AcDbVisualStyle
  2
Wireframe
 70
     5
177
     2
291
     0
 70
    58
 90
        0
176
     1
 90
        2
176
     1
 90
        0
176
     1
 90
        0
176
     1
 40
0.6
176
     1
 40
30
176
     1
 62
     7
420
3271557119
176
     1
 90
        1
176
     1
 90
        4
176
     1
 62
     7
176
     1
 62
   257
176
     1
 90
        1
176
     1
 90
        1
176
     1
 40
1
176
     1
 90
        0
176
     1
 62
   257
176
     1
 40
1
176
     1
 90
        1
176
     1
 90
        6
176
     1
 90
        2
176
     1
 62
     7
176
     1
 90
        3
176
     1
 90
        0
176
     1
 90
        0
176
     1
290
     0
176
     1
 90
        1
176
     1
 40
0
176
     1
 90
        0
176
     1
290
     0
176
     1
290
     1
176
     1
290
     1
176
     1
290
     0
290
     0
176
     1
290
     0
290
     0
176
     1
290
     0
176
     1
290
     0
176
     1
 90
       50
176
     1
 40
0
176
     1
 40
1
176
     1
 90
        0
176
     1
 62
     0
420
3254779904
176
     1
 90
       50
176
     1
 90
        3
176
     1
 62
     5
420
3254780159
176
     1
290
     0
176
     1
 90
       50
176
     1
 90
       50
176
     1
 90
       50
176
     1
290
     0
176
     1
 90
       50
176
     1
 62
     0
176
     0
 40
1
176
     0
 90
        2
176
     1
  1
strokes_ogs.tif
176
     1
290
     0
176
     1
 40
1
176
     1
 40
1
176
     1
  0
VISUALSTYLE
  5
8A17
102
{ACAD_REACTORS
330
8A10
102
}
330
8A10
100
AcDbVisualStyle
  2
Hidden
 70
     6
177
     2
291
     0
 70
    58
 90
        1
176
     1
 90
        2
176
     1
 90
        2
176
     1
 90
        0
176
     1
 40
0.6
176
     1
 40
30
176
     1
 62
     7
420
3271557119
176
     1
 90
        2
176
     1
 90
        2
176
     1
 62
     7
176
     1
 62
   257
176
     1
 90
        2
176
     1
 90
        1
176
     1
 40
40
176
     1
 90
        0
176
     1
 62
   257
176
     1
 40
1
176
     1
 90
        1
176
     1
 90
        6
176
     1
 90
        2
176
     1
 62
     7
176
     1
 90
        3
176
     1
 90
        0
176
     1
 90
        0
176
     1
290
     0
176
     1
 90
        1
176
     1
 40
0
176
     1
 90
        0
176
     1
290
     0
176
     1
290
     1
176
     1
290
     1
176
     1
290
     0
290
     0
176
     1
290
     0
290
     0
176
     1
290
     0
176
     1
290
     0
176
     1
 90
       50
176
     1
 40
0
176
     1
 40
1
176
     1
 90
        0
176
     1
 62
     0
420
3254779904
176
     1
 90
       50
176
     1
 90
        3
176
     1
 62
     5
420
3254780159
176
     1
290
     0
176
     1
 90
       50
176
     1
 90
       50
176
     1
 90
       50
176
     1
290
     0
176
     1
 90
       50
176
     1
 62
     0
176
     0
 40
1
176
     0
 90
        2
176
     1
  1
strokes_ogs.tif
176
     1
290
     0
176
     1
 40
1
176
     1
 40
1
176
     1
  0
VISUALSTYLE
  5
8A18
102
{ACAD_REACTORS
330
8A10
102
}
330
8A10
100
AcDbVisualStyle
  2
Basic
 70
     7
177
     2
291
     1
 70
    58
 90
        1
176
     1
 90
        0
176
     1
 90
        1
176
     1
 90
        0
176
     1
 40
0.6
176
     1
 40
30
176
     1
 62
     7
420
3271557119
176
     1
 90
        0
176
     1
 90
        4
176
     1
 62
     7
176
     1
 62
   257
176
     1
 90
        1
176
     1
 90
        1
176
     1
 40
1
176
     1
 90
        8
176
     1
 62
     7
176
     1
 40
1
176
     1
 90
        1
176
     1
 90
        6
176
     1
 90
        2
176
     1
 62
     7
176
     1
 90
        5
176
     1
 90
        0
176
     1
 90
        0
176
     1
290
     0
176
     1
 90
        1
176
     1
 40
0
176
     1
 90
        0
176
     1
290
     0
176
     1
290
     1
176
     1
290
     1
176
     1
290
     0
290
     0
176
     1
290
     0
290
     0
176
     1
290
     0
176
     1
290
     0
176
     1
 90
       50
176
     1
 40
0
176
     1
 40
1
176
     1
 90
        0
176
     1
 62
     0
420
3254779904
176
     1
 90
       50
176
     1
 90
        3
176
     1
 62
     5
420
3254780159
176
     1
290
     0
176
     1
 90
       50
176
     1
 90
       50
176
     1
 90
       50
176
     1
290
     0
176
     1
 90
       50
176
     1
 62
     0
176
     0
 40
1
176
     0
 90
        2
176
     1
  1
strokes_ogs.tif
176
     1
290
     0
176
     1
 40
1
176
     1
 40
1
176
     1
  0
VISUALSTYLE
  5
8A19
102
{ACAD_REACTORS
330
8A10
102
}
330
8A10
100
AcDbVisualStyle
  2
Realistic
 70
     8
177
     2
291
     0
 70
    58
 90
        2
176
     1
 90
        3
176
     1
 90
        0
176
     1
 90
        2
176
     1
 40
0.6
176
     1
 40
30
176
     1
 62
     7
420
3271557119
176
     1
 90
        0
176
     1
 90
        0
176
     1
 62
     7
176
     1
 62
   257
176
     1
 90
        1
176
     1
 90
        1
176
     1
 40
1
176
     1
 90
        8
176
     1
 62
   257
176
     1
 40
1
176
     1
 90
        1
176
     1
 90
        6
176
     1
 90
        2
176
     1
 62
     7
176
     1
 90
        3
176
     1
 90
        0
176
     1
 90
        0
176
     1
290
     0
176
     1
 90
       13
176
     1
 40
0
176
     1
 90
        0
176
     1
290
     0
176
     1
290
     1
176
     1
290
     1
176
     1
290
     0
290
     0
176
     1
290
     0
290
     0
176
     1
290
     0
176
     1
290
     0
176
     1
 90
       50
176
     1
 40
0
176
     1
 40
1
176
     1
 90
        0
176
     1
 62
     0
420
3254779904
176
     1
 90
       50
176
     1
 90
        3
176
     1
 62
     5
420
3254780159
176
     1
290
     0
176
     1
 90
       50
176
     1
 90
       50
176
     1
 90
       50
176
     1
290
     0
176
     1
 90
       50
176
     1
 62
     0
176
     0
 40
1
176
     0
 90
        2
176
     1
  1
strokes_ogs.tif
176
     1
290
     0
176
     1
 40
1
176
     1
 40
1
176
     1
  0
VISUALSTYLE
  5
8A1A
102
{ACAD_REACTORS
330
8A10
102
}
330
8A10
100
AcDbVisualStyle
  2
Conceptual
 70
     9
177
     2
291
     0
 70
    58
 90
        3
176
     1
 90
        2
176
     1
 90
        0
176
     1
 90
        0
176
     1
 40
0.6
176
     1
 40
30
176
     1
 62
     7
420
3271557119
176
     1
 90
        2
176
     1
 90
        2
176
     1
 62
     7
176
     1
 62
   257
176
     1
 90
        1
176
     1
 90
        1
176
     1
 40
179
176
     1
 90
        8
176
     1
 62
     7
176
     1
 40
1
176
     1
 90
        1
176
     1
 90
        6
176
     1
 90
        2
176
     1
 62
     7
176
     1
 90
        3
176
     1
 90
        0
176
     1
 90
        0
176
     1
290
     0
176
     1
 90
        1
176
     1
 40
0
176
     1
 90
        0
176
     1
290
     0
176
     1
290
     1
176
     1
290
     1
176
     1
290
     0
290
     0
176
     1
290
     0
290
     0
176
     1
290
     0
176
     1
290
     0
176
     1
 90
       50
176
     1
 40
0
176
     1
 40
1
176
     1
 90
        0
176
     1
 62
     0
420
3254779904
176
     1
 90
       50
176
     1
 90
        3
176
     1
 62
     5
420
3254780159
176
     1
290
     0
176
     1
 90
       50
176
     1
 90
       50
176
     1
 90
       50
176
     1
290
     0
176
     1
 90
       50
176
     1
 62
     0
176
     0
 40
1
176
     0
 90
        2
176
     1
  1
strokes_ogs.tif
176
     1
290
     0
176
     1
 40
1
176
     1
 40
1
176
     1
  0
VISUALSTYLE
  5
8A1B
102
{ACAD_REACTORS
330
8A10
102
}
330
8A10
100
AcDbVisualStyle
  2
Dim
 70
    11
177
     2
291
     1
 70
    58
 90
        2
176
     1
 90
        2
176
     1
 90
        0
176
     1
 90
        0
176
     1
 40
0.6
176
     1
 40
30
176
     1
 62
     7
420
3271557119
176
     1
 90
        1
176
     1
 90
        4
176
     1
 62
     7
176
     1
 62
   257
176
     1
 90
        1
176
     1
 90
        1
176
     1
 40
1
176
     1
 90
        8
176
     1
 62
     7
176
     1
 40
1
176
     1
 90
        1
176
     1
 90
        6
176
     1
 90
        2
176
     1
 62
     7
176
     1
 90
        5
176
     1
 90
        0
176
     1
 90
        0
176
     1
290
     0
176
     1
 90
        1
176
     1
 40
-50
176
     1
 90
        0
176
     1
290
     0
176
     1
290
     1
176
     1
290
     1
176
     1
290
     0
290
     0
176
     1
290
     0
290
     0
176
     1
290
     0
176
     1
290
     0
176
     1
 90
       50
176
     1
 40
0
176
     1
 40
1
176
     1
 90
        0
176
     1
 62
     0
420
3254779904
176
     1
 90
       50
176
     1
 90
        3
176
     1
 62
     5
420
3254780159
176
     1
290
     0
176
     1
 90
       50
176
     1
 90
       50
176
     1
 90
       50
176
     1
290
     0
176
     1
 90
       50
176
     1
 62
     0
176
     0
 40
1
176
     0
 90
        2
176
     1
  1
strokes_ogs.tif
176
     1
290
     0
176
     1
 40
1
176
     1
 40
1
176
     1
  0
VISUALSTYLE
  5
8A1C
102
{ACAD_REACTORS
330
8A10
102
}
330
8A10
100
AcDbVisualStyle
  2
Brighten
 70
    12
177
     2
291
     1
 70
    58
 90
        2
176
     1
 90
        2
176
     1
 90
        0
176
     1
 90
        0
176
     1
 40
0.6
176
     1
 40
30
176
     1
 62
     7
420
3271557119
176
     1
 90
        1
176
     1
 90
        4
176
     1
 62
     7
176
     1
 62
   257
176
     1
 90
        1
176
     1
 90
        1
176
     1
 40
1
176
     1
 90
        8
176
     1
 62
     7
176
     1
 40
1
176
     1
 90
        1
176
     1
 90
        6
176
     1
 90
        2
176
     1
 62
     7
176
     1
 90
        5
176
     1
 90
        0
176
     1
 90
        0
176
     1
290
     0
176
     1
 90
        1
176
     1
 40
50
176
     1
 90
        0
176
     1
290
     0
176
     1
290
     1
176
     1
290
     1
176
     1
290
     0
290
     0
176
     1
290
     0
290
     0
176
     1
290
     0
176
     1
290
     0
176
     1
 90
       50
176
     1
 40
0
176
     1
 40
1
176
     1
 90
        0
176
     1
 62
     0
420
3254779904
176
     1
 90
       50
176
     1
 90
        3
176
     1
 62
     5
420
3254780159
176
     1
290
     0
176
     1
 90
       50
176
     1
 90
       50
176
     1
 90
       50
176
     1
290
     0
176
     1
 90
       50
176
     1
 62
     0
176
     0
 40
1
176
     0
 90
        2
176
     1
  1
strokes_ogs.tif
176
     1
290
     0
176
     1
 40
1
176
     1
 40
1
176
     1
  0
VISUALSTYLE
  5
8A1D
102
{ACAD_REACTORS
330
8A10
102
}
330
8A10
100
AcDbVisualStyle
  2
Thicken
 70
    13
177
     2
291
     1
 70
    58
 90
        2
176
     1
 90
        2
176
     1
 90
        0
176
     1
 90
        0
176
     1
 40
0.6
176
     1
 40
30
176
     1
 62
     7
420
3271557119
176
     1
 90
        1
176
     1
 90
        4
176
     1
 62
     7
176
     1
 62
   257
176
     1
 90
        1
176
     1
 90
        1
176
     1
 40
1
176
     1
 90
       12
176
     1
 62
     7
176
     1
 40
1
176
     1
 90
        1
176
     1
 90
        6
176
     1
 90
        2
176
     1
 62
     7
176
     1
 90
        5
176
     1
 90
        0
176
     1
 90
        0
176
     1
290
     0
176
     1
 90
        1
176
     1
 40
0
176
     1
 90
        0
176
     1
290
     0
176
     1
290
     1
176
     1
290
     1
176
     1
290
     0
290
     0
176
     1
290
     0
290
     0
176
     1
290
     0
176
     1
290
     0
176
     1
 90
       50
176
     1
 40
0
176
     1
 40
1
176
     1
 90
        0
176
     1
 62
     0
420
3254779904
176
     1
 90
       50
176
     1
 90
        3
176
     1
 62
     5
420
3254780159
176
     1
290
     0
176
     1
 90
       50
176
     1
 90
       50
176
     1
 90
       50
176
     1
290
     0
176
     1
 90
       50
176
     1
 62
     0
176
     0
 40
1
176
     0
 90
        2
176
     1
  1
strokes_ogs.tif
176
     1
290
     0
176
     1
 40
1
176
     1
 40
1
176
     1
  0
VISUALSTYLE
  5
8A1E
102
{ACAD_REACTORS
330
8A10
102
}
330
8A10
100
AcDbVisualStyle
  2
Linepattern
 70
    14
177
     2
291
     1
 70
    58
 90
        2
176
     1
 90
        2
176
     1
 90
        0
176
     1
 90
        0
176
     1
 40
0.6
176
     1
 40
30
176
     1
 62
     7
420
3271557119
176
     1
 90
        1
176
     1
 90
        4
176
     1
 62
     7
176
     1
 62
   257
176
     1
 90
        7
176
     1
 90
        7
176
     1
 40
1
176
     1
 90
        8
176
     1
 62
     7
176
     1
 40
1
176
     1
 90
        1
176
     1
 90
        6
176
     1
 90
        2
176
     1
 62
     7
176
     1
 90
        5
176
     1
 90
        0
176
     1
 90
        0
176
     1
290
     0
176
     1
 90
        1
176
     1
 40
0
176
     1
 90
        0
176
     1
290
     0
176
     1
290
     1
176
     1
290
     1
176
     1
290
     0
290
     0
176
     1
290
     0
290
     0
176
     1
290
     0
176
     1
290
     0
176
     1
 90
       50
176
     1
 40
0
176
     1
 40
1
176
     1
 90
        0
176
     1
 62
     0
420
3254779904
176
     1
 90
       50
176
     1
 90
        3
176
     1
 62
     5
420
3254780159
176
     1
290
     0
176
     1
 90
       50
176
     1
 90
       50
176
     1
 90
       50
176
     1
290
     0
176
     1
 90
       50
176
     1
 62
     0
176
     0
 40
1
176
     0
 90
        2
176
     1
  1
strokes_ogs.tif
176
     1
290
     0
176
     1
 40
1
176
     1
 40
1
176
     1
  0
VISUALSTYLE
  5
8A1F
102
{ACAD_REACTORS
330
8A10
102
}
330
8A10
100
AcDbVisualStyle
  2
Facepattern
 70
    15
177
     2
291
     1
 70
    58
 90
        2
176
     1
 90
        2
176
     1
 90
        0
176
     1
 90
        0
176
     1
 40
0.6
176
     1
 40
30
176
     1
 62
     7
420
3271557119
176
     1
 90
        1
176
     1
 90
        4
176
     1
 62
     7
176
     1
 62
   257
176
     1
 90
        1
176
     1
 90
        1
176
     1
 40
1
176
     1
 90
        8
176
     1
 62
     7
176
     1
 40
1
176
     1
 90
        1
176
     1
 90
        6
176
     1
 90
        2
176
     1
 62
     7
176
     1
 90
        5
176
     1
 90
        0
176
     1
 90
        0
176
     1
290
     0
176
     1
 90
        1
176
     1
 40
0
176
     1
 90
        0
176
     1
290
     0
176
     1
290
     1
176
     1
290
     1
176
     1
290
     0
290
     0
176
     1
290
     0
290
     0
176
     1
290
     0
176
     1
290
     0
176
     1
 90
       50
176
     1
 40
0
176
     1
 40
1
176
     1
 90
        0
176
     1
 62
     0
420
3254779904
176
     1
 90
       50
176
     1
 90
        3
176
     1
 62
     5
420
3254780159
176
     1
290
     0
176
     1
 90
       50
176
     1
 90
       50
176
     1
 90
       50
176
     1
290
     0
176
     1
 90
       50
176
     1
 62
     0
176
     0
 40
1
176
     0
 90
        2
176
     1
  1
strokes_ogs.tif
176
     1
290
     0
176
     1
 40
1
176
     1
 40
1
176
     1
  0
VISUALSTYLE
  5
8A20
102
{ACAD_REACTORS
330
8A10
102
}
330
8A10
100
AcDbVisualStyle
  2
ColorChange
 70
    16
177
     2
291
     1
 70
    58
 90
        2
176
     1
 90
        2
176
     1
 90
        3
176
     1
 90
        0
176
     1
 40
0.6
176
     1
 40
30
176
     1
 62
     9
420
3263201408
176
     1
 90
        1
176
     1
 90
        4
176
     1
 62
     7
176
     1
 62
   257
176
     1
 90
        1
176
     1
 90
        1
176
     1
 40
1
176
     1
 90
        8
176
     1
 62
     9
420
3263201408
176
     1
 40
1
176
     1
 90
        1
176
     1
 90
        6
176
     1
 90
        2
176
     1
 62
     7
176
     1
 90
        5
176
     1
 90
        0
176
     1
 90
        0
176
     1
290
     0
176
     1
 90
        1
176
     1
 40
0
176
     1
 90
        0
176
     1
290
     0
176
     1
290
     1
176
     1
290
     1
176
     1
290
     0
290
     0
176
     1
290
     0
290
     0
176
     1
290
     0
176
     1
290
     0
176
     1
 90
       50
176
     1
 40
0
176
     1
 40
1
176
     1
 90
        0
176
     1
 62
     0
420
3254779904
176
     1
 90
       50
176
     1
 90
        3
176
     1
 62
     5
420
3254780159
176
     1
290
     0
176
     1
 90
       50
176
     1
 90
       50
176
     1
 90
       50
176
     1
290
     0
176
     1
 90
       50
176
     1
 62
     0
176
     0
 40
1
176
     0
 90
        2
176
     1
  1
strokes_ogs.tif
176
     1
290
     0
176
     1
 40
1
176
     1
 40
1
176
     1
  0
VISUALSTYLE
  5
8A21
102
{ACAD_REACTORS
330
8A10
102
}
330
8A10
100
AcDbVisualStyle
  2
JitterOff
 70
    20
177
     2
291
     1
 70
    58
 90
        2
176
     0
 90
        2
176
     0
 90
        0
176
     0
 90
        0
176
     0
 40
0.6
176
     0
 40
30
176
     0
 62
     7
420
3271557119
176
     0
 90
        1
176
     0
 90
        4
176
     0
 62
     7
176
     0
 62
   257
176
     0
 90
        1
176
     0
 90
        1
176
     0
 40
1
176
     0
 90
       10
176
     2
 62
     7
176
     0
 40
1
176
     0
 90
        1
176
     0
 90
        6
176
     0
 90
        2
176
     0
 62
     7
176
     0
 90
        5
176
     0
 90
        0
176
     0
 90
        0
176
     0
290
     0
176
     0
 90
        1
176
     0
 40
0
176
     0
 90
        0
176
     0
290
     0
176
     0
290
     1
176
     0
290
     1
176
     0
290
     0
290
     0
176
     0
290
     0
290
     0
176
     0
290
     0
176
     0
290
     0
176
     0
 90
       50
176
     0
 40
0
176
     0
 40
1
176
     0
 90
        0
176
     0
 62
     0
420
3254779904
176
     0
 90
       50
176
     0
 90
        3
176
     0
 62
     5
420
3254780159
176
     0
290
     0
176
     0
 90
       50
176
     0
 90
       50
176
     0
 90
       50
176
     0
290
     0
176
     0
 90
       50
176
     0
 62
     0
176
     0
 40
1
176
     0
 90
        2
176
     0
  1
strokes_ogs.tif
176
     0
290
     0
176
     0
 40
1
176
     0
 40
1
176
     0
  0
VISUALSTYLE
  5
8A22
102
{ACAD_REACTORS
330
8A10
102
}
330
8A10
100
AcDbVisualStyle
  2
OverhangOff
 70
    21
177
     2
291
     1
 70
    58
 90
        2
176
     0
 90
        2
176
     0
 90
        0
176
     0
 90
        0
176
     0
 40
0.6
176
     0
 40
30
176
     0
 62
     7
420
3271557119
176
     0
 90
        1
176
     0
 90
        4
176
     0
 62
     7
176
     0
 62
   257
176
     0
 90
        1
176
     0
 90
        1
176
     0
 40
1
176
     0
 90
        9
176
     2
 62
     7
176
     0
 40
1
176
     0
 90
        1
176
     0
 90
        6
176
     0
 90
        2
176
     0
 62
     7
176
     0
 90
        5
176
     0
 90
        0
176
     0
 90
        0
176
     0
290
     0
176
     0
 90
        1
176
     0
 40
0
176
     0
 90
        0
176
     0
290
     0
176
     0
290
     1
176
     0
290
     1
176
     0
290
     0
290
     0
176
     0
290
     0
290
     0
176
     0
290
     0
176
     0
290
     0
176
     0
 90
       50
176
     0
 40
0
176
     0
 40
1
176
     0
 90
        0
176
     0
 62
     0
420
3254779904
176
     0
 90
       50
176
     0
 90
        3
176
     0
 62
     5
420
3254780159
176
     0
290
     0
176
     0
 90
       50
176
     0
 90
       50
176
     0
 90
       50
176
     0
290
     0
176
     0
 90
       50
176
     0
 62
     0
176
     0
 40
1
176
     0
 90
        2
176
     0
  1
strokes_ogs.tif
176
     0
290
     0
176
     0
 40
1
176
     0
 40
1
176
     0
  0
VISUALSTYLE
  5
8A23
102
{ACAD_REACTORS
330
8A10
102
}
330
8A10
100
AcDbVisualStyle
  2
EdgeColorOff
 70
    22
177
     2
291
     1
 70
    58
 90
        2
176
     0
 90
        2
176
     0
 90
        0
176
     0
 90
        0
176
     0
 40
0.6
176
     0
 40
30
176
     0
 62
     7
420
3271557119
176
     0
 90
        1
176
     0
 90
        4
176
     0
 62
     7
176
     0
 62
   257
176
     0
 90
        1
176
     0
 90
        1
176
     0
 40
1
176
     0
 90
        8
176
     2
 62
     7
176
     0
 40
1
176
     0
 90
        1
176
     0
 90
        6
176
     0
 90
        2
176
     0
 62
     7
176
     0
 90
        5
176
     0
 90
        0
176
     0
 90
        0
176
     0
290
     0
176
     0
 90
        1
176
     0
 40
0
176
     0
 90
        0
176
     0
290
     0
176
     0
290
     1
176
     0
290
     1
176
     0
290
     0
290
     0
176
     0
290
     0
290
     0
176
     0
290
     0
176
     0
290
     0
176
     0
 90
       50
176
     0
 40
0
176
     0
 40
1
176
     0
 90
        0
176
     0
 62
     0
420
3254779904
176
     0
 90
       50
176
     0
 90
        3
176
     0
 62
     5
420
3254780159
176
     0
290
     0
176
     0
 90
       50
176
     0
 90
       50
176
     0
 90
       50
176
     0
290
     0
176
     0
 90
       50
176
     0
 62
     0
176
     0
 40
1
176
     0
 90
        2
176
     0
  1
strokes_ogs.tif
176
     0
290
     0
176
     0
 40
1
176
     0
 40
1
176
     0
  0
VISUALSTYLE
  5
8A24
102
{ACAD_REACTORS
330
8A10
102
}
330
8A10
100
AcDbVisualStyle
  2
Shades of Gray
 70
    23
177
     2
291
     0
 70
    58
 90
        2
176
     1
 90
        2
176
     1
 90
        3
176
     1
 90
        0
176
     1
 40
0.6
176
     1
 40
30
176
     1
 62
     7
420
3271557119
176
     1
 90
        2
176
     1
 90
        2
176
     1
 62
     7
176
     1
 62
     7
176
     1
 90
        1
176
     1
 90
        1
176
     1
 40
40
176
     1
 90
        8
176
     1
 62
     7
176
     1
 40
1
176
     1
 90
        1
176
     1
 90
        6
176
     1
 90
        2
176
     1
 62
     7
176
     1
 90
        3
176
     1
 90
        0
176
     1
 90
        0
176
     1
290
     0
176
     1
 90
        1
176
     1
 40
0
176
     1
 90
        0
176
     1
290
     0
176
     1
290
     1
176
     1
290
     1
176
     1
290
     0
290
     0
176
     1
290
     0
290
     0
176
     1
290
     0
176
     1
290
     0
176
     1
 90
       50
176
     1
 40
0
176
     1
 40
1
176
     1
 90
        0
176
     1
 62
     0
420
3254779904
176
     1
 90
       50
176
     1
 90
        3
176
     1
 62
     5
420
3254780159
176
     1
290
     0
176
     1
 90
       50
176
     1
 90
       50
176
     1
 90
       50
176
     1
290
     0
176
     1
 90
       50
176
     1
 62
     0
176
     0
 40
1
176
     0
 90
        2
176
     1
  1
strokes_ogs.tif
176
     1
290
     0
176
     1
 40
1
176
     1
 40
1
176
     1
  0
VISUALSTYLE
  5
8A25
102
{ACAD_REACTORS
330
8A10
102
}
330
8A10
100
AcDbVisualStyle
  2
Sketchy
 70
    24
177
     2
291
     0
 70
    58
 90
        1
176
     1
 90
        2
176
     1
 90
        2
176
     1
 90
        0
176
     1
 40
0.6
176
     1
 40
30
176
     1
 62
     7
420
3271557119
176
     1
 90
        2
176
     1
 90
        2
176
     1
 62
     7
176
     1
 62
     7
176
     1
 90
        1
176
     1
 90
        1
176
     1
 40
40
176
     1
 90
       11
176
     1
 62
     7
176
     1
 40
1
176
     1
 90
        1
176
     1
 90
        6
176
     1
 90
        2
176
     1
 62
     7
176
     1
 90
        6
176
     1
 90
        0
176
     1
 90
        0
176
     1
290
     0
176
     1
 90
        1
176
     1
 40
0
176
     1
 90
        0
176
     1
290
     0
176
     1
290
     1
176
     1
290
     1
176
     1
290
     0
290
     0
176
     1
290
     0
290
     0
176
     1
290
     0
176
     1
290
     0
176
     1
 90
       50
176
     1
 40
0
176
     1
 40
1
176
     1
 90
        0
176
     1
 62
     0
420
3254779904
176
     1
 90
       50
176
     1
 90
        3
176
     1
 62
     5
420
3254780159
176
     1
290
     0
176
     1
 90
       50
176
     1
 90
       50
176
     1
 90
       50
176
     1
290
     0
176
     1
 90
       50
176
     1
 62
     0
176
     0
 40
1
176
     0
 90
        2
176
     1
  1
strokes_ogs.tif
176
     1
290
     0
176
     1
 40
1
176
     1
 40
1
176
     1
  0
VISUALSTYLE
  5
8A26
102
{ACAD_REACTORS
330
8A10
102
}
330
8A10
100
AcDbVisualStyle
  2
X-Ray
 70
    25
177
     2
291
     0
 70
    58
 90
        2
176
     1
 90
        2
176
     1
 90
        1
176
     1
 90
        1
176
     1
 40
0.5
176
     1
 40
30
176
     1
 62
     7
420
3271557119
176
     1
 90
        1
176
     1
 90
        0
176
     1
 62
     7
176
     1
 62
   257
176
     1
 90
        1
176
     1
 90
        1
176
     1
 40
1
176
     1
 90
        8
176
     1
 62
     7
176
     1
 40
1
176
     1
 90
        1
176
     1
 90
        6
176
     1
 90
        2
176
     1
 62
     7
176
     1
 90
        3
176
     1
 90
        0
176
     1
 90
        0
176
     1
290
     0
176
     1
 90
       13
176
     1
 40
0
176
     1
 90
        0
176
     1
290
     0
176
     1
290
     1
176
     1
290
     1
176
     1
290
     0
290
     0
176
     1
290
     0
290
     0
176
     1
290
     0
176
     1
290
     0
176
     1
 90
       50
176
     1
 40
0
176
     1
 40
1
176
     1
 90
        0
176
     1
 62
     0
420
3254779904
176
     1
 90
       50
176
     1
 90
        3
176
     1
 62
     5
420
3254780159
176
     1
290
     0
176
     1
 90
       50
176
     1
 90
       50
176
     1
 90
       50
176
     1
290
     0
176
     1
 90
       50
176
     1
 62
     0
176
     0
 40
1
176
     0
 90
        2
176
     1
  1
strokes_ogs.tif
176
     1
290
     0
176
     1
 40
1
176
     1
 40
1
176
     1
  0
VISUALSTYLE
  5
8A27
102
{ACAD_REACTORS
330
8A10
102
}
330
8A10
100
AcDbVisualStyle
  2
Shaded with edges
 70
    26
177
     2
291
     0
 70
    58
 90
        2
176
     1
 90
        2
176
     1
 90
        1
176
     1
 90
        2
176
     1
 40
0.6
176
     1
 40
30
176
     1
 62
     7
420
3271557119
176
     1
 90
        1
176
     1
 90
       10
176
     1
 62
     7
176
     1
 62
   257
176
     1
 90
        2
176
     1
 90
        1
176
     1
 40
1
176
     1
 90
        8
176
     1
 62
   257
176
     1
 40
1
176
     1
 90
        1
176
     1
 90
        6
176
     1
 90
        2
176
     1
 62
     7
176
     1
 90
        3
176
     1
 90
        0
176
     1
 90
        0
176
     1
290
     0
176
     1
 90
        5
176
     1
 40
0
176
     1
 90
        0
176
     1
290
     0
176
     1
290
     1
176
     1
290
     1
176
     1
290
     0
290
     0
176
     1
290
     0
290
     0
176
     1
290
     0
176
     1
290
     0
176
     1
 90
       50
176
     1
 40
0
176
     1
 40
1
176
     1
 90
        0
176
     1
 62
     0
420
3254779904
176
     1
 90
       50
176
     1
 90
        3
176
     1
 62
     5
420
3254780159
176
     1
290
     0
176
     1
 90
       50
176
     1
 90
       50
176
     1
 90
       50
176
     1
290
     0
176
     1
 90
       50
176
     1
 62
     0
176
     0
 40
1
176
     0
 90
        2
176
     1
  1
strokes_ogs.tif
176
     1
290
     0
176
     1
 40
1
176
     1
 40
1
176
     1
  0
VISUALSTYLE
  5
8A28
102
{ACAD_REACTORS
330
8A10
102
}
330
8A10
100
AcDbVisualStyle
  2
Shaded
 70
    27
177
     2
291
     0
 70
    58
 90
        2
176
     1
 90
        2
176
     1
 90
        1
176
     1
 90
        2
176
     1
 40
0.6
176
     1
 40
30
176
     1
 62
     7
420
3271557119
176
     1
 90
        0
176
     1
 90
        4
176
     1
 62
     7
176
     1
 62
   257
176
     1
 90
        1
176
     1
 90
        1
176
     1
 40
1
176
     1
 90
        8
176
     1
 62
   257
176
     1
 40
1
176
     1
 90
        1
176
     1
 90
        6
176
     1
 90
        2
176
     1
 62
   256
420
3262675064
176
     1
 90
        3
176
     1
 90
        0
176
     1
 90
        0
176
     1
290
     0
176
     1
 90
        5
176
     1
 40
0
176
     1
 90
        0
176
     1
290
     0
176
     1
290
     1
176
     1
290
     1
176
     1
290
     0
290
     0
176
     1
290
     0
290
     0
176
     1
290
     0
176
     1
290
     0
176
     1
 90
       50
176
     1
 40
0
176
     1
 40
1
176
     1
 90
        0
176
     1
 62
     0
420
3254779904
176
     1
 90
       50
176
     1
 90
        3
176
     1
 62
     5
420
3254780159
176
     1
290
     0
176
     1
 90
       50
176
     1
 90
       50
176
     1
 90
       50
176
     1
290
     0
176
     1
 90
       50
176
     1
 62
     0
176
     0
 40
1
176
     0
 90
        2
176
     1
  1
strokes_ogs.tif
176
     1
290
     0
176
     1
 40
1
176
     1
 40
1
176
     1
  0
DICTIONARY
  5
8A29
102
{ACAD_REACTORS
330
C
102
}
330
C
100
AcDbDictionary
281
     1
  3
A0
350
8A2A
  3
A1
350
8A2B
  3
A2
350
8A2C
  3
A3
350
8A2D
  3
A4
350
8A2E
  3
A5
350
8A2F
  3
A6
350
8A30
  3
A7
350
8A31
  3
A8
350
8A32
  3
A9
350
8A33
  3
B0
350
8A34
  3
B1
350
8A35
  3
B2
350
8A36
  3
B3
350
8A37
  3
B4
350
8A38
  3
B5
350
8A39
  3
B6
350
8A3A
  0
SCALE
  5
8A2A
102
{ACAD_REACTORS
330
8A29
102
}
330
8A29
100
AcDbScale
 70
     0
300
1:1
140
1
141
1
290
     1
  0
SCALE
  5
8A2B
102
{ACAD_REACTORS
330
8A29
102
}
330
8A29
100
AcDbScale
 70
     0
300
1:2
140
1
141
2
290
     0
  0
SCALE
  5
8A2C
102
{ACAD_REACTORS
330
8A29
102
}
330
8A29
100
AcDbScale
 70
     0
300
1:4
140
1
141
4
290
     0
  0
SCALE
  5
8A2D
102
{ACAD_REACTORS
330
8A29
102
}
330
8A29
100
AcDbScale
 70
     0
300
1:5
140
1
141
5
290
     0
  0
SCALE
  5
8A2E
102
{ACAD_REACTORS
330
8A29
102
}
330
8A29
100
AcDbScale
 70
     0
300
1:8
140
1
141
8
290
     0
  0
SCALE
  5
8A2F
102
{ACAD_REACTORS
330
8A29
102
}
330
8A29
100
AcDbScale
 70
     0
300
1:10
140
1
141
10
290
     0
  0
SCALE
  5
8A30
102
{ACAD_REACTORS
330
8A29
102
}
330
8A29
100
AcDbScale
 70
     0
300
1:16
140
1
141
16
290
     0
  0
SCALE
  5
8A31
102
{ACAD_REACTORS
330
8A29
102
}
330
8A29
100
AcDbScale
 70
     0
300
1:20
140
1
141
20
290
     0
  0
SCALE
  5
8A32
102
{ACAD_REACTORS
330
8A29
102
}
330
8A29
100
AcDbScale
 70
     0
300
1:30
140
1
141
30
290
     0
  0
SCALE
  5
8A33
102
{ACAD_REACTORS
330
8A29
102
}
330
8A29
100
AcDbScale
 70
     0
300
1:40
140
1
141
40
290
     0
  0
SCALE
  5
8A34
102
{ACAD_REACTORS
330
8A29
102
}
330
8A29
100
AcDbScale
 70
     0
300
1:50
140
1
141
50
290
     0
  0
SCALE
  5
8A35
102
{ACAD_REACTORS
330
8A29
102
}
330
8A29
100
AcDbScale
 70
     0
300
1:100
140
1
141
100
290
     0
  0
SCALE
  5
8A36
102
{ACAD_REACTORS
330
8A29
102
}
330
8A29
100
AcDbScale
 70
     0
300
2:1
140
2
141
1
290
     0
  0
SCALE
  5
8A37
102
{ACAD_REACTORS
330
8A29
102
}
330
8A29
100
AcDbScale
 70
     0
300
4:1
140
4
141
1
290
     0
  0
SCALE
  5
8A38
102
{ACAD_REACTORS
330
8A29
102
}
330
8A29
100
AcDbScale
 70
     0
300
8:1
140
8
141
1
290
     0
  0
SCALE
  5
8A39
102
{ACAD_REACTORS
330
8A29
102
}
330
8A29
100
AcDbScale
 70
     0
300
10:1
140
10
141
1
290
     0
  0
SCALE
  5
8A3A
102
{ACAD_REACTORS
330
8A29
102
}
330
8A29
100
AcDbScale
 70
     0
300
100:1
140
100
141
1
290
     0
  0
DICTIONARY
  5
8A3E
102
{ACAD_REACTORS
330
C
102
}
330
C
100
AcDbDictionary
281
     1
  3
Standard
350
8A3F
  0
DICTIONARY
  5
8A40
102
{ACAD_REACTORS
330
C
102
}
330
C
100
AcDbDictionary
281
     1
  3
Standard
350
8A41
  0
DICTIONARY
  5
8A42
102
{ACAD_REACTORS
330
C
102
}
330
C
100
AcDbDictionary
281
     1
  3
Metric50
350
8A43
  0
ACDBDETAILVIEWSTYLE
  5
8A43
102
{ACAD_REACTORS
330
8A42
102
}
330
8A42
100
AcDbModelDocViewStyle
 70
     0
  3
Metric50
290
     0
300
Metric50
 90
        0
100
AcDbDetailViewStyle
 70
     0
 71
     0
 90
        3
 71
     1
340
F
 62
     0
 40
5
340
0
 62
     0
 40
5
300

 40
0.36
280
     1
 71
     2
340
14
 90
       25
 62
     0
 71
     3
340
F
 62
     0
 40
5
 90
        0
 40
15
 90
        1
300
%<\AcVar ViewDetailId>% (%<\AcVar ViewScale \f "%sn">%)
 71
     4
340
14
 90
       25
 62
     0
340
14
 90
       25
 62
     0
280
     0
  0
DICTIONARY
  5
8A44
102
{ACAD_REACTORS
330
C
102
}
330
C
100
AcDbDictionary
281
     1
  3
Metric50
350
8A45
  0
ACDBSECTIONVIEWSTYLE
  5
8A45
102
{ACAD_REACTORS
330
8A44
102
}
330
8A44
100
AcDbModelDocViewStyle
 70
     0
  3
Metric50
290
     0
300
Metric50
 90
        0
100
AcDbSectionViewStyle
 70
     0
 71
     0
 90
      102
 71
     1
340
F
 62
     0
 40
5
340
0
340
0
 62
     0
 40
5
300
I, O, Q, S, X, Z
 40
10
 90
        0
 40
2.5
 90
        0
 71
     2
340
14
 90
       25
 62
     0
340
14
 90
       50
 62
     0
 40
5
 40
2.5
 40
5
 71
     3
340
F
 62
     0
 40
5
 90
        0
 40
15
 90
        1
300
%<\AcVar ViewSectionStartId>%-%<\AcVar ViewSectionEndId>% (%<\AcVar ViewScale \f "%sn">%)
 71
     4
 62
     0
 62
   257
300
ANSI31
 40
1
 90
        0
290
     0
290
     0
 90
        6
 40
0
 40
1.570796326794897
 40
0.2617993877991494
 40
1.308996938995747
 40
-0.2617993877991494
 40
1.832595714594046
  0
DICTIONARYVAR
  5
8A46
102
{ACAD_REACTORS
330
CE
102
}
330
CE
100
DictionaryVariables
280
     0
  1
1:1
  0
DICTIONARYVAR
  5
8A4A
102
{ACAD_REACTORS
330
CE
102
}
330
CE
100
DictionaryVariables
280
     0
  1
Standard
  0
DICTIONARYVAR
  5
8A4B
102
{ACAD_REACTORS
330
CE
102
}
330
CE
100
DictionaryVariables
280
     0
  1
Standard
  0
DICTIONARYVAR
  5
8A4C
102
{ACAD_REACTORS
330
CE
102
}
330
CE
100
DictionaryVariables
280
     0
  1
0
  0
DICTIONARYVAR
  5
8A4D
102
{ACAD_REACTORS
330
CE
102
}
330
CE
100
DictionaryVariables
280
     0
  1
0
  0
DICTIONARYVAR
  5
8A4E
102
{ACAD_REACTORS
330
CE
102
}
330
CE
100
DictionaryVariables
280
     0
  1
Metric50
  0
DICTIONARYVAR
  5
8A4F
102
{ACAD_REACTORS
330
CE
102
}
330
CE
100
DictionaryVariables
280
     0
  1
Metric50
  0
DICTIONARY
  5
8A78
330
C
100
AcDbDictionary
280
     1
281
     1
  3
WRITTEN_BY_EZDXF
360
8A79
  0
DICTIONARYVAR
  5
8A79
330
8A78
100
DictionaryVariables
280
     0
  1
1.4.4 @ 2026-09-06T16:06:53.094233+00:00
  0
ENDSEC
  0
EOF
