  0
SECTION
  2
HEADER
  9
$ACADVER
  1
AC1032
  9
$ACADMAINTVER
 90
       55
  9
$DWGCODEPAGE
  3
ANSI_1252
  9
$LASTSAVEDBY
  1
ldovg
  9
$REQUIREDVERSIONS
160
                 0
  9
$INSBASE
 10
0.0
 20
0.0
 30
0.0
  9
$EXTMIN
 10
1.000000000000000E+20
 20
1.000000000000000E+20
 30
1.000000000000000E+20
  9
$EXTMAX
 10
-1.000000000000000E+20
 20
-1.000000000000000E+20
 30
-1.000000000000000E+20
  9
$LIMMIN
 10
0.0
 20
0.0
  9
$LIMMAX
 10
420.0
 20
297.0
  9
$ORTHOMODE
 70
     0
  9
$REGENMODE
 70
     1
  9
$FILLMODE
 70
     1
  9
$QTEXTMODE
 70
     0
  9
$MIRRTEXT
 70
     1
  9
$LTSCALE
 40
1.0
  9
$ATTMODE
 70
     1
  9
$TEXTSIZE
 40
2.5
  9
$TRACEWID
 40
1.0
  9
$TEXTSTYLE
  7
OpenSans
  9
$CLAYER
  8
0
  9
$CELTYPE
  6
ByLayer
  9
$CECOLOR
 62
   256
  9
$CELTSCALE
 40
1.0
  9
$DISPSILH
 70
     0
  9
$DIMSCALE
 40
1.0
  9
$DIMASZ
 40
0.175
  9
$DIMEXO
 40
0.125
  9
$DIMDLI
 40
3.75
  9
$DIMRND
 40
0.0
  9
$DIMDLE
 40
0.0
  9
$DIMEXE
 40
0.375
  9
$DIMTP
 40
0.0
  9
$DIMTM
 40
0.0
  9
$DIMTXT
 40
0.25
  9
$DIMCEN
 40
2.5
  9
$DIMTSZ
 40
0.0
  9
$DIMTOL
 70
     0
  9
$DIMLIM
 70
     0
  9
$DIMTIH
 70
     0
  9
$DIMTOH
 70
     0
  9
$DIMSE1
 70
     0
  9
$DIMSE2
 70
     0
  9
$DIMTAD
 70
     1
  9
$DIMZIN
 70
    12
  9
$DIMBLK
  1
ARCHTICK
  9
$DIMASO
 70
     1
  9
$DIMSHO
 70
     1
  9
$DIMPOST
  1

  9
$DIMAPOST
  1

  9
$DIMALT
 70
     0
  9
$DIMALTD
 70
     3
  9
$DIMALTF
 40
0.03937007874
  9
$DIMLFAC
 40
100.0
  9
$DIMTOFL
 70
     1
  9
$DIMTVP
 40
0.0
  9
$DIMTIX
 70
     0
  9
$DIMSOXD
 70
     0
  9
$DIMSAH
 70
     0
  9
$DIMBLK1
  1

  9
$DIMBLK2
  1

  9
$DIMSTYLE
  2
EZDXF
  9
$DIMCLRD
 70
     0
  9
$DIMCLRE
 70
     0
  9
$DIMCLRT
 70
     0
  9
$DIMTFAC
 40
0.5
  9
$DIMGAP
 40
0.1
  9
$DIMJUST
 70
     0
  9
$DIMSD1
 70
     0
  9
$DIMSD2
 70
     0
  9
$DIMTOLJ
 70
     0
  9
$DIMTZIN
 70
     8
  9
$DIMALTZ
 70
     0
  9
$DIMALTTZ
 70
     0
  9
$DIMUPT
 70
     1
  9
$DIMDEC
 70
     2
  9
$DIMTDEC
 70
     2
  9
$DIMALTU
 70
     2
  9
$DIMALTTD
 70
     3
  9
$DIMTXSTY
  7
OpenSansCondensed-Light
  9
$DIMAUNIT
 70
     0
  9
$DIMADEC
 70
     2
  9
$DIMALTRND
 40
0.0
  9
$DIMAZIN
 70
     3
  9
$DIMDSEP
 70
    46
  9
$DIMATFIT
 70
     3
  9
$DIMFRAC
 70
     0
  9
$DIMLDRBLK
  1

  9
$DIMLUNIT
 70
     2
  9
$DIMLWD
 70
    -2
  9
$DIMLWE
 70
    -2
  9
$DIMTMOVE
 70
     2
  9
$DIMFXL
 40
1.0
  9
$DIMFXLON
 70
     0
  9
$DIMJOGANG
 40
0.785398163397
  9
$DIMTFILL
 70
     0
  9
$DIMTFILLCLR
 70
     0
  9
$DIMARCSYM
 70
     0
  9
$DIMLTYPE
  6

  9
$DIMLTEX1
  6

  9
$DIMLTEX2
  6

  9
$DIMTXTDIRECTION
 70
     0
  9
$LUNITS
 70
     2
  9
$LUPREC
 70
     4
  9
$SKETCHINC
 40
1.0
  9
$FILLETRAD
 40
10.0
  9
$AUNITS
 70
     0
  9
$AUPREC
 70
     2
  9
$MENU
  1
.
  9
$ELEVATION
 40
0.0
  9
$PELEVATION
 40
0.0
  9
$THICKNESS
 40
0.0
  9
$LIMCHECK
 70
     0
  9
$CHAMFERA
 40
0.0
  9
$CHAMFERB
 40
0.0
  9
$CHAMFERC
 40
0.0
  9
$CHAMFERD
 40
0.0
  9
$SKPOLY
 70
     0
  9
$TDCREATE
 40
2458532.278996887
  9
$TDUCREATE
 40
2458532.153996887
  9
$TDUPDATE
 40
2461303.626163646
  9
$TDUUPDATE
 40
2461303.501163646
  9
$TDINDWG
 40
0.0
  9
$TDUSRTIMER
 40
0.0
  9
$USRTIMER
 70
     1
  9
$ANGBASE
 50
0.0
  9
$ANGDIR
 70
     0
  9
$PDMODE
 70
     0
  9
$PDSIZE
 40
0.0
  9
$PLINEWID
 40
0.0
  9
$SPLFRAME
 70
     0
  9
$SPLINETYPE
 70
     6
  9
$SPLINESEGS
 70
     8
  9
$HANDSEED
  5
611
  9
$SURFTAB1
 70
     6
  9
$SURFTAB2
 70
     6
  9
$SURFTYPE
 70
     6
  9
$SURFU
 70
     6
  9
$SURFV
 70
     6
  9
$UCSBASE
  2

  9
$UCSNAME
  2

  9
$UCSORG
 10
0.0
 20
0.0
 30
0.0
  9
$UCSXDIR
 10
1.0
 20
0.0
 30
0.0
  9
$UCSYDIR
 10
0.0
 20
1.0
 30
0.0
  9
$UCSORTHOREF
  2

  9
$UCSORTHOVIEW
 70
     0
  9
$UCSORGTOP
 10
0.0
 20
0.0
 30
0.0
  9
$UCSORGBOTTOM
 10
0.0
 20
0.0
 30
0.0
  9
$UCSORGLEFT
 10
0.0
 20
0.0
 30
0.0
  9
$UCSORGRIGHT
 10
0.0
 20
0.0
 30
0.0
  9
$UCSORGFRONT
 10
0.0
 20
0.0
 30
0.0
  9
$UCSORGBACK
 10
0.0
 20
0.0
 30
0.0
  9
$PUCSBASE
  2

  9
$PUCSNAME
  2

  9
$PUCSORG
 10
0.0
 20
0.0
 30
0.0
  9
$PUCSXDIR
 10
1.0
 20
0.0
 30
0.0
  9
$PUCSYDIR
 10
0.0
 20
1.0
 30
0.0
  9
$PUCSORTHOREF
  2

  9
$PUCSORTHOVIEW
 70
     0
  9
$PUCSORGTOP
 10
0.0
 20
0.0
 30
0.0
  9
$PUCSORGBOTTOM
 10
0.0
 20
0.0
 30
0.0
  9
$PUCSORGLEFT
 10
0.0
 20
0.0
 30
0.0
  9
$PUCSORGRIGHT
 10
0.0
 20
0.0
 30
0.0
  9
$PUCSORGFRONT
 10
0.0
 20
0.0
 30
0.0
  9
$PUCSORGBACK
 10
0.0
 20
0.0
 30
0.0
  9
$USERI1
 70
     0
  9
$USERI2
 70
     0
  9
$USERI3
 70
     0
  9
$USERI4
 70
     0
  9
$USERI5
 70
     0
  9
$USERR1
 40
0.0
  9
$USERR2
 40
0.0
  9
$USERR3
 40
0.0
  9
$USERR4
 40
0.0
  9
$USERR5
 40
0.0
  9
$WORLDVIEW
 70
     1
  9
$SHADEDGE
 70
     3
  9
$SHADEDIF
 70
    70
  9
$TILEMODE
 70
     1
  9
$MAXACTVP
 70
    64
  9
$PINSBASE
 10
0.0
 20
0.0
 30
0.0
  9
$PLIMCHECK
 70
     0
  9
$PEXTMIN
 10
1.000000000000000E+20
 20
1.000000000000000E+20
 30
1.000000000000000E+20
  9
$PEXTMAX
 10
-1.000000000000000E+20
 20
-1.000000000000000E+20
 30
-1.000000000000000E+20
  9
$PLIMMIN
 10
0.0
 20
0.0
  9
$PLIMMAX
 10
420.0
 20
297.0
  9
$UNITMODE
 70
     0
  9
$VISRETAIN
 70
     1
  9
$PLINEGEN
 70
     0
  9
$PSLTSCALE
 70
     1
  9
$TREEDEPTH
 70
  3020
  9
$CMLSTYLE
  2
Standard
  9
$CMLJUST
 70
     0
  9
$CMLSCALE
 40
20.0
  9
$PROXYGRAPHICS
 70
     1
  9
$MEASUREMENT
 70
     1
  9
$CELWEIGHT
370
    -1
  9
$ENDCAPS
280
     0
  9
$JOINSTYLE
280
     0
  9
$LWDISPLAY
290
     0
  9
$INSUNITS
 70
     6
  9
$HYPERLINKBASE
  1

  9
$STYLESHEET
  1

  9
$XEDIT
290
     1
  9
$CEPSNTYPE
380
     0
  9
$PSTYLEMODE
290
     1
  9
$FINGERPRINTGUID
  2
{0AB2012F-5EA2-4D86-ABB0-2E8436D7ECDF}
  9
$VERSIONGUID
  2
{54374685-1829-4D59-9EC8-254CE7287302}
  9
$EXTNAMES
290
     1
  9
$PSVPSCALE
 40
0.0
  9
$OLESTARTUP
290
     0
  9
$SORTENTS
280
   127
  9
$INDEXCTL
280
     0
  9
$HIDETEXT
280
     1
  9
$XCLIPFRAME
280
     1
  9
$HALOGAP
280
     0
  9
$OBSCOLOR
 70
   257
  9
$OBSLTYPE
280
     0
  9
$INTERSECTIONDISPLAY
280
     0
  9
$INTERSECTIONCOLOR
 70
   257
  9
$DIMASSOC
280
     2
  9
$PROJECTNAME
  1

  9
$CAMERADISPLAY
290
     0
  9
$LENSLENGTH
 40
50.0
  9
$CAMERAHEIGHT
 40
0.0
  9
$STEPSPERSEC
 40
24.0
  9
$STEPSIZE
 40
100.0
  9
$3DDWFPREC
 40
2.0
  9
$PSOLWIDTH
 40
0.005
  9
$PSOLHEIGHT
 40
0.08
  9
$LOFTANG1
 40
1.570796326795
  9
$LOFTANG2
 40
1.570796326795
  9
$LOFTMAG1
 40
0.0
  9
$LOFTMAG2
 40
0.0
  9
$LOFTPARAM
 70
     7
  9
$LOFTNORMALS
280
     1
  9
$LATITUDE
 40
37.795
  9
$LONGITUDE
 40
-122.394
  9
$NORTHDIRECTION
 40
0.0
  9
$TIMEZONE
 70
 -8000
  9
$LIGHTGLYPHDISPLAY
280
     1
  9
$TILEMODELIGHTSYNCH
280
     1
  9
$CMATERIAL
347
20
  9
$SOLIDHIST
280
     0
  9
$SHOWHIST
280
     1
  9
$DWFFRAME
280
     2
  9
$DGNFRAME
280
     2
  9
$REALWORLDSCALE
290
     1
  9
$INTERFERECOLOR
 62
   256
  9
$CSHADOW
280
     0
  9
$SHADOWPLANELOCATION
 40
0.0
  0
ENDSEC
  0
SECTION
  2
CLASSES
  0
CLASS
  1
ACDBDICTIONARYWDFLT
  2
AcDbDictionaryWithDefault
  3
ObjectDBX Classes
 90
        0
 91
        3
280
     0
281
     0
  0
CLASS
  1
SUN
  2
AcDbSun
  3
SCENEOE
 90
     1153
 91
        3
280
     0
281
     0
  0
CLASS
  1
VISUALSTYLE
  2
AcDbVisualStyle
  3
ObjectDBX Classes
 90
     4095
 91
        3
280
     0
281
     0
  0
CLASS
  1
MATERIAL
  2
AcDbMaterial
  3
ObjectDBX Classes
 90
     1153
 91
        3
280
     0
281
     0
  0
CLASS
  1
SCALE
  2
AcDbScale
  3
ObjectDBX Classes
 90
     1153
 91
        3
280
     0
281
     0
  0
CLASS
  1
TABLESTYLE
  2
AcDbTableStyle
  3
ObjectDBX Classes
 90
     4095
 91
        3
280
     0
281
     0
  0
CLASS
  1
MLEADERSTYLE
  2
AcDbMLeaderStyle
  3
ACDB_MLEADERSTYLE_CLASS
 90
     4095
 91
        3
280
     0
281
     0
  0
CLASS
  1
DICTIONARYVAR
  2
AcDbDictionaryVar
  3
ObjectDBX Classes
 90
        0
 91
        3
280
     0
281
     0
  0
CLASS
  1
CELLSTYLEMAP
  2
AcDbCellStyleMap
  3
ObjectDBX Classes
 90
     1152
 91
        3
280
     0
281
     0
  0
CLASS
  1
MENTALRAYRENDERSETTINGS
  2
AcDbMentalRayRenderSettings
  3
SCENEOE
 90
     1024
 91
        3
280
     0
281
     0
  0
CLASS
  1
ACDBDETAILVIEWSTYLE
  2
AcDbDetailViewStyle
  3
ObjectDBX Classes
 90
     1025
 91
        3
280
     0
281
     0
  0
CLASS
  1
ACDBSECTIONVIEWSTYLE
  2
AcDbSectionViewStyle
  3
ObjectDBX Classes
 90
     1025
 91
        3
280
     0
281
     0
  0
CLASS
  1
RASTERVARIABLES
  2
AcDbRasterVariables
  3
ISM
 90
        0
 91
        3
280
     0
281
     0
  0
CLASS
  1
LAYOUT
  2
AcDbLayout
  3
ObjectDBX Classes
 90
        0
 91
        1
280
     0
281
     0
  0
CLASS
  1
ACDBPLACEHOLDER
  2
AcDbPlaceHolder
  3
ObjectDBX Classes
 90
        0
 91
        1
280
     0
281
     0
  0
ENDSEC
  0
SECTION
  2
TABLES
  0
TABLE
  2
VPORT
  5
8
330
0
100
AcDbSymbolTable
 70
     1
  0
VPORT
  5
23
330
8
100
AcDbSymbolTableRecord
100
AcDbViewportTableRecord
  2
*Active
 70
     0
 10
0.0
 20
0.0
 11
1.0
 21
1.0
 12
0.0
 22
0.0
 13
0.0
 23
0.0
 14
0.5
 24
0.5
 15
0.5
 25
0.5
 16
0.0
 26
0.0
 36
1.0
 17
0.0
 27
0.0
 37
0.0
 40
1000.0
 41
1.34
 42
50.0
 43
0.0
 44
0.0
 50
0.0
 51
0.0
 71
     0
 72
  1000
 73
     1
 74
     3
 75
     0
 76
     0
 77
     0
 78
     0
281
     0
 65
     0
110
0.0
120
0.0
130
0.0
111
1.0
121
0.0
131
0.0
112
0.0
122
1.0
132
0.0
 79
     0
146
0.0
348
5A
 60
     3
 61
     5
292
     1
282
     1
141
0.0
142
0.0
 63
   256
  0
ENDTAB
  0
TABLE
  2
LTYPE
  5
2
330
0
100
AcDbSymbolTable
 70
    20
  0
LTYPE
  5
24
330
2
100
AcDbSymbolTableRecord
100
AcDbLinetypeTableRecord
  2
ByBlock
 70
     0
  3

 72
    65
 73
     0
 40
0.0
  0
LTYPE
  5
25
330
2
100
AcDbSymbolTableRecord
100
AcDbLinetypeTableRecord
  2
ByLayer
 70
     0
  3

 72
    65
 73
     0
 40
0.0
  0
LTYPE
  5
26
330
2
100
AcDbSymbolTableRecord
100
AcDbLinetypeTableRecord
  2
Continuous
 70
     0
  3

 72
    65
 73
     0
 40
0.0
  0
LTYPE
  5
2F
330
2
100
AcDbSymbolTableRecord
100
AcDbLinetypeTableRecord
  2
CENTER
 70
     0
  3
Center ____ _ ____ _ ____ _ ____ _ ____ _ ____
 72
    65
 73
     4
 40
5.08
 49
3.175
 74
     0
 49
-0.635
 74
     0
 49
0.635
 74
     0
 49
-0.635
 74
     0
  0
LTYPE
  5
30
330
2
100
AcDbSymbolTableRecord
100
AcDbLinetypeTableRecord
  2
CENTERX2
 70
     0
  3
Center (2x) ________  __  ________  __  ________
 72
    65
 73
     4
 40
8.89
 49
6.35
 74
     0
 49
-0.635
 74
     0
 49
1.27
 74
     0
 49
-0.635
 74
     0
  0
LTYPE
  5
31
330
2
100
AcDbSymbolTableRecord
100
AcDbLinetypeTableRecord
  2
CENTER2
 70
     0
  3
Center (.5x) ____ _ ____ _ ____ _ ____ _ ____
 72
    65
 73
     4
 40
2.54
 49
1.587
 74
     0
 49
-0.318
 74
     0
 49
0.318
 74
     0
 49
-0.318
 74
     0
  0
LTYPE
  5
32
330
2
100
AcDbSymbolTableRecord
100
AcDbLinetypeTableRecord
  2
DASHED
 70
     0
  3
Dashed __ __ __ __ __ __ __ __ __ __ __ __ __ _
 72
    65
 73
     2
 40
1.524
 49
1.27
 74
     0
 49
-0.254
 74
     0
  0
LTYPE
  5
33
330
2
100
AcDbSymbolTableRecord
100
AcDbLinetypeTableRecord
  2
DASHEDX2
 70
     0
  3
Dashed (2x) ____  ____  ____  ____  ____  ____
 72
    65
 73
     2
 40
3.048
 49
2.54
 74
     0
 49
-0.508
 74
     0
  0
LTYPE
  5
34
330
2
100
AcDbSymbolTableRecord
100
AcDbLinetypeTableRecord
  2
DASHED2
 70
     0
  3
Dashed (.5x) _ _ _ _ _ _ _ _ _ _ _ _ _ _
 72
    65
 73
     2
 40
0.762
 49
0.635
 74
     0
 49
-0.127
 74
     0
  0
LTYPE
  5
35
330
2
100
AcDbSymbolTableRecord
100
AcDbLinetypeTableRecord
  2
PHANTOM
 70
     0
  3
Phantom ______  __  __  ______  __  __  ______
 72
    65
 73
     6
 40
6.35
 49
3.175
 74
     0
 49
-0.635
 74
     0
 49
0.635
 74
     0
 49
-0.635
 74
     0
 49
0.635
 74
     0
 49
-0.635
 74
     0
  0
LTYPE
  5
36
330
2
100
AcDbSymbolTableRecord
100
AcDbLinetypeTableRecord
  2
PHANTOMX2
 70
     0
  3
Phantom (2x)____________    ____    ____    ____________
 72
    65
 73
     6
 40
10.795
 49
6.35
 74
     0
 49
-0.635
 74
     0
 49
1.27
 74
     0
 49
-0.635
 74
     0
 49
1.27
 74
     0
 49
-0.635
 74
     0
  0
LTYPE
  5
37
330
2
100
AcDbSymbolTableRecord
100
AcDbLinetypeTableRecord
  2
PHANTOM2
 70
     0
  3
Phantom (.5x) ___ _ _ ___ _ _ ___ _ _ ___ _ _ ___
 72
    65
 73
     6
 40
3.175
 49
1.587
 74
     0
 49
-0.318
 74
     0
 49
0.318
 74
     0
 49
-0.318
 74
     0
 49
0.318
 74
     0
 49
-0.318
 74
     0
  0
LTYPE
  5
38
330
2
100
AcDbSymbolTableRecord
100
AcDbLinetypeTableRecord
  2
DASHDOT
 70
     0
  3
Dash dot __ . __ . __ . __ . __ . __ . __ . __
 72
    65
 73
     4
 40
3.556
 49
2.54
 74
     0
 49
-0.508
 74
     0
 49
0.0
 74
     0
 49
-0.508
 74
     0
  0
LTYPE
  5
39
330
2
100
AcDbSymbolTableRecord
100
AcDbLinetypeTableRecord
  2
DASHDOTX2
 70
     0
  3
Dash dot (2x) ____  .  ____  .  ____  .  ____
 72
    65
 73
     4
 40
6.096
 49
5.08
 74
     0
 49
-0.508
 74
     0
 49
0.0
 74
     0
 49
-0.508
 74
     0
  0
LTYPE
  5
3A
330
2
100
AcDbSymbolTableRecord
100
AcDbLinetypeTableRecord
  2
DASHDOT2
 70
     0
  3
Dash dot (.5x) _ . _ . _ . _ . _ . _ . _ . _
 72
    65
 73
     4
 40
1.778
 49
1.27
 74
     0
 49
-0.254
 74
     0
 49
0.0
 74
     0
 49
-0.254
 74
     0
  0
LTYPE
  5
3B
330
2
100
AcDbSymbolTableRecord
100
AcDbLinetypeTableRecord
  2
DOT
 70
     0
  3
Dot .  .  .  .  .  .  .  .  .  .  .  .  .  .  .  .
 72
    65
 73
     2
 40
0.508
 49
0.0
 74
     0
 49
-0.508
 74
     0
  0
LTYPE
  5
3C
330
2
100
AcDbSymbolTableRecord
100
AcDbLinetypeTableRecord
  2
DOTX2
 70
     0
  3
Dot (2x) .    .    .    .    .    .    .    . 
 72
    65
 73
     2
 40
1.016
 49
0.0
 74
     0
 49
-1.016
 74
     0
  0
LTYPE
  5
3D
330
2
100
AcDbSymbolTableRecord
100
AcDbLinetypeTableRecord
  2
DOT2
 70
     0
  3
Dot (.5) . . . . . . . . . . . . . . . . . . . 
 72
    65
 73
     2
 40
0.254
 49
0.0
 74
     0
 49
-0.254
 74
     0
  0
LTYPE
  5
3E
330
2
100
AcDbSymbolTableRecord
100
AcDbLinetypeTableRecord
  2
DIVIDE
 70
     0
  3
Divide __ . . __ . . __ . . __ . . __ . . __
 72
    65
 73
     6
 40
4.064
 49
2.54
 74
     0
 49
-0.508
 74
     0
 49
0.0
 74
     0
 49
-0.508
 74
     0
 49
0.0
 74
     0
 49
-0.508
 74
     0
  0
LTYPE
  5
3F
330
2
100
AcDbSymbolTableRecord
100
AcDbLinetypeTableRecord
  2
DIVIDEX2
 70
     0
  3
Divide (2x) ____  . .  ____  . .  ____  . .  ____
 72
    65
 73
     6
 40
6.604
 49
5.08
 74
     0
 49
-0.508
 74
     0
 49
0.0
 74
     0
 49
-0.508
 74
     0
 49
0.0
 74
     0
 49
-0.508
 74
     0
  0
LTYPE
  5
40
330
2
100
AcDbSymbolTableRecord
100
AcDbLinetypeTableRecord
  2
DIVIDE2
 70
     0
  3
Divide(.5x) _ . _ . _ . _ . _ . _ . _ . _
 72
    65
 73
     6
 40
2.032
 49
1.27
 74
     0
 49
-0.254
 74
     0
 49
0.0
 74
     0
 49
-0.254
 74
     0
 49
0.0
 74
     0
 49
-0.254
 74
     0
  0
LTYPE
  5
8A
330
2
100
AcDbSymbolTableRecord
100
AcDbLinetypeTableRecord
  2
DK3S_CENTER
 70
     0
  3
GOST 2.303-5 ____ _ ____ _ ____
 72
    65
 73
     4
 40
24.0
 49
20.0
 74
     0
 49
-1.5
 74
     0
 49
1.0
 74
     0
 49
-1.5
 74
     0
  0
ENDTAB
  0
TABLE
  2
LAYER
  5
1
330
0
100
AcDbSymbolTable
 70
     8
  0
LAYER
  5
27
330
1
100
AcDbSymbolTableRecord
100
AcDbLayerTableRecord
  2
0
 70
     0
 62
     7
  6
Continuous
370
    -3
390
13
347
21
348
0
  0
LAYER
  5
28
330
1
100
AcDbSymbolTableRecord
100
AcDbLayerTableRecord
  2
Defpoints
 70
     0
 62
     7
  6
Continuous
290
     0
370
    -3
390
13
347
21
348
0
  0
LAYER
  5
8B
330
1
100
AcDbSymbolTableRecord
100
AcDbLayerTableRecord
  2
DK3S_CONTOUR
 70
     0
 62
     7
  6
Continuous
370
    60
390
13
347
21
348
0
  0
LAYER
  5
8C
330
1
100
AcDbSymbolTableRecord
100
AcDbLayerTableRecord
  2
DK3S_THIN
 70
     0
 62
     8
  6
Continuous
370
    30
390
13
347
21
348
0
  0
LAYER
  5
8D
330
1
100
AcDbSymbolTableRecord
100
AcDbLayerTableRecord
  2
DK3S_AXIS
 70
     0
 62
     1
  6
DK3S_CENTER
370
    30
390
13
347
21
348
0
  0
LAYER
  5
8E
330
1
100
AcDbSymbolTableRecord
100
AcDbLayerTableRecord
  2
DK3S_DIM
 70
     0
 62
     4
  6
Continuous
370
    25
390
13
347
21
348
0
  0
LAYER
  5
8F
330
1
100
AcDbSymbolTableRecord
100
AcDbLayerTableRecord
  2
DK3S_TEXT
 70
     0
 62
     2
  6
Continuous
370
    25
390
13
347
21
348
0
  0
LAYER
  5
90
330
1
100
AcDbSymbolTableRecord
100
AcDbLayerTableRecord
  2
DK3S_FRAME
 70
     0
 62
     7
  6
Continuous
370
    60
390
13
347
21
348
0
  0
ENDTAB
  0
TABLE
  2
STYLE
  5
5
330
0
100
AcDbSymbolTable
 70
    27
  0
STYLE
  5
29
330
5
100
AcDbSymbolTableRecord
100
AcDbTextStyleTableRecord
  2
Standard
 70
     0
 40
0.0
 41
1.0
 50
0.0
 71
     0
 42
2.5
  3
txt
  4

  0
STYLE
  5
41
330
5
100
AcDbSymbolTableRecord
100
AcDbTextStyleTableRecord
  2
OpenSans-Light
 70
     0
 40
0.0
 41
1.0
 50
0.0
 71
     0
 42
2.5
  3
OpenSans-Light.ttf
  4

  0
STYLE
  5
42
330
5
100
AcDbSymbolTableRecord
100
AcDbTextStyleTableRecord
  2
OpenSans-Light-Italic
 70
     0
 40
0.0
 41
1.0
 50
0.0
 71
     0
 42
2.5
  3
OpenSans-LightItalic.ttf
  4

  0
STYLE
  5
43
330
5
100
AcDbSymbolTableRecord
100
AcDbTextStyleTableRecord
  2
OpenSans
 70
     0
 40
0.0
 41
1.0
 50
0.0
 71
     0
 42
2.5
  3
OpenSans-Regular.ttf
  4

  0
STYLE
  5
44
330
5
100
AcDbSymbolTableRecord
100
AcDbTextStyleTableRecord
  2
OpenSans-Italic
 70
     0
 40
0.0
 41
1.0
 50
0.0
 71
     0
 42
2.5
  3
OpenSans-Italic.ttf
  4

  0
STYLE
  5
45
330
5
100
AcDbSymbolTableRecord
100
AcDbTextStyleTableRecord
  2
OpenSans-SemiBold
 70
     0
 40
0.0
 41
1.0
 50
0.0
 71
     0
 42
2.5
  3
OpenSans-SemiBold.ttf
  4

  0
STYLE
  5
46
330
5
100
AcDbSymbolTableRecord
100
AcDbTextStyleTableRecord
  2
OpenSans-SemiBoldItalic
 70
     0
 40
0.0
 41
1.0
 50
0.0
 71
     0
 42
2.5
  3
OpenSans-SemiBoldItalic.ttf
  4

  0
STYLE
  5
47
330
5
100
AcDbSymbolTableRecord
100
AcDbTextStyleTableRecord
  2
OpenSans-Bold
 70
     0
 40
0.0
 41
1.0
 50
0.0
 71
     0
 42
2.5
  3
OpenSans-Bold.ttf
  4

  0
STYLE
  5
48
330
5
100
AcDbSymbolTableRecord
100
AcDbTextStyleTableRecord
  2
OpenSans-BoldItalic
 70
     0
 40
0.0
 41
1.0
 50
0.0
 71
     0
 42
2.5
  3
OpenSans-BoldItalic.ttf
  4

  0
STYLE
  5
49
330
5
100
AcDbSymbolTableRecord
100
AcDbTextStyleTableRecord
  2
OpenSans-ExtraBold
 70
     0
 40
0.0
 41
1.0
 50
0.0
 71
     0
 42
2.5
  3
OpenSans-ExtraBold.ttf
  4

  0
STYLE
  5
4A
330
5
100
AcDbSymbolTableRecord
100
AcDbTextStyleTableRecord
  2
OpenSans-ExtraBoldItalic
 70
     0
 40
0.0
 41
1.0
 50
0.0
 71
     0
 42
2.5
  3
OpenSans-ExtraBoldItalic.ttf
  4

  0
STYLE
  5
4B
330
5
100
AcDbSymbolTableRecord
100
AcDbTextStyleTableRecord
  2
OpenSansCondensed-Bold
 70
     0
 40
0.0
 41
1.0
 50
0.0
 71
     0
 42
2.5
  3
OpenSansCondensed-Bold.ttf
  4

  0
STYLE
  5
4C
330
5
100
AcDbSymbolTableRecord
100
AcDbTextStyleTableRecord
  2
OpenSansCondensed-Light
 70
     0
 40
0.0
 41
1.0
 50
0.0
 71
     0
 42
2.5
  3
OpenSansCondensed-Light.ttf
  4

  0
STYLE
  5
4D
330
5
100
AcDbSymbolTableRecord
100
AcDbTextStyleTableRecord
  2
OpenSansCondensed-Italic
 70
     0
 40
0.0
 41
1.0
 50
0.0
 71
     0
 42
2.5
  3
OpenSansCondensed-LightItalic.ttf
  4

  0
STYLE
  5
4E
330
5
100
AcDbSymbolTableRecord
100
AcDbTextStyleTableRecord
  2
LiberationSans
 70
     0
 40
0.0
 41
1.0
 50
0.0
 71
     0
 42
2.5
  3
LiberationSans-Regular.ttf
  4

  0
STYLE
  5
4F
330
5
100
AcDbSymbolTableRecord
100
AcDbTextStyleTableRecord
  2
LiberationSans-Bold
 70
     0
 40
0.0
 41
1.0
 50
0.0
 71
     0
 42
2.5
  3
LiberationSans-Bold.ttf
  4

  0
STYLE
  5
50
330
5
100
AcDbSymbolTableRecord
100
AcDbTextStyleTableRecord
  2
LiberationSans-BoldItalic
 70
     0
 40
0.0
 41
1.0
 50
0.0
 71
     0
 42
2.5
  3
LiberationSans-BoldItalic.ttf
  4

  0
STYLE
  5
51
330
5
100
AcDbSymbolTableRecord
100
AcDbTextStyleTableRecord
  2
LiberationSans-Italic
 70
     0
 40
0.0
 41
1.0
 50
0.0
 71
     0
 42
2.5
  3
LiberationSans-Italic.ttf
  4

  0
STYLE
  5
52
330
5
100
AcDbSymbolTableRecord
100
AcDbTextStyleTableRecord
  2
LiberationSerif
 70
     0
 40
0.0
 41
1.0
 50
0.0
 71
     0
 42
2.5
  3
LiberationSerif-Regular.ttf
  4

  0
STYLE
  5
53
330
5
100
AcDbSymbolTableRecord
100
AcDbTextStyleTableRecord
  2
LiberationSerif-Bold
 70
     0
 40
0.0
 41
1.0
 50
0.0
 71
     0
 42
2.5
  3
LiberationSerif-Bold.ttf
  4

  0
STYLE
  5
54
330
5
100
AcDbSymbolTableRecord
100
AcDbTextStyleTableRecord
  2
LiberationSerif-BoldItalic
 70
     0
 40
0.0
 41
1.0
 50
0.0
 71
     0
 42
2.5
  3
LiberationSerif-BoldItalic.ttf
  4

  0
STYLE
  5
55
330
5
100
AcDbSymbolTableRecord
100
AcDbTextStyleTableRecord
  2
LiberationSerif-Italic
 70
     0
 40
0.0
 41
1.0
 50
0.0
 71
     0
 42
2.5
  3
LiberationSerif-Italic.ttf
  4

  0
STYLE
  5
56
330
5
100
AcDbSymbolTableRecord
100
AcDbTextStyleTableRecord
  2
LiberationMono
 70
     0
 40
0.0
 41
1.0
 50
0.0
 71
     0
 42
2.5
  3
LiberationMono-Regular.ttf
  4

  0
STYLE
  5
57
330
5
100
AcDbSymbolTableRecord
100
AcDbTextStyleTableRecord
  2
LiberationMono-Bold
 70
     0
 40
0.0
 41
1.0
 50
0.0
 71
     0
 42
2.5
  3
LiberationMono-Bold.ttf
  4

  0
STYLE
  5
58
330
5
100
AcDbSymbolTableRecord
100
AcDbTextStyleTableRecord
  2
LiberationMono-BoldItalic
 70
     0
 40
0.0
 41
1.0
 50
0.0
 71
     0
 42
2.5
  3
LiberationMono-BoldItalic.ttf
  4

  0
STYLE
  5
59
330
5
100
AcDbSymbolTableRecord
100
AcDbTextStyleTableRecord
  2
LiberationMono-Italic
 70
     0
 40
0.0
 41
1.0
 50
0.0
 71
     0
 42
2.5
  3
LiberationMono-Italic.ttf
  4

  0
STYLE
  5
91
330
5
100
AcDbSymbolTableRecord
100
AcDbTextStyleTableRecord
  2
DK3S_GOST
 70
     0
 40
0.0
 41
1.0
 50
15.0
 71
     0
 42
2.5
  3
GOST.shx
  4

  0
ENDTAB
  0
TABLE
  2
VIEW
  5
7
330
0
100
AcDbSymbolTable
 70
     0
  0
ENDTAB
  0
TABLE
  2
UCS
  5
6
330
0
100
AcDbSymbolTable
 70
     0
  0
ENDTAB
  0
TABLE
  2
APPID
  5
3
330
0
100
AcDbSymbolTable
 70
     3
  0
APPID
  5
2A
330
3
100
AcDbSymbolTableRecord
100
AcDbRegAppTableRecord
  2
ACAD
 70
     0
  0
APPID
  5
4B6
330
3
100
AcDbSymbolTableRecord
100
AcDbRegAppTableRecord
  2
HATCHBACKGROUNDCOLOR
 70
     0
  0
APPID
  5
4B7
330
3
100
AcDbSymbolTableRecord
100
AcDbRegAppTableRecord
  2
EZDXF
 70
     0
  0
ENDTAB
  0
TABLE
  2
DIMSTYLE
  5
4
330
0
100
AcDbSymbolTable
 70
    13
100
AcDbDimStyleTable
  0
DIMSTYLE
105
2B
330
4
100
AcDbSymbolTableRecord
100
AcDbDimStyleTableRecord
  2
Standard
 70
     0
 41
2.5
 42
0.625
 43
3.75
 44
1.25
 49
2.5
 73
     0
 74
     0
 77
     1
 78
     8
 79
     3
140
2.5
141
2.5
143
0.03937007874
147
0.625
171
     3
172
     1
178
     0
179
     2
271
     2
272
     2
274
     3
278
    44
283
     0
284
     8
340
29
  0
DIMSTYLE
105
73
330
4
100
AcDbSymbolTableRecord
100
AcDbDimStyleTableRecord
  2
EZDXF
 70
     0
 41
0.175
 42
0.125
 43
3.75
 44
0.375
 49
2.5
 73
     0
 74
     0
 77
     1
 78
    12
 79
     3
140
0.25
141
2.5
143
0.03937007874
144
100.0
146
0.5
147
0.1
171
     3
172
     1
178
     0
179
     2
271
     2
272
     2
274
     3
279
     2
283
     0
284
     8
288
     1
340
4C
342
74
  0
DIMSTYLE
105
7C
330
4
100
AcDbSymbolTableRecord
100
AcDbDimStyleTableRecord
  2
EZ_M_100_H25_CM
 70
     0
 41
0.25
 42
0.125
 43
3.75
 44
0.375
 49
2.5
 73
     0
 74
     0
 77
     1
 78
    12
 79
     3
140
0.25
141
2.5
142
0.125
143
0.03937007874
144
100.0
146
0.5
147
0.1
171
     3
172
     1
178
     0
179
     2
271
     2
272
     2
274
     3
279
     2
283
     0
284
     8
288
     1
340
4C
  0
DIMSTYLE
105
7D
330
4
100
AcDbSymbolTableRecord
100
AcDbDimStyleTableRecord
  2
EZ_M_50_H25_CM
 70
     0
 41
0.125
 43
3.75
 44
0.1875
 49
2.5
 73
     0
 74
     0
 77
     1
 78
    12
 79
     3
140
0.125
141
2.5
142
0.0625
143
0.03937007874
144
100.0
146
0.5
147
0.05
171
     3
172
     1
178
     0
179
     2
271
     2
272
     2
274
     3
279
     2
283
     0
284
     8
288
     1
340
4C
  0
DIMSTYLE
105
7E
330
4
100
AcDbSymbolTableRecord
100
AcDbDimStyleTableRecord
  2
EZ_M_25_H25_CM
 70
     0
 41
0.0625
 42
0.03125
 43
3.75
 44
0.09375
 49
2.5
 73
     0
 74
     0
 77
     1
 78
    12
 79
     3
140
0.0625
141
2.5
142
0.03125
143
0.03937007874
144
100.0
146
0.5
147
0.025
171
     3
172
     1
178
     0
179
     2
271
     2
272
     2
274
     3
279
     2
283
     0
284
     8
288
     1
340
4C
  0
DIMSTYLE
105
7F
330
4
100
AcDbSymbolTableRecord
100
AcDbDimStyleTableRecord
  2
EZ_M_20_H25_CM
 70
     0
 41
0.05
 42
0.025
 43
3.75
 44
0.075
 49
2.5
 73
     0
 74
     0
 77
     1
 78
    12
 79
     3
140
0.05
141
2.5
142
0.025
143
0.03937007874
144
100.0
146
0.5
147
0.02
171
     3
172
     1
178
     0
179
     2
271
     2
272
     2
274
     3
279
     2
283
     0
284
     8
288
     1
340
4C
  0
DIMSTYLE
105
80
330
4
100
AcDbSymbolTableRecord
100
AcDbDimStyleTableRecord
  2
EZ_M_10_H25_CM
 70
     0
 41
0.025
 42
0.0125
 43
3.75
 44
0.0375
 49
2.5
 73
     0
 74
     0
 77
     1
 78
    12
 79
     3
140
0.025
141
2.5
142
0.0125
143
0.03937007874
144
100.0
146
0.5
147
0.01
171
     3
172
     1
178
     0
179
     2
271
     2
272
     2
274
     3
279
     2
283
     0
284
     8
288
     1
340
4C
  0
DIMSTYLE
105
81
330
4
100
AcDbSymbolTableRecord
100
AcDbDimStyleTableRecord
  2
EZ_M_5_H25_CM
 70
     0
 41
0.0125
 42
0.00625
 43
3.75
 44
0.01875
 49
2.5
 73
     0
 74
     0
 77
     1
 78
    12
 79
     3
140
0.0125
141
2.5
142
0.00625
143
0.03937007874
144
100.0
146
0.5
147
0.005
171
     3
172
     1
178
     0
179
     2
271
     2
272
     2
274
     3
279
     2
283
     0
284
     8
288
     1
340
4C
  0
DIMSTYLE
105
82
330
4
100
AcDbSymbolTableRecord
100
AcDbDimStyleTableRecord
  2
EZ_M_1_H25_CM
 70
     0
 41
0.0025
 42
0.00125
 43
3.75
 44
0.00375
 49
2.5
 73
     0
 74
     0
 77
     1
 78
    12
 79
     3
140
0.0025
141
2.5
142
0.00125
143
0.03937007874
144
100.0
146
0.5
147
0.001
171
     3
172
     1
178
     0
179
     2
271
     2
272
     2
274
     3
279
     2
283
     0
284
     8
288
     1
340
4C
  0
DIMSTYLE
105
83
330
4
100
AcDbSymbolTableRecord
100
AcDbDimStyleTableRecord
  2
EZ_RADIUS
 70
     0
 41
0.25
 42
0.125
 43
3.75
 44
0.375
 49
2.5
 73
     0
 74
     0
 77
     1
 78
    12
 79
     3
140
0.25
141
0.0
143
0.03937007874
144
100.0
146
0.5
147
0.1
171
     3
178
     0
179
     2
271
     2
272
     2
274
     3
279
     1
283
     0
284
     8
288
     1
340
4C
342
84
  0
DIMSTYLE
105
88
330
4
100
AcDbSymbolTableRecord
100
AcDbDimStyleTableRecord
  2
EZ_RADIUS_INSIDE
 70
     0
 41
0.25
 42
0.125
 43
3.75
 44
0.375
 49
2.5
 73
     0
 74
     0
 78
    12
 79
     3
140
0.25
141
0.0
143
0.03937007874
144
100.0
146
0.5
147
0.1
171
     3
174
     1
178
     0
179
     2
271
     2
272
     2
274
     3
283
     0
284
     8
288
     1
289
     0
340
4C
342
84
  0
DIMSTYLE
105
89
330
4
100
AcDbSymbolTableRecord
100
AcDbDimStyleTableRecord
  2
EZ_CURVED
 70
     0
 41
0.25
 42
0.125
 43
3.75
 44
0.375
 49
2.5
 90
        2
 73
     0
 74
     0
 77
     1
 78
    12
 79
     2
140
0.25
141
2.5
143
0.03937007874
144
100.0
146
0.5
147
0.1
171
     3
172
     1
178
     0
179
     2
271
     2
272
     2
274
     3
279
     2
283
     0
284
     8
288
     1
340
4C
  0
DIMSTYLE
105
92
330
4
100
AcDbSymbolTableRecord
100
AcDbDimStyleTableRecord
  2
DK3S
 70
     0
 40
2.0
 41
3.0
 42
0.625
 43
7.0
 44
1.25
 49
2.5
 73
     0
 74
     0
 77
     1
 78
     8
 79
     3
140
3.5
141
2.5
143
0.03937007874
147
0.625
172
     1
174
     1
178
     0
179
     2
271
     1
272
     2
274
     3
278
    44
283
     0
284
     8
340
91
  0
ENDTAB
  0
TABLE
  2
BLOCK_RECORD
  5
9
330
0
100
AcDbSymbolTable
 70
    24
  0
BLOCK_RECORD
  5
17
330
9
100
AcDbSymbolTableRecord
100
AcDbBlockTableRecord
  2
*Model_Space
340
1A
 70
     0
280
     1
281
     0
  0
BLOCK_RECORD
  5
1B
330
9
100
AcDbSymbolTableRecord
100
AcDbBlockTableRecord
  2
*Paper_Space
340
1E
 70
     0
280
     1
281
     0
  0
BLOCK_RECORD
  5
74
330
9
100
AcDbSymbolTableRecord
100
AcDbBlockTableRecord
  2
_ARCHTICK
340
0
 70
     0
280
     1
281
     0
  0
BLOCK_RECORD
  5
78
330
9
100
AcDbSymbolTableRecord
100
AcDbBlockTableRecord
  2
_CLOSEDFILLED
340
0
 70
     0
280
     1
281
     0
  0
BLOCK_RECORD
  5
84
330
9
100
AcDbSymbolTableRecord
100
AcDbBlockTableRecord
  2
_CLOSEDBLANK
340
0
 70
     0
280
     1
281
     0
  0
BLOCK_RECORD
  5
4F5
330
9
100
AcDbSymbolTableRecord
100
AcDbBlockTableRecord
  2
*D3
340
0
 70
     0
280
     1
281
     0
  0
BLOCK_RECORD
  5
502
330
9
100
AcDbSymbolTableRecord
100
AcDbBlockTableRecord
  2
*D4
340
0
 70
     0
280
     1
281
     0
  0
BLOCK_RECORD
  5
50E
330
9
100
AcDbSymbolTableRecord
100
AcDbBlockTableRecord
  2
*D5
340
0
 70
     0
280
     1
281
     0
  0
BLOCK_RECORD
  5
51A
330
9
100
AcDbSymbolTableRecord
100
AcDbBlockTableRecord
  2
*D6
340
0
 70
     0
280
     1
281
     0
  0
BLOCK_RECORD
  5
526
330
9
100
AcDbSymbolTableRecord
100
AcDbBlockTableRecord
  2
*D7
340
0
 70
     0
280
     1
281
     0
  0
BLOCK_RECORD
  5
532
330
9
100
AcDbSymbolTableRecord
100
AcDbBlockTableRecord
  2
*D8
340
0
 70
     0
280
     1
281
     0
  0
BLOCK_RECORD
  5
53E
330
9
100
AcDbSymbolTableRecord
100
AcDbBlockTableRecord
  2
*D9
340
0
 70
     0
280
     1
281
     0
  0
BLOCK_RECORD
  5
54A
330
9
100
AcDbSymbolTableRecord
100
AcDbBlockTableRecord
  2
*D10
340
0
 70
     0
280
     1
281
     0
  0
BLOCK_RECORD
  5
558
330
9
100
AcDbSymbolTableRecord
100
AcDbBlockTableRecord
  2
*D11
340
0
 70
     0
280
     1
281
     0
  0
BLOCK_RECORD
  5
564
330
9
100
AcDbSymbolTableRecord
100
AcDbBlockTableRecord
  2
*D12
340
0
 70
     0
280
     1
281
     0
  0
BLOCK_RECORD
  5
570
330
9
100
AcDbSymbolTableRecord
100
AcDbBlockTableRecord
  2
*D13
340
0
 70
     0
280
     1
281
     0
  0
BLOCK_RECORD
  5
57C
330
9
100
AcDbSymbolTableRecord
100
AcDbBlockTableRecord
  2
*D14
340
0
 70
     0
280
     1
281
     0
  0
BLOCK_RECORD
  5
58B
330
9
100
AcDbSymbolTableRecord
100
AcDbBlockTableRecord
  2
*D15
340
0
 70
     0
280
     1
281
     0
  0
BLOCK_RECORD
  5
59A
330
9
100
AcDbSymbolTableRecord
100
AcDbBlockTableRecord
  2
*D16
340
0
 70
     0
280
     1
281
     0
  0
BLOCK_RECORD
  5
5A7
330
9
100
AcDbSymbolTableRecord
100
AcDbBlockTableRecord
  2
*D17
340
0
 70
     0
280
     1
281
     0
  0
BLOCK_RECORD
  5
5B3
330
9
100
AcDbSymbolTableRecord
100
AcDbBlockTableRecord
  2
*D18
340
0
 70
     0
280
     1
281
     0
  0
BLOCK_RECORD
  5
5BF
330
9
100
AcDbSymbolTableRecord
100
AcDbBlockTableRecord
  2
*D19
340
0
 70
     0
280
     1
281
     0
  0
BLOCK_RECORD
  5
5CE
330
9
100
AcDbSymbolTableRecord
100
AcDbBlockTableRecord
  2
*D20
340
0
 70
     0
280
     1
281
     0
  0
BLOCK_RECORD
  5
5DC
330
9
100
AcDbSymbolTableRecord
100
AcDbBlockTableRecord
  2
*D21
340
0
 70
     0
280
     1
281
     0
  0
BLOCK_RECORD
  5
5E9
330
9
100
AcDbSymbolTableRecord
100
AcDbBlockTableRecord
  2
*D22
340
0
 70
     0
280
     1
281
     0
  0
BLOCK_RECORD
  5
5F6
330
9
100
AcDbSymbolTableRecord
100
AcDbBlockTableRecord
  2
*D23
340
0
 70
     0
280
     1
281
     0
  0
ENDTAB
  0
ENDSEC
  0
SECTION
  2
BLOCKS
  0
BLOCK
  5
18
330
17
100
AcDbEntity
  8
0
100
AcDbBlockBegin
  2
*Model_Space
 70
     0
 10
0.0
 20
0.0
 30
0.0
  3
*Model_Space
  1

  0
ENDBLK
  5
19
330
17
100
AcDbEntity
  8
0
100
AcDbBlockEnd
  0
BLOCK
  5
1C
330
1B
100
AcDbEntity
 67
     1
  8
0
100
AcDbBlockBegin
  2
*Paper_Space
 70
     0
 10
0.0
 20
0.0
 30
0.0
  3
*Paper_Space
  1

  0
ENDBLK
  5
1D
330
1B
100
AcDbEntity
 67
     1
  8
0
100
AcDbBlockEnd
  0
BLOCK
  5
75
330
74
100
AcDbEntity
  8
0
100
AcDbBlockBegin
  2
_ARCHTICK
 70
     0
 10
0.0
 20
0.0
 30
0.0
  3
_ARCHTICK
  1

  0
LWPOLYLINE
  5
77
330
74
100
AcDbEntity
  8
0
  6
ByBlock
 62
     0
100
AcDbPolyline
 90
        2
 70
     0
 43
0.15
 10
-0.5
 20
-0.5
 10
0.5
 20
0.5
  0
ENDBLK
  5
76
330
74
100
AcDbEntity
  8
0
100
AcDbBlockEnd
  0
BLOCK
  5
79
330
78
100
AcDbEntity
  8
0
100
AcDbBlockBegin
  2
_CLOSEDFILLED
 70
     0
 10
0.0
 20
0.0
 30
0.0
  3
_CLOSEDFILLED
  1

  0
SOLID
  5
7B
330
78
100
AcDbEntity
  8
0
  6
ByBlock
 62
     0
100
AcDbTrace
 10
-1.0
 20
0.1643989837240254
 30
0.0
 11
0.0
 21
0.0
 31
0.0
 12
-1.0
 22
-0.1643989837240254
 32
0.0
 13
-1.0
 23
-0.1643989837240254
 33
0.0
  0
ENDBLK
  5
7A
330
78
100
AcDbEntity
  8
0
100
AcDbBlockEnd
  0
BLOCK
  5
85
330
84
100
AcDbEntity
  8
0
100
AcDbBlockBegin
  2
_CLOSEDBLANK
 70
     0
 10
0.0
 20
0.0
 30
0.0
  3
_CLOSEDBLANK
  1

  0
LWPOLYLINE
  5
87
330
84
100
AcDbEntity
  8
0
  6
ByBlock
 62
     0
100
AcDbPolyline
 90
        3
 70
     1
 43
0.0
 10
-1.0
 20
0.1643989837240254
 10
0.0
 20
0.0
 10
-1.0
 20
-0.1643989837240254
  0
ENDBLK
  5
86
330
84
100
AcDbEntity
  8
0
100
AcDbBlockEnd
  0
BLOCK
  5
4F6
330
4F5
100
AcDbEntity
  8
0
100
AcDbBlockBegin
  2
*D3
 70
     1
 10
0.0
 20
0.0
 30
0.0
  3
*D3
  1

  0
LINE
  5
4F8
330
4F5
100
AcDbEntity
  8
DK3S_DIM
 62
     0
370
    -2
100
AcDbLine
 10
96.0
 20
428.75
 30
0.0
 11
96.0
 21
387.5
 31
0.0
  0
LINE
  5
4F9
330
4F5
100
AcDbEntity
  8
DK3S_DIM
 62
     0
370
    -2
100
AcDbLine
 10
121.5
 20
428.75
 30
0.0
 11
121.5
 21
387.5
 31
0.0
  0
LINE
  5
4FA
330
4F5
100
AcDbEntity
  8
DK3S_DIM
 62
     0
370
    -2
100
AcDbLine
 10
96.0
 20
390.0
 30
0.0
 11
64.81924449315774
 21
390.0
 31
0.0
  0
LINE
  5
4FB
330
4F5
100
AcDbEntity
  8
DK3S_DIM
 62
     0
370
    -2
100
AcDbLine
 10
102.0
 20
390.0
 30
0.0
 11
115.5
 21
390.0
 31
0.0
  0
SOLID
  5
4FC
330
4F5
100
AcDbEntity
  8
DK3S_DIM
 62
     0
100
AcDbTrace
 10
102.0
 20
391.0
 30
0.0
 11
102.0
 21
389.0
 31
0.0
 12
96.0
 22
390.0
 32
0.0
 13
96.0
 23
390.0
 33
0.0
  0
SOLID
  5
4FD
330
4F5
100
AcDbEntity
  8
DK3S_DIM
 62
     0
100
AcDbTrace
 10
115.5
 20
389.0
 30
0.0
 11
115.5
 21
391.0
 31
0.0
 12
121.5
 22
390.0
 32
0.0
 13
121.5
 23
390.0
 33
0.0
  0
MTEXT
  5
4FE
330
4F5
100
AcDbEntity
  8
DK3S_DIM
 62
     0
100
AcDbMText
 10
77.3404
 20
395.4166666666667
 30
0.0
 40
7.0
 41
0.0
 46
0.0
 71
     5
 72
     1
  1
25,5
  7
DK3S_GOST
 73
     1
 44
1.0
  0
POINT
  5
4FF
330
4F5
100
AcDbEntity
  8
Defpoints
 62
     0
100
AcDbPoint
 10
96.0
 20
430.0
 30
0.0
  0
POINT
  5
500
330
4F5
100
AcDbEntity
  8
Defpoints
 62
     0
100
AcDbPoint
 10
121.5
 20
430.0
 30
0.0
  0
POINT
  5
501
330
4F5
100
AcDbEntity
  8
Defpoints
 62
     0
100
AcDbPoint
 10
121.5
 20
390.0
 30
0.0
  0
ENDBLK
  5
4F7
330
4F5
100
AcDbEntity
  8
0
100
AcDbBlockEnd
  0
BLOCK
  5
503
330
502
100
AcDbEntity
  8
0
100
AcDbBlockBegin
  2
*D4
 70
     1
 10
0.0
 20
0.0
 30
0.0
  3
*D4
  1

  0
LINE
  5
505
330
502
100
AcDbEntity
  8
DK3S_DIM
 62
     0
370
    -2
100
AcDbLine
 10
121.5
 20
428.75
 30
0.0
 11
121.5
 21
387.5
 31
0.0
  0
LINE
  5
506
330
502
100
AcDbEntity
  8
DK3S_DIM
 62
     0
370
    -2
100
AcDbLine
 10
141.5
 20
428.75
 30
0.0
 11
141.5
 21
387.5
 31
0.0
  0
LINE
  5
507
330
502
100
AcDbEntity
  8
DK3S_DIM
 62
     0
370
    -2
100
AcDbLine
 10
127.5
 20
390.0
 30
0.0
 11
135.5
 21
390.0
 31
0.0
  0
SOLID
  5
508
330
502
100
AcDbEntity
  8
DK3S_DIM
 62
     0
100
AcDbTrace
 10
127.5
 20
391.0
 30
0.0
 11
127.5
 21
389.0
 31
0.0
 12
121.5
 22
390.0
 32
0.0
 13
121.5
 23
390.0
 33
0.0
  0
SOLID
  5
509
330
502
100
AcDbEntity
  8
DK3S_DIM
 62
     0
100
AcDbTrace
 10
135.5
 20
389.0
 30
0.0
 11
135.5
 21
391.0
 31
0.0
 12
141.5
 22
390.0
 32
0.0
 13
141.5
 23
390.0
 33
0.0
  0
MTEXT
  5
50A
330
502
100
AcDbEntity
  8
DK3S_DIM
 62
     0
100
AcDbMText
 10
131.5
 20
394.75
 30
0.0
 40
7.0
 41
0.0
 46
0.0
 71
     5
 72
     1
  1
20
  7
DK3S_GOST
 73
     1
 44
1.0
  0
POINT
  5
50B
330
502
100
AcDbEntity
  8
Defpoints
 62
     0
100
AcDbPoint
 10
121.5
 20
430.0
 30
0.0
  0
POINT
  5
50C
330
502
100
AcDbEntity
  8
Defpoints
 62
     0
100
AcDbPoint
 10
141.5
 20
430.0
 30
0.0
  0
POINT
  5
50D
330
502
100
AcDbEntity
  8
Defpoints
 62
     0
100
AcDbPoint
 10
141.5
 20
390.0
 30
0.0
  0
ENDBLK
  5
504
330
502
100
AcDbEntity
  8
0
100
AcDbBlockEnd
  0
BLOCK
  5
50F
330
50E
100
AcDbEntity
  8
0
100
AcDbBlockBegin
  2
*D5
 70
     1
 10
0.0
 20
0.0
 30
0.0
  3
*D5
  1

  0
LINE
  5
511
330
50E
100
AcDbEntity
  8
DK3S_DIM
 62
     0
370
    -2
100
AcDbLine
 10
141.5
 20
428.75
 30
0.0
 11
141.5
 21
387.5
 31
0.0
  0
LINE
  5
512
330
50E
100
AcDbEntity
  8
DK3S_DIM
 62
     0
370
    -2
100
AcDbLine
 10
161.5
 20
428.75
 30
0.0
 11
161.5
 21
387.5
 31
0.0
  0
LINE
  5
513
330
50E
100
AcDbEntity
  8
DK3S_DIM
 62
     0
370
    -2
100
AcDbLine
 10
147.5
 20
390.0
 30
0.0
 11
155.5
 21
390.0
 31
0.0
  0
SOLID
  5
514
330
50E
100
AcDbEntity
  8
DK3S_DIM
 62
     0
100
AcDbTrace
 10
147.5
 20
391.0
 30
0.0
 11
147.5
 21
389.0
 31
0.0
 12
141.5
 22
390.0
 32
0.0
 13
141.5
 23
390.0
 33
0.0
  0
SOLID
  5
515
330
50E
100
AcDbEntity
  8
DK3S_DIM
 62
     0
100
AcDbTrace
 10
155.5
 20
389.0
 30
0.0
 11
155.5
 21
391.0
 31
0.0
 12
161.5
 22
390.0
 32
0.0
 13
161.5
 23
390.0
 33
0.0
  0
MTEXT
  5
516
330
50E
100
AcDbEntity
  8
DK3S_DIM
 62
     0
100
AcDbMText
 10
151.5
 20
394.75
 30
0.0
 40
7.0
 41
0.0
 46
0.0
 71
     5
 72
     1
  1
20
  7
DK3S_GOST
 73
     1
 44
1.0
  0
POINT
  5
517
330
50E
100
AcDbEntity
  8
Defpoints
 62
     0
100
AcDbPoint
 10
141.5
 20
430.0
 30
0.0
  0
POINT
  5
518
330
50E
100
AcDbEntity
  8
Defpoints
 62
     0
100
AcDbPoint
 10
161.5
 20
430.0
 30
0.0
  0
POINT
  5
519
330
50E
100
AcDbEntity
  8
Defpoints
 62
     0
100
AcDbPoint
 10
161.5
 20
390.0
 30
0.0
  0
ENDBLK
  5
510
330
50E
100
AcDbEntity
  8
0
100
AcDbBlockEnd
  0
BLOCK
  5
51B
330
51A
100
AcDbEntity
  8
0
100
AcDbBlockBegin
  2
*D6
 70
     1
 10
0.0
 20
0.0
 30
0.0
  3
*D6
  1

  0
LINE
  5
51D
330
51A
100
AcDbEntity
  8
DK3S_DIM
 62
     0
370
    -2
100
AcDbLine
 10
111.6
 20
412.75
 30
0.0
 11
111.6
 21
371.5
 31
0.0
  0
LINE
  5
51E
330
51A
100
AcDbEntity
  8
DK3S_DIM
 62
     0
370
    -2
100
AcDbLine
 10
320.8
 20
412.75
 30
0.0
 11
320.8
 21
371.5
 31
0.0
  0
LINE
  5
51F
330
51A
100
AcDbEntity
  8
DK3S_DIM
 62
     0
370
    -2
100
AcDbLine
 10
117.6
 20
374.0
 30
0.0
 11
314.8
 21
374.0
 31
0.0
  0
SOLID
  5
520
330
51A
100
AcDbEntity
  8
DK3S_DIM
 62
     0
100
AcDbTrace
 10
117.6
 20
375.0
 30
0.0
 11
117.6
 21
373.0
 31
0.0
 12
111.6
 22
374.0
 32
0.0
 13
111.6
 23
374.0
 33
0.0
  0
SOLID
  5
521
330
51A
100
AcDbEntity
  8
DK3S_DIM
 62
     0
100
AcDbTrace
 10
314.8
 20
373.0
 30
0.0
 11
314.8
 21
375.0
 31
0.0
 12
320.8
 22
374.0
 32
0.0
 13
320.8
 23
374.0
 33
0.0
  0
MTEXT
  5
522
330
51A
100
AcDbEntity
  8
DK3S_DIM
 62
     0
100
AcDbMText
 10
216.2
 20
379.4166666666667
 30
0.0
 40
7.0
 41
0.0
 46
0.0
 71
     5
 72
     1
  1
209,2
  7
DK3S_GOST
 73
     1
 44
1.0
  0
POINT
  5
523
330
51A
100
AcDbEntity
  8
Defpoints
 62
     0
100
AcDbPoint
 10
111.6
 20
414.0
 30
0.0
  0
POINT
  5
524
330
51A
100
AcDbEntity
  8
Defpoints
 62
     0
100
AcDbPoint
 10
320.8
 20
414.0
 30
0.0
  0
POINT
  5
525
330
51A
100
AcDbEntity
  8
Defpoints
 62
     0
100
AcDbPoint
 10
320.8
 20
374.0
 30
0.0
  0
ENDBLK
  5
51C
330
51A
100
AcDbEntity
  8
0
100
AcDbBlockEnd
  0
BLOCK
  5
527
330
526
100
AcDbEntity
  8
0
100
AcDbBlockBegin
  2
*D7
 70
     1
 10
0.0
 20
0.0
 30
0.0
  3
*D7
  1

  0
LINE
  5
529
330
526
100
AcDbEntity
  8
DK3S_DIM
 62
     0
370
    -2
100
AcDbLine
 10
96.0
 20
428.75
 30
0.0
 11
96.0
 21
357.5
 31
0.0
  0
LINE
  5
52A
330
526
100
AcDbEntity
  8
DK3S_DIM
 62
     0
370
    -2
100
AcDbLine
 10
361.8
 20
399.25
 30
0.0
 11
361.8
 21
357.5
 31
0.0
  0
LINE
  5
52B
330
526
100
AcDbEntity
  8
DK3S_DIM
 62
     0
370
    -2
100
AcDbLine
 10
102.0
 20
360.0
 30
0.0
 11
355.8
 21
360.0
 31
0.0
  0
SOLID
  5
52C
330
526
100
AcDbEntity
  8
DK3S_DIM
 62
     0
100
AcDbTrace
 10
102.0
 20
361.0
 30
0.0
 11
102.0
 21
359.0
 31
0.0
 12
96.0
 22
360.0
 32
0.0
 13
96.0
 23
360.0
 33
0.0
  0
SOLID
  5
52D
330
526
100
AcDbEntity
  8
DK3S_DIM
 62
     0
100
AcDbTrace
 10
355.8
 20
359.0
 30
0.0
 11
355.8
 21
361.0
 31
0.0
 12
361.8
 22
360.0
 32
0.0
 13
361.8
 23
360.0
 33
0.0
  0
MTEXT
  5
52E
330
526
100
AcDbEntity
  8
DK3S_DIM
 62
     0
100
AcDbMText
 10
228.9
 20
365.4166666666667
 30
0.0
 40
7.0
 41
0.0
 46
0.0
 71
     5
 72
     1
  1
265,8
  7
DK3S_GOST
 73
     1
 44
1.0
  0
POINT
  5
52F
330
526
100
AcDbEntity
  8
Defpoints
 62
     0
100
AcDbPoint
 10
96.0
 20
430.0
 30
0.0
  0
POINT
  5
530
330
526
100
AcDbEntity
  8
Defpoints
 62
     0
100
AcDbPoint
 10
361.8
 20
400.5
 30
0.0
  0
POINT
  5
531
330
526
100
AcDbEntity
  8
Defpoints
 62
     0
100
AcDbPoint
 10
361.8
 20
360.0
 30
0.0
  0
ENDBLK
  5
528
330
526
100
AcDbEntity
  8
0
100
AcDbBlockEnd
  0
BLOCK
  5
533
330
532
100
AcDbEntity
  8
0
100
AcDbBlockBegin
  2
*D8
 70
     1
 10
0.0
 20
0.0
 30
0.0
  3
*D8
  1

  0
LINE
  5
535
330
532
100
AcDbEntity
  8
DK3S_DIM
 62
     0
370
    -2
100
AcDbLine
 10
361.8
 20
399.25
 30
0.0
 11
361.8
 21
357.5
 31
0.0
  0
LINE
  5
536
330
532
100
AcDbEntity
  8
DK3S_DIM
 62
     0
370
    -2
100
AcDbLine
 10
709.8000000000001
 20
405.95
 30
0.0
 11
709.8000000000001
 21
357.5
 31
0.0
  0
LINE
  5
537
330
532
100
AcDbEntity
  8
DK3S_DIM
 62
     0
370
    -2
100
AcDbLine
 10
367.8
 20
360.0
 30
0.0
 11
703.8000000000001
 21
360.0
 31
0.0
  0
SOLID
  5
538
330
532
100
AcDbEntity
  8
DK3S_DIM
 62
     0
100
AcDbTrace
 10
367.8
 20
361.0
 30
0.0
 11
367.8
 21
359.0
 31
0.0
 12
361.8
 22
360.0
 32
0.0
 13
361.8
 23
360.0
 33
0.0
  0
SOLID
  5
539
330
532
100
AcDbEntity
  8
DK3S_DIM
 62
     0
100
AcDbTrace
 10
703.8000000000001
 20
359.0
 30
0.0
 11
703.8000000000001
 21
361.0
 31
0.0
 12
709.8000000000001
 22
360.0
 32
0.0
 13
709.8000000000001
 23
360.0
 33
0.0
  0
MTEXT
  5
53A
330
532
100
AcDbEntity
  8
DK3S_DIM
 62
     0
100
AcDbMText
 10
535.8000000000001
 20
364.75
 30
0.0
 40
7.0
 41
0.0
 46
0.0
 71
     5
 72
     1
  1
348
  7
DK3S_GOST
 73
     1
 44
1.0
  0
POINT
  5
53B
330
532
100
AcDbEntity
  8
Defpoints
 62
     0
100
AcDbPoint
 10
361.8
 20
400.5
 30
0.0
  0
POINT
  5
53C
330
532
100
AcDbEntity
  8
Defpoints
 62
     0
100
AcDbPoint
 10
709.8000000000001
 20
407.2
 30
0.0
  0
POINT
  5
53D
330
532
100
AcDbEntity
  8
Defpoints
 62
     0
100
AcDbPoint
 10
709.8000000000001
 20
360.0
 30
0.0
  0
ENDBLK
  5
534
330
532
100
AcDbEntity
  8
0
100
AcDbBlockEnd
  0
BLOCK
  5
53F
330
53E
100
AcDbEntity
  8
0
100
AcDbBlockBegin
  2
*D9
 70
     1
 10
0.0
 20
0.0
 30
0.0
  3
*D9
  1

  0
LINE
  5
541
330
53E
100
AcDbEntity
  8
DK3S_DIM
 62
     0
370
    -2
100
AcDbLine
 10
96.0
 20
428.75
 30
0.0
 11
96.0
 21
343.5
 31
0.0
  0
LINE
  5
542
330
53E
100
AcDbEntity
  8
DK3S_DIM
 62
     0
370
    -2
100
AcDbLine
 10
709.8000000000001
 20
405.95
 30
0.0
 11
709.8000000000001
 21
343.5
 31
0.0
  0
LINE
  5
543
330
53E
100
AcDbEntity
  8
DK3S_DIM
 62
     0
370
    -2
100
AcDbLine
 10
102.0
 20
346.0
 30
0.0
 11
703.8000000000001
 21
346.0
 31
0.0
  0
SOLID
  5
544
330
53E
100
AcDbEntity
  8
DK3S_DIM
 62
     0
100
AcDbTrace
 10
102.0
 20
347.0
 30
0.0
 11
102.0
 21
345.0
 31
0.0
 12
96.0
 22
346.0
 32
0.0
 13
96.0
 23
346.0
 33
0.0
  0
SOLID
  5
545
330
53E
100
AcDbEntity
  8
DK3S_DIM
 62
     0
100
AcDbTrace
 10
703.8000000000001
 20
345.0
 30
0.0
 11
703.8000000000001
 21
347.0
 31
0.0
 12
709.8000000000001
 22
346.0
 32
0.0
 13
709.8000000000001
 23
346.0
 33
0.0
  0
MTEXT
  5
546
330
53E
100
AcDbEntity
  8
DK3S_DIM
 62
     0
100
AcDbMText
 10
402.9
 20
351.4166666666667
 30
0.0
 40
7.0
 41
0.0
 46
0.0
 71
     5
 72
     1
  1
*613,8
  7
DK3S_GOST
 73
     1
 44
1.0
  0
POINT
  5
547
330
53E
100
AcDbEntity
  8
Defpoints
 62
     0
100
AcDbPoint
 10
96.0
 20
430.0
 30
0.0
  0
POINT
  5
548
330
53E
100
AcDbEntity
  8
Defpoints
 62
     0
100
AcDbPoint
 10
709.8000000000001
 20
407.2
 30
0.0
  0
POINT
  5
549
330
53E
100
AcDbEntity
  8
Defpoints
 62
     0
100
AcDbPoint
 10
709.8000000000001
 20
346.0
 30
0.0
  0
ENDBLK
  5
540
330
53E
100
AcDbEntity
  8
0
100
AcDbBlockEnd
  0
BLOCK
  5
54B
330
54A
100
AcDbEntity
  8
0
100
AcDbBlockBegin
  2
*D10
 70
     1
 10
0.0
 20
0.0
 30
0.0
  3
*D10
  1

  0
LINE
  5
54D
330
54A
100
AcDbEntity
  8
DK3S_DIM
 62
     0
370
    -2
100
AcDbLine
 10
96.0
 20
445.25
 30
0.0
 11
96.0
 21
474.5
 31
0.0
  0
LINE
  5
54E
330
54A
100
AcDbEntity
  8
DK3S_DIM
 62
     0
370
    -2
100
AcDbLine
 10
111.6
 20
445.25
 30
0.0
 11
111.6
 21
474.5
 31
0.0
  0
LINE
  5
54F
330
54A
100
AcDbEntity
  8
DK3S_DIM
 62
     0
370
    -2
100
AcDbLine
 10
96.0
 20
472.0
 30
0.0
 11
111.6
 21
472.0
 31
0.0
  0
LINE
  5
550
330
54A
100
AcDbEntity
  8
DK3S_DIM
 62
     0
370
    -2
100
AcDbLine
 10
90.0
 20
472.0
 30
0.0
 11
84.0
 21
472.0
 31
0.0
  0
LINE
  5
551
330
54A
100
AcDbEntity
  8
DK3S_DIM
 62
     0
370
    -2
100
AcDbLine
 10
117.6
 20
472.0
 30
0.0
 11
123.6
 21
472.0
 31
0.0
  0
SOLID
  5
552
330
54A
100
AcDbEntity
  8
DK3S_DIM
 62
     0
100
AcDbTrace
 10
90.0
 20
471.0
 30
0.0
 11
90.0
 21
473.0
 31
0.0
 12
96.0
 22
472.0
 32
0.0
 13
96.0
 23
472.0
 33
0.0
  0
SOLID
  5
553
330
54A
100
AcDbEntity
  8
DK3S_DIM
 62
     0
100
AcDbTrace
 10
117.6
 20
473.0
 30
0.0
 11
117.6
 21
471.0
 31
0.0
 12
111.6
 22
472.0
 32
0.0
 13
111.6
 23
472.0
 33
0.0
  0
MTEXT
  5
554
330
54A
100
AcDbEntity
  8
DK3S_DIM
 62
     0
100
AcDbMText
 10
103.8
 20
477.4166666666667
 30
0.0
 40
7.0
 41
0.0
 46
0.0
 71
     5
 72
     1
  1
15,6
  7
DK3S_GOST
 73
     1
 44
1.0
  0
POINT
  5
555
330
54A
100
AcDbEntity
  8
Defpoints
 62
     0
100
AcDbPoint
 10
96.0
 20
444.0
 30
0.0
  0
POINT
  5
556
330
54A
100
AcDbEntity
  8
Defpoints
 62
     0
100
AcDbPoint
 10
111.6
 20
444.0
 30
0.0
  0
POINT
  5
557
330
54A
100
AcDbEntity
  8
Defpoints
 62
     0
100
AcDbPoint
 10
111.6
 20
472.0
 30
0.0
  0
ENDBLK
  5
54C
330
54A
100
AcDbEntity
  8
0
100
AcDbBlockEnd
  0
BLOCK
  5
559
330
558
100
AcDbEntity
  8
0
100
AcDbBlockBegin
  2
*D11
 70
     1
 10
0.0
 20
0.0
 30
0.0
  3
*D11
  1

  0
LINE
  5
55B
330
558
100
AcDbEntity
  8
DK3S_DIM
 62
     0
370
    -2
100
AcDbLine
 10
224.75
 20
414.0
 30
0.0
 11
223.5
 21
414.0
 31
0.0
  0
LINE
  5
55C
330
558
100
AcDbEntity
  8
DK3S_DIM
 62
     0
370
    -2
100
AcDbLine
 10
224.75
 20
446.0
 30
0.0
 11
223.5
 21
446.0
 31
0.0
  0
LINE
  5
55D
330
558
100
AcDbEntity
  8
DK3S_DIM
 62
     0
370
    -2
100
AcDbLine
 10
226.0
 20
420.0
 30
0.0
 11
226.0
 21
440.0
 31
0.0
  0
SOLID
  5
55E
330
558
100
AcDbEntity
  8
DK3S_DIM
 62
     0
100
AcDbTrace
 10
225.0
 20
420.0
 30
0.0
 11
227.0
 21
420.0
 31
0.0
 12
226.0
 22
414.0
 32
0.0
 13
226.0
 23
414.0
 33
0.0
  0
SOLID
  5
55F
330
558
100
AcDbEntity
  8
DK3S_DIM
 62
     0
100
AcDbTrace
 10
227.0
 20
440.0
 30
0.0
 11
225.0
 21
440.0
 31
0.0
 12
226.0
 22
446.0
 32
0.0
 13
226.0
 23
446.0
 33
0.0
  0
MTEXT
  5
560
330
558
100
AcDbEntity
  8
DK3S_DIM
 62
     0
100
AcDbMText
 10
221.25
 20
430.0
 30
0.0
 40
7.0
 41
0.0
 46
0.0
 71
     5
 72
     1
  1
%%c32
  7
DK3S_GOST
 11
0.0
 21
1.0
 31
0.0
 73
     1
 44
1.0
  0
POINT
  5
561
330
558
100
AcDbEntity
  8
Defpoints
 62
     0
100
AcDbPoint
 10
226.0
 20
414.0
 30
0.0
  0
POINT
  5
562
330
558
100
AcDbEntity
  8
Defpoints
 62
     0
100
AcDbPoint
 10
226.0
 20
446.0
 30
0.0
  0
POINT
  5
563
330
558
100
AcDbEntity
  8
Defpoints
 62
     0
100
AcDbPoint
 10
226.0
 20
446.0
 30
0.0
  0
ENDBLK
  5
55A
330
558
100
AcDbEntity
  8
0
100
AcDbBlockEnd
  0
BLOCK
  5
565
330
564
100
AcDbEntity
  8
0
100
AcDbBlockBegin
  2
*D12
 70
     1
 10
0.0
 20
0.0
 30
0.0
  3
*D12
  1

  0
LINE
  5
567
330
564
100
AcDbEntity
  8
DK3S_DIM
 62
     0
370
    -2
100
AcDbLine
 10
340.75
 20
409.0
 30
0.0
 11
339.5
 21
409.0
 31
0.0
  0
LINE
  5
568
330
564
100
AcDbEntity
  8
DK3S_DIM
 62
     0
370
    -2
100
AcDbLine
 10
340.75
 20
451.0
 30
0.0
 11
339.5
 21
451.0
 31
0.0
  0
LINE
  5
569
330
564
100
AcDbEntity
  8
DK3S_DIM
 62
     0
370
    -2
100
AcDbLine
 10
342.0
 20
415.0
 30
0.0
 11
342.0
 21
445.0
 31
0.0
  0
SOLID
  5
56A
330
564
100
AcDbEntity
  8
DK3S_DIM
 62
     0
100
AcDbTrace
 10
341.0
 20
415.0
 30
0.0
 11
343.0
 21
415.0
 31
0.0
 12
342.0
 22
409.0
 32
0.0
 13
342.0
 23
409.0
 33
0.0
  0
SOLID
  5
56B
330
564
100
AcDbEntity
  8
DK3S_DIM
 62
     0
100
AcDbTrace
 10
343.0
 20
445.0
 30
0.0
 11
341.0
 21
445.0
 31
0.0
 12
342.0
 22
451.0
 32
0.0
 13
342.0
 23
451.0
 33
0.0
  0
MTEXT
  5
56C
330
564
100
AcDbEntity
  8
DK3S_DIM
 62
     0
100
AcDbMText
 10
337.25
 20
430.0
 30
0.0
 40
7.0
 41
0.0
 46
0.0
 71
     5
 72
     1
  1
M42x3
  7
DK3S_GOST
 11
0.0
 21
1.0
 31
0.0
 73
     1
 44
1.0
  0
POINT
  5
56D
330
564
100
AcDbEntity
  8
Defpoints
 62
     0
100
AcDbPoint
 10
342.0
 20
409.0
 30
0.0
  0
POINT
  5
56E
330
564
100
AcDbEntity
  8
Defpoints
 62
     0
100
AcDbPoint
 10
342.0
 20
451.0
 30
0.0
  0
POINT
  5
56F
330
564
100
AcDbEntity
  8
Defpoints
 62
     0
100
AcDbPoint
 10
342.0
 20
451.0
 30
0.0
  0
ENDBLK
  5
566
330
564
100
AcDbEntity
  8
0
100
AcDbBlockEnd
  0
BLOCK
  5
571
330
570
100
AcDbEntity
  8
0
100
AcDbBlockBegin
  2
*D13
 70
     1
 10
0.0
 20
0.0
 30
0.0
  3
*D13
  1

  0
LINE
  5
573
330
570
100
AcDbEntity
  8
DK3S_DIM
 62
     0
370
    -2
100
AcDbLine
 10
320.8
 20
407.75
 30
0.0
 11
320.8
 21
387.5
 31
0.0
  0
LINE
  5
574
330
570
100
AcDbEntity
  8
DK3S_DIM
 62
     0
370
    -2
100
AcDbLine
 10
381.8
 20
405.75
 30
0.0
 11
381.8
 21
387.5
 31
0.0
  0
LINE
  5
575
330
570
100
AcDbEntity
  8
DK3S_DIM
 62
     0
370
    -2
100
AcDbLine
 10
326.8
 20
390.0
 30
0.0
 11
375.8
 21
390.0
 31
0.0
  0
SOLID
  5
576
330
570
100
AcDbEntity
  8
DK3S_DIM
 62
     0
100
AcDbTrace
 10
326.8
 20
391.0
 30
0.0
 11
326.8
 21
389.0
 31
0.0
 12
320.8
 22
390.0
 32
0.0
 13
320.8
 23
390.0
 33
0.0
  0
SOLID
  5
577
330
570
100
AcDbEntity
  8
DK3S_DIM
 62
     0
100
AcDbTrace
 10
375.8
 20
389.0
 30
0.0
 11
375.8
 21
391.0
 31
0.0
 12
381.8
 22
390.0
 32
0.0
 13
381.8
 23
390.0
 33
0.0
  0
MTEXT
  5
578
330
570
100
AcDbEntity
  8
DK3S_DIM
 62
     0
100
AcDbMText
 10
351.3
 20
394.75
 30
0.0
 40
7.0
 41
0.0
 46
0.0
 71
     5
 72
     1
  1
61
  7
DK3S_GOST
 73
     1
 44
1.0
  0
POINT
  5
579
330
570
100
AcDbEntity
  8
Defpoints
 62
     0
100
AcDbPoint
 10
320.8
 20
409.0
 30
0.0
  0
POINT
  5
57A
330
570
100
AcDbEntity
  8
Defpoints
 62
     0
100
AcDbPoint
 10
381.8
 20
407.0
 30
0.0
  0
POINT
  5
57B
330
570
100
AcDbEntity
  8
Defpoints
 62
     0
100
AcDbPoint
 10
381.8
 20
390.0
 30
0.0
  0
ENDBLK
  5
572
330
570
100
AcDbEntity
  8
0
100
AcDbBlockEnd
  0
BLOCK
  5
57D
330
57C
100
AcDbEntity
  8
0
100
AcDbBlockBegin
  2
*D14
 70
     1
 10
0.0
 20
0.0
 30
0.0
  3
*D14
  1

  0
LINE
  5
57F
330
57C
100
AcDbEntity
  8
DK3S_DIM
 62
     0
370
    -2
100
AcDbLine
 10
549.75
 20
427.0
 30
0.0
 11
548.5
 21
427.0
 31
0.0
  0
LINE
  5
580
330
57C
100
AcDbEntity
  8
DK3S_DIM
 62
     0
370
    -2
100
AcDbLine
 10
549.75
 20
433.0
 30
0.0
 11
548.5
 21
433.0
 31
0.0
  0
LINE
  5
581
330
57C
100
AcDbEntity
  8
DK3S_DIM
 62
     0
370
    -2
100
AcDbLine
 10
551.0
 20
433.0
 30
0.0
 11
551.0
 21
459.5064126288223
 31
0.0
  0
LINE
  5
582
330
57C
100
AcDbEntity
  8
DK3S_DIM
 62
     0
370
    -2
100
AcDbLine
 10
551.0
 20
427.0
 30
0.0
 11
551.0
 21
433.0
 31
0.0
  0
LINE
  5
583
330
57C
100
AcDbEntity
  8
DK3S_DIM
 62
     0
370
    -2
100
AcDbLine
 10
551.0
 20
421.0
 30
0.0
 11
551.0
 21
415.0
 31
0.0
  0
LINE
  5
584
330
57C
100
AcDbEntity
  8
DK3S_DIM
 62
     0
370
    -2
100
AcDbLine
 10
551.0
 20
439.0
 30
0.0
 11
551.0
 21
445.0
 31
0.0
  0
SOLID
  5
585
330
57C
100
AcDbEntity
  8
DK3S_DIM
 62
     0
100
AcDbTrace
 10
552.0
 20
421.0
 30
0.0
 11
550.0
 21
421.0
 31
0.0
 12
551.0
 22
427.0
 32
0.0
 13
551.0
 23
427.0
 33
0.0
  0
SOLID
  5
586
330
57C
100
AcDbEntity
  8
DK3S_DIM
 62
     0
100
AcDbTrace
 10
550.0
 20
439.0
 30
0.0
 11
552.0
 21
439.0
 31
0.0
 12
551.0
 22
433.0
 32
0.0
 13
551.0
 23
433.0
 33
0.0
  0
MTEXT
  5
587
330
57C
100
AcDbEntity
  8
DK3S_DIM
 62
     0
100
AcDbMText
 10
546.25
 20
452.2532063144112
 30
0.0
 40
7.0
 41
0.0
 46
0.0
 71
     5
 72
     1
  1
%%c6
  7
DK3S_GOST
 11
0.0
 21
1.0
 31
0.0
 73
     1
 44
1.0
  0
POINT
  5
588
330
57C
100
AcDbEntity
  8
Defpoints
 62
     0
100
AcDbPoint
 10
551.0
 20
427.0
 30
0.0
  0
POINT
  5
589
330
57C
100
AcDbEntity
  8
Defpoints
 62
     0
100
AcDbPoint
 10
551.0
 20
433.0
 30
0.0
  0
POINT
  5
58A
330
57C
100
AcDbEntity
  8
Defpoints
 62
     0
100
AcDbPoint
 10
551.0
 20
433.0
 30
0.0
  0
ENDBLK
  5
57E
330
57C
100
AcDbEntity
  8
0
100
AcDbBlockEnd
  0
BLOCK
  5
58C
330
58B
100
AcDbEntity
  8
0
100
AcDbBlockBegin
  2
*D15
 70
     1
 10
0.0
 20
0.0
 30
0.0
  3
*D15
  1

  0
LINE
  5
58E
330
58B
100
AcDbEntity
  8
DK3S_DIM
 62
     0
370
    -2
100
AcDbLine
 10
444.75
 20
403.9
 30
0.0
 11
443.5
 21
403.9
 31
0.0
  0
LINE
  5
58F
330
58B
100
AcDbEntity
  8
DK3S_DIM
 62
     0
370
    -2
100
AcDbLine
 10
444.75
 20
406.9
 30
0.0
 11
443.5
 21
406.9
 31
0.0
  0
LINE
  5
590
330
58B
100
AcDbEntity
  8
DK3S_DIM
 62
     0
370
    -2
100
AcDbLine
 10
446.0
 20
403.9
 30
0.0
 11
446.0
 21
377.1256381787466
 31
0.0
  0
LINE
  5
591
330
58B
100
AcDbEntity
  8
DK3S_DIM
 62
     0
370
    -2
100
AcDbLine
 10
446.0
 20
403.9
 30
0.0
 11
446.0
 21
406.9
 31
0.0
  0
LINE
  5
592
330
58B
100
AcDbEntity
  8
DK3S_DIM
 62
     0
370
    -2
100
AcDbLine
 10
446.0
 20
397.9
 30
0.0
 11
446.0
 21
391.9
 31
0.0
  0
LINE
  5
593
330
58B
100
AcDbEntity
  8
DK3S_DIM
 62
     0
370
    -2
100
AcDbLine
 10
446.0
 20
412.9
 30
0.0
 11
446.0
 21
418.9
 31
0.0
  0
SOLID
  5
594
330
58B
100
AcDbEntity
  8
DK3S_DIM
 62
     0
100
AcDbTrace
 10
447.0
 20
397.9
 30
0.0
 11
445.0
 21
397.9
 31
0.0
 12
446.0
 22
403.9
 32
0.0
 13
446.0
 23
403.9
 33
0.0
  0
SOLID
  5
595
330
58B
100
AcDbEntity
  8
DK3S_DIM
 62
     0
100
AcDbTrace
 10
445.0
 20
412.9
 30
0.0
 11
447.0
 21
412.9
 31
0.0
 12
446.0
 22
406.9
 32
0.0
 13
446.0
 23
406.9
 33
0.0
  0
MTEXT
  5
596
330
58B
100
AcDbEntity
  8
DK3S_DIM
 62
     0
100
AcDbMText
 10
441.25
 20
384.5128190893733
 30
0.0
 40
7.0
 41
0.0
 46
0.0
 71
     5
 72
     1
  1
%%c3
  7
DK3S_GOST
 11
0.0
 21
1.0
 31
0.0
 73
     1
 44
1.0
  0
POINT
  5
597
330
58B
100
AcDbEntity
  8
Defpoints
 62
     0
100
AcDbPoint
 10
446.0
 20
403.9
 30
0.0
  0
POINT
  5
598
330
58B
100
AcDbEntity
  8
Defpoints
 62
     0
100
AcDbPoint
 10
446.0
 20
406.9
 30
0.0
  0
POINT
  5
599
330
58B
100
AcDbEntity
  8
Defpoints
 62
     0
100
AcDbPoint
 10
446.0
 20
406.9
 30
0.0
  0
ENDBLK
  5
58D
330
58B
100
AcDbEntity
  8
0
100
AcDbBlockEnd
  0
BLOCK
  5
59B
330
59A
100
AcDbEntity
  8
0
100
AcDbBlockBegin
  2
*D16
 70
     1
 10
0.0
 20
0.0
 30
0.0
  3
*D16
  1

  0
LINE
  5
59D
330
59A
100
AcDbEntity
  8
DK3S_DIM
 62
     0
370
    -2
100
AcDbLine
 10
659.75
 20
442.8
 30
0.0
 11
658.5
 21
442.8
 31
0.0
  0
LINE
  5
59E
330
59A
100
AcDbEntity
  8
DK3S_DIM
 62
     0
370
    -2
100
AcDbLine
 10
659.75
 20
462.8
 30
0.0
 11
658.5
 21
462.8
 31
0.0
  0
LINE
  5
59F
330
59A
100
AcDbEntity
  8
DK3S_DIM
 62
     0
370
    -2
100
AcDbLine
 10
661.0
 20
462.8
 30
0.0
 11
661.0
 21
490.678481449006
 31
0.0
  0
LINE
  5
5A0
330
59A
100
AcDbEntity
  8
DK3S_DIM
 62
     0
370
    -2
100
AcDbLine
 10
661.0
 20
448.8
 30
0.0
 11
661.0
 21
456.8
 31
0.0
  0
SOLID
  5
5A1
330
59A
100
AcDbEntity
  8
DK3S_DIM
 62
     0
100
AcDbTrace
 10
660.0
 20
448.8
 30
0.0
 11
662.0
 21
448.8
 31
0.0
 12
661.0
 22
442.8
 32
0.0
 13
661.0
 23
442.8
 33
0.0
  0
SOLID
  5
5A2
330
59A
100
AcDbEntity
  8
DK3S_DIM
 62
     0
100
AcDbTrace
 10
662.0
 20
456.8
 30
0.0
 11
660.0
 21
456.8
 31
0.0
 12
661.0
 22
462.8
 32
0.0
 13
661.0
 23
462.8
 33
0.0
  0
MTEXT
  5
5A3
330
59A
100
AcDbEntity
  8
DK3S_DIM
 62
     0
100
AcDbMText
 10
656.25
 20
480.1366
 30
0.0
 40
7.0
 41
0.0
 46
0.0
 71
     5
 72
     1
  1
%%c20
  7
DK3S_GOST
 11
0.0
 21
1.0
 31
0.0
 73
     1
 44
1.0
  0
POINT
  5
5A4
330
59A
100
AcDbEntity
  8
Defpoints
 62
     0
100
AcDbPoint
 10
661.0
 20
442.8
 30
0.0
  0
POINT
  5
5A5
330
59A
100
AcDbEntity
  8
Defpoints
 62
     0
100
AcDbPoint
 10
661.0
 20
462.8
 30
0.0
  0
POINT
  5
5A6
330
59A
100
AcDbEntity
  8
Defpoints
 62
     0
100
AcDbPoint
 10
661.0
 20
462.8
 30
0.0
  0
ENDBLK
  5
59C
330
59A
100
AcDbEntity
  8
0
100
AcDbBlockEnd
  0
BLOCK
  5
5A8
330
5A7
100
AcDbEntity
  8
0
100
AcDbBlockBegin
  2
*D17
 70
     1
 10
0.0
 20
0.0
 30
0.0
  3
*D17
  1

  0
LINE
  5
5AA
330
5A7
100
AcDbEntity
  8
DK3S_DIM
 62
     0
370
    -2
100
AcDbLine
 10
617.7
 20
441.55
 30
0.0
 11
617.7
 21
424.5
 31
0.0
  0
LINE
  5
5AB
330
5A7
100
AcDbEntity
  8
DK3S_DIM
 62
     0
370
    -2
100
AcDbLine
 10
678.8000000000001
 20
441.55
 30
0.0
 11
678.8000000000001
 21
424.5
 31
0.0
  0
LINE
  5
5AC
330
5A7
100
AcDbEntity
  8
DK3S_DIM
 62
     0
370
    -2
100
AcDbLine
 10
623.7
 20
427.0
 30
0.0
 11
672.8000000000001
 21
427.0
 31
0.0
  0
SOLID
  5
5AD
330
5A7
100
AcDbEntity
  8
DK3S_DIM
 62
     0
100
AcDbTrace
 10
623.7
 20
428.0
 30
0.0
 11
623.7
 21
426.0
 31
0.0
 12
617.7
 22
427.0
 32
0.0
 13
617.7
 23
427.0
 33
0.0
  0
SOLID
  5
5AE
330
5A7
100
AcDbEntity
  8
DK3S_DIM
 62
     0
100
AcDbTrace
 10
672.8000000000001
 20
426.0
 30
0.0
 11
672.8000000000001
 21
428.0
 31
0.0
 12
678.8000000000001
 22
427.0
 32
0.0
 13
678.8000000000001
 23
427.0
 33
0.0
  0
MTEXT
  5
5AF
330
5A7
100
AcDbEntity
  8
DK3S_DIM
 62
     0
100
AcDbMText
 10
648.25
 20
432.4166666666667
 30
0.0
 40
7.0
 41
0.0
 46
0.0
 71
     5
 72
     1
  1
61,1
  7
DK3S_GOST
 73
     1
 44
1.0
  0
POINT
  5
5B0
330
5A7
100
AcDbEntity
  8
Defpoints
 62
     0
100
AcDbPoint
 10
617.7
 20
442.8
 30
0.0
  0
POINT
  5
5B1
330
5A7
100
AcDbEntity
  8
Defpoints
 62
     0
100
AcDbPoint
 10
678.8000000000001
 20
442.8
 30
0.0
  0
POINT
  5
5B2
330
5A7
100
AcDbEntity
  8
Defpoints
 62
     0
100
AcDbPoint
 10
678.8000000000001
 20
427.0
 30
0.0
  0
ENDBLK
  5
5A9
330
5A7
100
AcDbEntity
  8
0
100
AcDbBlockEnd
  0
BLOCK
  5
5B4
330
5B3
100
AcDbEntity
  8
0
100
AcDbBlockBegin
  2
*D18
 70
     1
 10
0.0
 20
0.0
 30
0.0
  3
*D18
  1

  0
LINE
  5
5B6
330
5B3
100
AcDbEntity
  8
DK3S_DIM
 62
     0
370
    -2
100
AcDbLine
 10
715.0500000000001
 20
407.2
 30
0.0
 11
726.3000000000001
 21
407.2
 31
0.0
  0
LINE
  5
5B7
330
5B3
100
AcDbEntity
  8
DK3S_DIM
 62
     0
370
    -2
100
AcDbLine
 10
715.0500000000001
 20
452.8
 30
0.0
 11
726.3000000000001
 21
452.8
 31
0.0
  0
LINE
  5
5B8
330
5B3
100
AcDbEntity
  8
DK3S_DIM
 62
     0
370
    -2
100
AcDbLine
 10
723.8000000000001
 20
413.2
 30
0.0
 11
723.8000000000001
 21
446.8
 31
0.0
  0
SOLID
  5
5B9
330
5B3
100
AcDbEntity
  8
DK3S_DIM
 62
     0
100
AcDbTrace
 10
722.8000000000001
 20
413.2
 30
0.0
 11
724.8000000000001
 21
413.2
 31
0.0
 12
723.8000000000001
 22
407.2
 32
0.0
 13
723.8000000000001
 23
407.2
 33
0.0
  0
SOLID
  5
5BA
330
5B3
100
AcDbEntity
  8
DK3S_DIM
 62
     0
100
AcDbTrace
 10
724.8000000000001
 20
446.8
 30
0.0
 11
722.8000000000001
 21
446.8
 31
0.0
 12
723.8000000000001
 22
452.8
 32
0.0
 13
723.8000000000001
 23
452.8
 33
0.0
  0
MTEXT
  5
5BB
330
5B3
100
AcDbEntity
  8
DK3S_DIM
 62
     0
100
AcDbMText
 10
718.3833333333334
 20
430.0
 30
0.0
 40
7.0
 41
0.0
 46
0.0
 71
     5
 72
     1
  1
45,6
  7
DK3S_GOST
 11
0.0
 21
1.0
 31
0.0
 73
     1
 44
1.0
  0
POINT
  5
5BC
330
5B3
100
AcDbEntity
  8
Defpoints
 62
     0
100
AcDbPoint
 10
713.8000000000001
 20
407.2
 30
0.0
  0
POINT
  5
5BD
330
5B3
100
AcDbEntity
  8
Defpoints
 62
     0
100
AcDbPoint
 10
713.8000000000001
 20
452.8
 30
0.0
  0
POINT
  5
5BE
330
5B3
100
AcDbEntity
  8
Defpoints
 62
     0
100
AcDbPoint
 10
723.8000000000001
 20
452.8
 30
0.0
  0
ENDBLK
  5
5B5
330
5B3
100
AcDbEntity
  8
0
100
AcDbBlockEnd
  0
BLOCK
  5
5C0
330
5BF
100
AcDbEntity
  8
0
100
AcDbBlockBegin
  2
*D19
 70
     1
 10
0.0
 20
0.0
 30
0.0
  3
*D19
  1

  0
LINE
  5
5C2
330
5BF
100
AcDbEntity
  8
DK3S_DIM
 62
     0
370
    -2
100
AcDbLine
 10
284.45
 20
187.2
 30
0.0
 11
297.7
 21
187.2
 31
0.0
  0
LINE
  5
5C3
330
5BF
100
AcDbEntity
  8
DK3S_DIM
 62
     0
370
    -2
100
AcDbLine
 10
284.45
 20
192.8
 30
0.0
 11
297.7
 21
192.8
 31
0.0
  0
LINE
  5
5C4
330
5BF
100
AcDbEntity
  8
DK3S_DIM
 62
     0
370
    -2
100
AcDbLine
 10
295.2
 20
192.8
 30
0.0
 11
295.2
 21
228.9905989232415
 31
0.0
  0
LINE
  5
5C5
330
5BF
100
AcDbEntity
  8
DK3S_DIM
 62
     0
370
    -2
100
AcDbLine
 10
295.2
 20
187.2
 30
0.0
 11
295.2
 21
192.8
 31
0.0
  0
LINE
  5
5C6
330
5BF
100
AcDbEntity
  8
DK3S_DIM
 62
     0
370
    -2
100
AcDbLine
 10
295.2
 20
181.2
 30
0.0
 11
295.2
 21
175.2
 31
0.0
  0
LINE
  5
5C7
330
5BF
100
AcDbEntity
  8
DK3S_DIM
 62
     0
370
    -2
100
AcDbLine
 10
295.2
 20
198.8
 30
0.0
 11
295.2
 21
204.8
 31
0.0
  0
SOLID
  5
5C8
330
5BF
100
AcDbEntity
  8
DK3S_DIM
 62
     0
100
AcDbTrace
 10
296.2
 20
181.2
 30
0.0
 11
294.2
 21
181.2
 31
0.0
 12
295.2
 22
187.2
 32
0.0
 13
295.2
 23
187.2
 33
0.0
  0
SOLID
  5
5C9
330
5BF
100
AcDbEntity
  8
DK3S_DIM
 62
     0
100
AcDbTrace
 10
294.2
 20
198.8
 30
0.0
 11
296.2
 21
198.8
 31
0.0
 12
295.2
 22
192.8
 32
0.0
 13
295.2
 23
192.8
 33
0.0
  0
MTEXT
  5
5CA
330
5BF
100
AcDbEntity
  8
DK3S_DIM
 62
     0
100
AcDbMText
 10
289.7833333333333
 20
216.8952994616208
 30
0.0
 40
7.0
 41
0.0
 46
0.0
 71
     5
 72
     1
  1
%%c1,4
  7
DK3S_GOST
 11
0.0
 21
1.0
 31
0.0
 73
     1
 44
1.0
  0
POINT
  5
5CB
330
5BF
100
AcDbEntity
  8
Defpoints
 62
     0
100
AcDbPoint
 10
283.2
 20
187.2
 30
0.0
  0
POINT
  5
5CC
330
5BF
100
AcDbEntity
  8
Defpoints
 62
     0
100
AcDbPoint
 10
283.2
 20
192.8
 30
0.0
  0
POINT
  5
5CD
330
5BF
100
AcDbEntity
  8
Defpoints
 62
     0
100
AcDbPoint
 10
295.2
 20
192.8
 30
0.0
  0
ENDBLK
  5
5C1
330
5BF
100
AcDbEntity
  8
0
100
AcDbBlockEnd
  0
BLOCK
  5
5CF
330
5CE
100
AcDbEntity
  8
0
100
AcDbBlockBegin
  2
*D20
 70
     1
 10
0.0
 20
0.0
 30
0.0
  3
*D20
  1

  0
LINE
  5
5D1
330
5CE
100
AcDbEntity
  8
DK3S_DIM
 62
     0
370
    -2
100
AcDbLine
 10
275.2
 20
185.15
 30
0.0
 11
275.2
 21
161.5
 31
0.0
  0
LINE
  5
5D2
330
5CE
100
AcDbEntity
  8
DK3S_DIM
 62
     0
370
    -2
100
AcDbLine
 10
283.2
 20
185.15
 30
0.0
 11
283.2
 21
161.5
 31
0.0
  0
LINE
  5
5D3
330
5CE
100
AcDbEntity
  8
DK3S_DIM
 62
     0
370
    -2
100
AcDbLine
 10
275.2
 20
164.0
 30
0.0
 11
283.2
 21
164.0
 31
0.0
  0
LINE
  5
5D4
330
5CE
100
AcDbEntity
  8
DK3S_DIM
 62
     0
370
    -2
100
AcDbLine
 10
269.2
 20
164.0
 30
0.0
 11
263.2
 21
164.0
 31
0.0
  0
LINE
  5
5D5
330
5CE
100
AcDbEntity
  8
DK3S_DIM
 62
     0
370
    -2
100
AcDbLine
 10
289.2
 20
164.0
 30
0.0
 11
295.2
 21
164.0
 31
0.0
  0
SOLID
  5
5D6
330
5CE
100
AcDbEntity
  8
DK3S_DIM
 62
     0
100
AcDbTrace
 10
269.2
 20
163.0
 30
0.0
 11
269.2
 21
165.0
 31
0.0
 12
275.2
 22
164.0
 32
0.0
 13
275.2
 23
164.0
 33
0.0
  0
SOLID
  5
5D7
330
5CE
100
AcDbEntity
  8
DK3S_DIM
 62
     0
100
AcDbTrace
 10
289.2
 20
165.0
 30
0.0
 11
289.2
 21
163.0
 31
0.0
 12
283.2
 22
164.0
 32
0.0
 13
283.2
 23
164.0
 33
0.0
  0
MTEXT
  5
5D8
330
5CE
100
AcDbEntity
  8
DK3S_DIM
 62
     0
100
AcDbMText
 10
279.2
 20
168.75
 30
0.0
 40
7.0
 41
0.0
 46
0.0
 71
     5
 72
     1
  1
2
  7
DK3S_GOST
 73
     1
 44
1.0
  0
POINT
  5
5D9
330
5CE
100
AcDbEntity
  8
Defpoints
 62
     0
100
AcDbPoint
 10
275.2
 20
186.4
 30
0.0
  0
POINT
  5
5DA
330
5CE
100
AcDbEntity
  8
Defpoints
 62
     0
100
AcDbPoint
 10
283.2
 20
186.4
 30
0.0
  0
POINT
  5
5DB
330
5CE
100
AcDbEntity
  8
Defpoints
 62
     0
100
AcDbPoint
 10
283.2
 20
164.0
 30
0.0
  0
ENDBLK
  5
5D0
330
5CE
100
AcDbEntity
  8
0
100
AcDbBlockEnd
  0
BLOCK
  5
5DD
330
5DC
100
AcDbEntity
  8
0
100
AcDbBlockBegin
  2
*D21
 70
     1
 10
0.0
 20
0.0
 30
0.0
  3
*D21
  1

  0
LINE
  5
5DF
330
5DC
100
AcDbEntity
  8
DK3S_DIM
 62
     0
370
    -2
100
AcDbLine
 10
116.75
 20
178.0
 30
0.0
 11
115.5
 21
178.0
 31
0.0
  0
LINE
  5
5E0
330
5DC
100
AcDbEntity
  8
DK3S_DIM
 62
     0
370
    -2
100
AcDbLine
 10
116.75
 20
202.0
 30
0.0
 11
115.5
 21
202.0
 31
0.0
  0
LINE
  5
5E1
330
5DC
100
AcDbEntity
  8
DK3S_DIM
 62
     0
370
    -2
100
AcDbLine
 10
118.0
 20
202.0
 30
0.0
 11
118.0
 21
223.9438063144111
 31
0.0
  0
LINE
  5
5E2
330
5DC
100
AcDbEntity
  8
DK3S_DIM
 62
     0
370
    -2
100
AcDbLine
 10
118.0
 20
184.0
 30
0.0
 11
118.0
 21
196.0
 31
0.0
  0
SOLID
  5
5E3
330
5DC
100
AcDbEntity
  8
DK3S_DIM
 62
     0
100
AcDbTrace
 10
117.0
 20
184.0
 30
0.0
 11
119.0
 21
184.0
 31
0.0
 12
118.0
 22
178.0
 32
0.0
 13
118.0
 23
178.0
 33
0.0
  0
SOLID
  5
5E4
330
5DC
100
AcDbEntity
  8
DK3S_DIM
 62
     0
100
AcDbTrace
 10
119.0
 20
196.0
 30
0.0
 11
117.0
 21
196.0
 31
0.0
 12
118.0
 22
202.0
 32
0.0
 13
118.0
 23
202.0
 33
0.0
  0
MTEXT
  5
5E5
330
5DC
100
AcDbEntity
  8
DK3S_DIM
 62
     0
100
AcDbMText
 10
113.25
 20
216.6906
 30
0.0
 40
7.0
 41
0.0
 46
0.0
 71
     5
 72
     1
  1
%%c6
  7
DK3S_GOST
 11
0.0
 21
1.0
 31
0.0
 73
     1
 44
1.0
  0
POINT
  5
5E6
330
5DC
100
AcDbEntity
  8
Defpoints
 62
     0
100
AcDbPoint
 10
118.0
 20
178.0
 30
0.0
  0
POINT
  5
5E7
330
5DC
100
AcDbEntity
  8
Defpoints
 62
     0
100
AcDbPoint
 10
118.0
 20
202.0
 30
0.0
  0
POINT
  5
5E8
330
5DC
100
AcDbEntity
  8
Defpoints
 62
     0
100
AcDbPoint
 10
118.0
 20
202.0
 30
0.0
  0
ENDBLK
  5
5DE
330
5DC
100
AcDbEntity
  8
0
100
AcDbBlockEnd
  0
BLOCK
  5
5EA
330
5E9
100
AcDbEntity
  8
0
100
AcDbBlockBegin
  2
*D22
 70
     1
 10
0.0
 20
0.0
 30
0.0
  3
*D22
  1

  0
LINE
  5
5EC
330
5E9
100
AcDbEntity
  8
DK3S_DIM
 62
     0
370
    -2
100
AcDbLine
 10
218.75
 20
176.0
 30
0.0
 11
217.5
 21
176.0
 31
0.0
  0
LINE
  5
5ED
330
5E9
100
AcDbEntity
  8
DK3S_DIM
 62
     0
370
    -2
100
AcDbLine
 10
218.75
 20
204.0
 30
0.0
 11
217.5
 21
204.0
 31
0.0
  0
LINE
  5
5EE
330
5E9
100
AcDbEntity
  8
DK3S_DIM
 62
     0
370
    -2
100
AcDbLine
 10
220.0
 20
204.0
 30
0.0
 11
220.0
 21
226.2444475772934
 31
0.0
  0
LINE
  5
5EF
330
5E9
100
AcDbEntity
  8
DK3S_DIM
 62
     0
370
    -2
100
AcDbLine
 10
220.0
 20
182.0
 30
0.0
 11
220.0
 21
198.0
 31
0.0
  0
SOLID
  5
5F0
330
5E9
100
AcDbEntity
  8
DK3S_DIM
 62
     0
100
AcDbTrace
 10
219.0
 20
182.0
 30
0.0
 11
221.0
 21
182.0
 31
0.0
 12
220.0
 22
176.0
 32
0.0
 13
220.0
 23
176.0
 33
0.0
  0
SOLID
  5
5F1
330
5E9
100
AcDbEntity
  8
DK3S_DIM
 62
     0
100
AcDbTrace
 10
221.0
 20
198.0
 30
0.0
 11
219.0
 21
198.0
 31
0.0
 12
220.0
 22
204.0
 32
0.0
 13
220.0
 23
204.0
 33
0.0
  0
MTEXT
  5
5F2
330
5E9
100
AcDbEntity
  8
DK3S_DIM
 62
     0
100
AcDbMText
 10
215.25
 20
218.6906
 30
0.0
 40
7.0
 41
0.0
 46
0.0
 71
     5
 72
     1
  1
%%c7
  7
DK3S_GOST
 11
0.0
 21
1.0
 31
0.0
 73
     1
 44
1.0
  0
POINT
  5
5F3
330
5E9
100
AcDbEntity
  8
Defpoints
 62
     0
100
AcDbPoint
 10
220.0
 20
176.0
 30
0.0
  0
POINT
  5
5F4
330
5E9
100
AcDbEntity
  8
Defpoints
 62
     0
100
AcDbPoint
 10
220.0
 20
204.0
 30
0.0
  0
POINT
  5
5F5
330
5E9
100
AcDbEntity
  8
Defpoints
 62
     0
100
AcDbPoint
 10
220.0
 20
204.0
 30
0.0
  0
ENDBLK
  5
5EB
330
5E9
100
AcDbEntity
  8
0
100
AcDbBlockEnd
  0
BLOCK
  5
5F7
330
5F6
100
AcDbEntity
  8
0
100
AcDbBlockBegin
  2
*D23
 70
     1
 10
0.0
 20
0.0
 30
0.0
  3
*D23
  1

  0
LINE
  5
5F9
330
5F6
100
AcDbEntity
  8
DK3S_DIM
 62
     0
370
    -2
100
AcDbLine
 10
128.0
 20
203.25
 30
0.0
 11
128.0
 21
216.5
 31
0.0
  0
LINE
  5
5FA
330
5F6
100
AcDbEntity
  8
DK3S_DIM
 62
     0
370
    -2
100
AcDbLine
 10
188.0
 20
203.25
 30
0.0
 11
188.0
 21
216.5
 31
0.0
  0
LINE
  5
5FB
330
5F6
100
AcDbEntity
  8
DK3S_DIM
 62
     0
370
    -2
100
AcDbLine
 10
134.0
 20
214.0
 30
0.0
 11
182.0
 21
214.0
 31
0.0
  0
SOLID
  5
5FC
330
5F6
100
AcDbEntity
  8
DK3S_DIM
 62
     0
100
AcDbTrace
 10
134.0
 20
215.0
 30
0.0
 11
134.0
 21
213.0
 31
0.0
 12
128.0
 22
214.0
 32
0.0
 13
128.0
 23
214.0
 33
0.0
  0
SOLID
  5
5FD
330
5F6
100
AcDbEntity
  8
DK3S_DIM
 62
     0
100
AcDbTrace
 10
182.0
 20
213.0
 30
0.0
 11
182.0
 21
215.0
 31
0.0
 12
188.0
 22
214.0
 32
0.0
 13
188.0
 23
214.0
 33
0.0
  0
MTEXT
  5
5FE
330
5F6
100
AcDbEntity
  8
DK3S_DIM
 62
     0
100
AcDbMText
 10
158.0
 20
218.75
 30
0.0
 40
7.0
 41
0.0
 46
0.0
 71
     5
 72
     1
  1
15
  7
DK3S_GOST
 73
     1
 44
1.0
  0
POINT
  5
5FF
330
5F6
100
AcDbEntity
  8
Defpoints
 62
     0
100
AcDbPoint
 10
128.0
 20
202.0
 30
0.0
  0
POINT
  5
600
330
5F6
100
AcDbEntity
  8
Defpoints
 62
     0
100
AcDbPoint
 10
188.0
 20
202.0
 30
0.0
  0
POINT
  5
601
330
5F6
100
AcDbEntity
  8
Defpoints
 62
     0
100
AcDbPoint
 10
188.0
 20
214.0
 30
0.0
  0
ENDBLK
  5
5F8
330
5F6
100
AcDbEntity
  8
0
100
AcDbBlockEnd
  0
ENDSEC
  0
SECTION
  2
ENTITIES
  0
LWPOLYLINE
  5
93
330
17
100
AcDbEntity
  8
DK3S_THIN
100
AcDbPolyline
 90
        4
 70
     1
 43
0.0
 10
0.0
 20
0.0
 10
840.0
 20
0.0
 10
840.0
 20
594.0
 10
0.0
 20
594.0
  0
LWPOLYLINE
  5
94
330
17
100
AcDbEntity
  8
DK3S_FRAME
100
AcDbPolyline
 90
        4
 70
     1
 43
0.0
 10
40.0
 20
10.0
 10
830.0
 20
10.0
 10
830.0
 20
584.0
 10
40.0
 20
584.0
  0
LINE
  5
95
330
17
100
AcDbEntity
  8
DK3S_FRAME
100
AcDbLine
 10
460.0
 20
10.0
 30
0.0
 11
460.0
 21
120.0
 31
0.0
  0
LINE
  5
96
330
17
100
AcDbEntity
  8
DK3S_FRAME
100
AcDbLine
 10
460.0
 20
120.0
 30
0.0
 11
830.0
 21
120.0
 31
0.0
  0
LINE
  5
97
330
17
100
AcDbEntity
  8
DK3S_FRAME
100
AcDbLine
 10
590.0
 20
10.0
 30
0.0
 11
590.0
 21
120.0
 31
0.0
  0
LINE
  5
98
330
17
100
AcDbEntity
  8
DK3S_FRAME
100
AcDbLine
 10
474.0
 20
70.0
 30
0.0
 11
474.0
 21
120.0
 31
0.0
  0
LINE
  5
99
330
17
100
AcDbEntity
  8
DK3S_FRAME
100
AcDbLine
 10
494.0
 20
10.0
 30
0.0
 11
494.0
 21
120.0
 31
0.0
  0
LINE
  5
9A
330
17
100
AcDbEntity
  8
DK3S_FRAME
100
AcDbLine
 10
540.0
 20
10.0
 30
0.0
 11
540.0
 21
120.0
 31
0.0
  0
LINE
  5
9B
330
17
100
AcDbEntity
  8
DK3S_FRAME
100
AcDbLine
 10
570.0
 20
10.0
 30
0.0
 11
570.0
 21
120.0
 31
0.0
  0
LINE
  5
9C
330
17
100
AcDbEntity
  8
DK3S_FRAME
100
AcDbLine
 10
460.0
 20
70.0
 30
0.0
 11
590.0
 21
70.0
 31
0.0
  0
LINE
  5
9D
330
17
100
AcDbEntity
  8
DK3S_THIN
100
AcDbLine
 10
460.0
 20
20.0
 30
0.0
 11
590.0
 21
20.0
 31
0.0
  0
LINE
  5
9E
330
17
100
AcDbEntity
  8
DK3S_THIN
100
AcDbLine
 10
460.0
 20
30.0
 30
0.0
 11
590.0
 21
30.0
 31
0.0
  0
LINE
  5
9F
330
17
100
AcDbEntity
  8
DK3S_THIN
100
AcDbLine
 10
460.0
 20
40.0
 30
0.0
 11
590.0
 21
40.0
 31
0.0
  0
LINE
  5
A0
330
17
100
AcDbEntity
  8
DK3S_THIN
100
AcDbLine
 10
460.0
 20
50.0
 30
0.0
 11
590.0
 21
50.0
 31
0.0
  0
LINE
  5
A1
330
17
100
AcDbEntity
  8
DK3S_THIN
100
AcDbLine
 10
460.0
 20
60.0
 30
0.0
 11
590.0
 21
60.0
 31
0.0
  0
LINE
  5
A2
330
17
100
AcDbEntity
  8
DK3S_THIN
100
AcDbLine
 10
460.0
 20
80.0
 30
0.0
 11
590.0
 21
80.0
 31
0.0
  0
LINE
  5
A3
330
17
100
AcDbEntity
  8
DK3S_THIN
100
AcDbLine
 10
460.0
 20
90.0
 30
0.0
 11
590.0
 21
90.0
 31
0.0
  0
LINE
  5
A4
330
17
100
AcDbEntity
  8
DK3S_THIN
100
AcDbLine
 10
460.0
 20
100.0
 30
0.0
 11
590.0
 21
100.0
 31
0.0
  0
LINE
  5
A5
330
17
100
AcDbEntity
  8
DK3S_THIN
100
AcDbLine
 10
460.0
 20
110.0
 30
0.0
 11
590.0
 21
110.0
 31
0.0
  0
LINE
  5
A6
330
17
100
AcDbEntity
  8
DK3S_FRAME
100
AcDbLine
 10
590.0
 20
90.0
 30
0.0
 11
830.0
 21
90.0
 31
0.0
  0
LINE
  5
A7
330
17
100
AcDbEntity
  8
DK3S_FRAME
100
AcDbLine
 10
590.0
 20
40.0
 30
0.0
 11
730.0
 21
40.0
 31
0.0
  0
LINE
  5
A8
330
17
100
AcDbEntity
  8
DK3S_FRAME
100
AcDbLine
 10
730.0
 20
10.0
 30
0.0
 11
730.0
 21
90.0
 31
0.0
  0
LINE
  5
A9
330
17
100
AcDbEntity
  8
DK3S_FRAME
100
AcDbLine
 10
730.0
 20
80.0
 30
0.0
 11
830.0
 21
80.0
 31
0.0
  0
LINE
  5
AA
330
17
100
AcDbEntity
  8
DK3S_FRAME
100
AcDbLine
 10
730.0
 20
50.0
 30
0.0
 11
830.0
 21
50.0
 31
0.0
  0
LINE
  5
AB
330
17
100
AcDbEntity
  8
DK3S_FRAME
100
AcDbLine
 10
730.0
 20
40.0
 30
0.0
 11
830.0
 21
40.0
 31
0.0
  0
LINE
  5
AC
330
17
100
AcDbEntity
  8
DK3S_FRAME
100
AcDbLine
 10
760.0
 20
50.0
 30
0.0
 11
760.0
 21
90.0
 31
0.0
  0
LINE
  5
AD
330
17
100
AcDbEntity
  8
DK3S_FRAME
100
AcDbLine
 10
794.0
 20
50.0
 30
0.0
 11
794.0
 21
90.0
 31
0.0
  0
LINE
  5
AE
330
17
100
AcDbEntity
  8
DK3S_THIN
100
AcDbLine
 10
740.0
 20
50.0
 30
0.0
 11
740.0
 21
80.0
 31
0.0
  0
LINE
  5
AF
330
17
100
AcDbEntity
  8
DK3S_THIN
100
AcDbLine
 10
750.0
 20
50.0
 30
0.0
 11
750.0
 21
80.0
 31
0.0
  0
LINE
  5
B0
330
17
100
AcDbEntity
  8
DK3S_FRAME
100
AcDbLine
 10
770.0
 20
40.0
 30
0.0
 11
770.0
 21
50.0
 31
0.0
  0
TEXT
  5
B1
330
17
100
AcDbEntity
  8
DK3S_TEXT
100
AcDbText
 10
467.0
 20
72.0
 30
0.0
 40
6.0
  1
Изм.
 41
0.5284965330627429
  7
DK3S_GOST
 72
     1
 11
467.0
 21
72.0
 31
0.0
100
AcDbText
  0
TEXT
  5
B2
330
17
100
AcDbEntity
  8
DK3S_TEXT
100
AcDbText
 10
484.0
 20
72.0
 30
0.0
 40
6.0
  1
Лист
 41
0.778907193207929
  7
DK3S_GOST
 72
     1
 11
484.0
 21
72.0
 31
0.0
100
AcDbText
  0
TEXT
  5
B3
330
17
100
AcDbEntity
  8
DK3S_TEXT
100
AcDbText
 10
517.0
 20
72.0
 30
0.0
 40
6.0
  1
№ докум.
  7
DK3S_GOST
 72
     1
 11
517.0
 21
72.0
 31
0.0
100
AcDbText
  0
TEXT
  5
B4
330
17
100
AcDbEntity
  8
DK3S_TEXT
100
AcDbText
 10
555.0
 20
72.0
 30
0.0
 40
6.0
  1
Подп.
  7
DK3S_GOST
 72
     1
 11
555.0
 21
72.0
 31
0.0
100
AcDbText
  0
TEXT
  5
B5
330
17
100
AcDbEntity
  8
DK3S_TEXT
100
AcDbText
 10
580.0
 20
72.0
 30
0.0
 40
6.0
  1
Дата
 41
0.778907193207929
  7
DK3S_GOST
 72
     1
 11
580.0
 21
72.0
 31
0.0
100
AcDbText
  0
TEXT
  5
B6
330
17
100
AcDbEntity
  8
DK3S_TEXT
100
AcDbText
 10
462.0
 20
62.0
 30
0.0
 40
6.0
  1
Разраб.
 41
0.9222369780138702
  7
DK3S_GOST
100
AcDbText
  0
TEXT
  5
B7
330
17
100
AcDbEntity
  8
DK3S_TEXT
100
AcDbText
 10
462.0
 20
52.0
 30
0.0
 40
6.0
  1
Пров.
  7
DK3S_GOST
100
AcDbText
  0
TEXT
  5
B8
330
17
100
AcDbEntity
  8
DK3S_TEXT
100
AcDbText
 10
462.0
 20
42.0
 30
0.0
 40
6.0
  1
Т.контр.
 41
0.8463673911571532
  7
DK3S_GOST
100
AcDbText
  0
TEXT
  5
B9
330
17
100
AcDbEntity
  8
DK3S_TEXT
100
AcDbText
 10
462.0
 20
22.0
 30
0.0
 40
6.0
  1
Н.контр.
 41
0.8463673911571532
  7
DK3S_GOST
100
AcDbText
  0
TEXT
  5
BA
330
17
100
AcDbEntity
  8
DK3S_TEXT
100
AcDbText
 10
462.0
 20
12.0
 30
0.0
 40
6.0
  1
Утв.
  7
DK3S_GOST
100
AcDbText
  0
TEXT
  5
BB
330
17
100
AcDbEntity
  8
DK3S_TEXT
100
AcDbText
 10
745.0
 20
82.0
 30
0.0
 40
6.0
  1
Лит.
  7
DK3S_GOST
 72
     1
 11
745.0
 21
82.0
 31
0.0
100
AcDbText
  0
TEXT
  5
BC
330
17
100
AcDbEntity
  8
DK3S_TEXT
100
AcDbText
 10
777.0
 20
82.0
 30
0.0
 40
6.0
  1
Масса
  7
DK3S_GOST
 72
     1
 11
777.0
 21
82.0
 31
0.0
100
AcDbText
  0
TEXT
  5
BD
330
17
100
AcDbEntity
  8
DK3S_TEXT
100
AcDbText
 10
812.0
 20
82.0
 30
0.0
 40
6.0
  1
Масштаб
 41
0.9370534354721575
  7
DK3S_GOST
 72
     1
 11
812.0
 21
82.0
 31
0.0
100
AcDbText
  0
TEXT
  5
BE
330
17
100
AcDbEntity
  8
DK3S_TEXT
100
AcDbText
 10
733.0
 20
42.0
 30
0.0
 40
6.0
  1
Лист
 41
0.778907193207929
  7
DK3S_GOST
100
AcDbText
  0
TEXT
  5
BF
330
17
100
AcDbEntity
  8
DK3S_TEXT
100
AcDbText
 10
773.0
 20
42.0
 30
0.0
 40
6.0
  1
Листов
 41
0.8104384471999351
  7
DK3S_GOST
100
AcDbText
  0
LINE
  5
C0
330
17
100
AcDbEntity
  8
DK3S_FRAME
100
AcDbLine
 10
16.0
 20
10.0
 30
0.0
 11
16.0
 21
300.0
 31
0.0
  0
LINE
  5
C1
330
17
100
AcDbEntity
  8
DK3S_FRAME
100
AcDbLine
 10
16.0
 20
60.0
 30
0.0
 11
40.0
 21
60.0
 31
0.0
  0
LINE
  5
C2
330
17
100
AcDbEntity
  8
DK3S_FRAME
100
AcDbLine
 10
16.0
 20
130.0
 30
0.0
 11
40.0
 21
130.0
 31
0.0
  0
LINE
  5
C3
330
17
100
AcDbEntity
  8
DK3S_FRAME
100
AcDbLine
 10
16.0
 20
180.0
 30
0.0
 11
40.0
 21
180.0
 31
0.0
  0
LINE
  5
C4
330
17
100
AcDbEntity
  8
DK3S_FRAME
100
AcDbLine
 10
16.0
 20
230.0
 30
0.0
 11
40.0
 21
230.0
 31
0.0
  0
LINE
  5
C5
330
17
100
AcDbEntity
  8
DK3S_FRAME
100
AcDbLine
 10
16.0
 20
300.0
 30
0.0
 11
40.0
 21
300.0
 31
0.0
  0
TEXT
  5
C6
330
17
100
AcDbEntity
  8
DK3S_TEXT
100
AcDbText
 10
28.0
 20
35.0
 30
0.0
 40
5.0
  1
Инв. № подл.
 50
90.0
  7
DK3S_GOST
 72
     1
 11
28.0
 21
35.0
 31
0.0
100
AcDbText
 73
     2
  0
TEXT
  5
C7
330
17
100
AcDbEntity
  8
DK3S_TEXT
100
AcDbText
 10
28.0
 20
95.0
 30
0.0
 40
5.0
  1
Подп. и дата
 50
90.0
  7
DK3S_GOST
 72
     1
 11
28.0
 21
95.0
 31
0.0
100
AcDbText
 73
     2
  0
TEXT
  5
C8
330
17
100
AcDbEntity
  8
DK3S_TEXT
100
AcDbText
 10
28.0
 20
155.0
 30
0.0
 40
5.0
  1
Взам. инв. №
 50
90.0
  7
DK3S_GOST
 72
     1
 11
28.0
 21
155.0
 31
0.0
100
AcDbText
 73
     2
  0
TEXT
  5
C9
330
17
100
AcDbEntity
  8
DK3S_TEXT
100
AcDbText
 10
28.0
 20
205.0
 30
0.0
 40
5.0
  1
Инв. № дубл.
 50
90.0
  7
DK3S_GOST
 72
     1
 11
28.0
 21
205.0
 31
0.0
100
AcDbText
 73
     2
  0
TEXT
  5
CA
330
17
100
AcDbEntity
  8
DK3S_TEXT
100
AcDbText
 10
28.0
 20
265.0
 30
0.0
 40
5.0
  1
Подп. и дата
 50
90.0
  7
DK3S_GOST
 72
     1
 11
28.0
 21
265.0
 31
0.0
100
AcDbText
 73
     2
  0
LINE
  5
CB
330
17
100
AcDbEntity
  8
DK3S_FRAME
100
AcDbLine
 10
16.0
 20
344.0
 30
0.0
 11
16.0
 21
584.0
 31
0.0
  0
LINE
  5
CC
330
17
100
AcDbEntity
  8
DK3S_FRAME
100
AcDbLine
 10
16.0
 20
464.0
 30
0.0
 11
40.0
 21
464.0
 31
0.0
  0
LINE
  5
CD
330
17
100
AcDbEntity
  8
DK3S_FRAME
100
AcDbLine
 10
16.0
 20
344.0
 30
0.0
 11
40.0
 21
344.0
 31
0.0
  0
TEXT
  5
CE
330
17
100
AcDbEntity
  8
DK3S_TEXT
100
AcDbText
 10
28.0
 20
524.0
 30
0.0
 40
5.0
  1
Перв. примен.
 50
90.0
  7
DK3S_GOST
 72
     1
 11
28.0
 21
524.0
 31
0.0
100
AcDbText
 73
     2
  0
TEXT
  5
CF
330
17
100
AcDbEntity
  8
DK3S_TEXT
100
AcDbText
 10
28.0
 20
404.0
 30
0.0
 40
5.0
  1
Справ. №
 50
90.0
  7
DK3S_GOST
 72
     1
 11
28.0
 21
404.0
 31
0.0
100
AcDbText
 73
     2
  0
LWPOLYLINE
  5
D0
330
17
100
AcDbEntity
  8
DK3S_FRAME
100
AcDbPolyline
 90
        4
 70
     1
 43
0.0
 10
40.0
 20
556.0
 10
180.0
 20
556.0
 10
180.0
 20
584.0
 10
40.0
 20
584.0
  0
TEXT
  5
D1
330
17
100
AcDbEntity
  8
DK3S_TEXT
100
AcDbText
 10
110.0
 20
570.0
 30
0.0
 40
10.0
  1
302123.000 ВО
 50
180.0
  7
DK3S_GOST
 72
     1
 11
110.0
 21
570.0
 31
0.0
100
AcDbText
 73
     2
  0
TEXT
  5
D2
330
17
100
AcDbEntity
  8
DK3S_TEXT
100
AcDbText
 10
660.0
 20
2.0
 30
0.0
 40
5.0
  1
Копировал
  7
DK3S_GOST
 72
     1
 11
660.0
 21
2.0
 31
0.0
100
AcDbText
  0
TEXT
  5
D3
330
17
100
AcDbEntity
  8
DK3S_TEXT
100
AcDbText
 10
790.0
 20
2.0
 30
0.0
 40
5.0
  1
Формат А3
  7
DK3S_GOST
 72
     1
 11
790.0
 21
2.0
 31
0.0
100
AcDbText
  0
TEXT
  5
D4
330
17
100
AcDbEntity
  8
DK3S_TEXT
100
AcDbText
 10
710.0
 20
101.0
 30
0.0
 40
10.0
  1
302123.000 ВО
  7
DK3S_GOST
 72
     1
 11
710.0
 21
101.0
 31
0.0
100
AcDbText
  0
TEXT
  5
D5
330
17
100
AcDbEntity
  8
DK3S_TEXT
100
AcDbText
 10
660.0
 20
77.0
 30
0.0
 40
8.0
  1
Датчик концентрации
  7
DK3S_GOST
 72
     1
 11
660.0
 21
77.0
 31
0.0
100
AcDbText
  0
TEXT
  5
D6
330
17
100
AcDbEntity
  8
DK3S_TEXT
100
AcDbText
 10
660.0
 20
62.0
 30
0.0
 40
8.0
  1
ДК-3С-210АВ
  7
DK3S_GOST
 72
     1
 11
660.0
 21
62.0
 31
0.0
100
AcDbText
  0
TEXT
  5
D7
330
17
100
AcDbEntity
  8
DK3S_TEXT
100
AcDbText
 10
660.0
 20
47.0
 30
0.0
 40
8.0
  1
Общий вид
  7
DK3S_GOST
 72
     1
 11
660.0
 21
47.0
 31
0.0
100
AcDbText
  0
TEXT
  5
D8
330
17
100
AcDbEntity
  8
DK3S_TEXT
100
AcDbText
 10
812.0
 20
65.0
 30
0.0
 40
10.0
  1
1:2
  7
DK3S_GOST
 72
     1
 11
812.0
 21
65.0
 31
0.0
100
AcDbText
 73
     2
  0
TEXT
  5
D9
330
17
100
AcDbEntity
  8
DK3S_TEXT
100
AcDbText
 10
756.0
 20
42.0
 30
0.0
 40
6.0
  1
1
  7
DK3S_GOST
100
AcDbText
  0
TEXT
  5
DA
330
17
100
AcDbEntity
  8
DK3S_TEXT
100
AcDbText
 10
812.0
 20
42.0
 30
0.0
 40
6.0
  1
1
  7
DK3S_GOST
100
AcDbText
  0
TEXT
  5
DB
330
17
100
AcDbEntity
  8
DK3S_TEXT
100
AcDbText
 10
780.0
 20
27.0
 30
0.0
 40
7.0
  1
ООО НТП "Экор"
  7
DK3S_GOST
 72
     1
 11
780.0
 21
27.0
 31
0.0
100
AcDbText
  0
TEXT
  5
DC
330
17
100
AcDbEntity
  8
DK3S_TEXT
100
AcDbText
 10
780.0
 20
16.0
 30
0.0
 40
7.0
  1
Львов
  7
DK3S_GOST
 72
     1
 11
780.0
 21
16.0
 31
0.0
100
AcDbText
  0
TEXT
  5
DD
330
17
100
AcDbEntity
  8
DK3S_TEXT
100
AcDbText
 10
496.0
 20
62.0
 30
0.0
 40
6.0
  1

  7
DK3S_GOST
100
AcDbText
  0
TEXT
  5
DE
330
17
100
AcDbEntity
  8
DK3S_TEXT
100
AcDbText
 10
496.0
 20
52.0
 30
0.0
 40
6.0
  1

  7
DK3S_GOST
100
AcDbText
  0
LINE
  5
DF
330
17
100
AcDbEntity
  8
DK3S_AXIS
100
AcDbLine
 10
90.0
 20
430.0
 30
0.0
 11
216.25
 21
430.0
 31
0.0
  0
LINE
  5
E0
330
17
100
AcDbEntity
  8
DK3S_AXIS
100
AcDbLine
 10
225.5
 20
430.0
 30
0.0
 11
332.25
 21
430.0
 31
0.0
  0
LINE
  5
E1
330
17
100
AcDbEntity
  8
DK3S_AXIS
100
AcDbLine
 10
341.5
 20
430.0
 30
0.0
 11
421.2
 21
430.0
 31
0.0
  0
LINE
  5
E2
330
17
100
AcDbEntity
  8
DK3S_AXIS
100
AcDbLine
 10
431.1
 20
430.0
 30
0.0
 11
616.7
 21
430.0
 31
0.0
  0
LINE
  5
E3
330
17
100
AcDbEntity
  8
DK3S_CONTOUR
100
AcDbLine
 10
111.6
 20
444.0
 30
0.0
 11
100.0
 21
444.0
 31
0.0
  0
ARC
  5
E4
330
17
100
AcDbEntity
  8
DK3S_CONTOUR
100
AcDbCircle
 10
100.0
 20
440.0
 30
0.0
 40
4.0
100
AcDbArc
 50
90.0
 51
180.0
  0
LINE
  5
E5
330
17
100
AcDbEntity
  8
DK3S_CONTOUR
100
AcDbLine
 10
96.0
 20
440.0
 30
0.0
 11
96.0
 21
420.0
 31
0.0
  0
ARC
  5
E6
330
17
100
AcDbEntity
  8
DK3S_CONTOUR
100
AcDbCircle
 10
100.0
 20
420.0
 30
0.0
 40
4.0
100
AcDbArc
 50
180.0
 51
270.0
  0
LINE
  5
E7
330
17
100
AcDbEntity
  8
DK3S_CONTOUR
100
AcDbLine
 10
100.0
 20
416.0
 30
0.0
 11
111.6
 21
416.0
 31
0.0
  0
LINE
  5
E8
330
17
100
AcDbEntity
  8
DK3S_CONTOUR
100
AcDbLine
 10
111.6
 20
442.0
 30
0.0
 11
100.0
 21
442.0
 31
0.0
  0
ARC
  5
E9
330
17
100
AcDbEntity
  8
DK3S_CONTOUR
100
AcDbCircle
 10
100.0
 20
440.0
 30
0.0
 40
2.0
100
AcDbArc
 50
90.0
 51
180.0
  0
LINE
  5
EA
330
17
100
AcDbEntity
  8
DK3S_CONTOUR
100
AcDbLine
 10
98.0
 20
440.0
 30
0.0
 11
98.0
 21
420.0
 31
0.0
  0
ARC
  5
EB
330
17
100
AcDbEntity
  8
DK3S_CONTOUR
100
AcDbCircle
 10
100.0
 20
420.0
 30
0.0
 40
2.0
100
AcDbArc
 50
180.0
 51
270.0
  0
LINE
  5
EC
330
17
100
AcDbEntity
  8
DK3S_CONTOUR
100
AcDbLine
 10
100.0
 20
418.0
 30
0.0
 11
111.6
 21
418.0
 31
0.0
  0
LINE
  5
ED
330
17
100
AcDbEntity
  8
DK3S_CONTOUR
100
AcDbLine
 10
98.0
 20
431.0
 30
0.0
 11
111.6
 21
431.0
 31
0.0
  0
LINE
  5
EE
330
17
100
AcDbEntity
  8
DK3S_CONTOUR
100
AcDbLine
 10
98.0
 20
429.0
 30
0.0
 11
111.6
 21
429.0
 31
0.0
  0
LINE
  5
EF
330
17
100
AcDbEntity
  8
DK3S_CONTOUR
100
AcDbLine
 10
107.9
 20
439.0
 30
0.0
 11
111.6
 21
439.0
 31
0.0
  0
LINE
  5
F0
330
17
100
AcDbEntity
  8
DK3S_CONTOUR
100
AcDbLine
 10
107.9
 20
432.0
 30
0.0
 11
111.6
 21
432.0
 31
0.0
  0
LINE
  5
F1
330
17
100
AcDbEntity
  8
DK3S_CONTOUR
100
AcDbLine
 10
107.9
 20
437.3330871046771
 30
0.0
 11
111.6
 21
437.3330871046771
 31
0.0
  0
LINE
  5
F2
330
17
100
AcDbEntity
  8
DK3S_CONTOUR
100
AcDbLine
 10
107.9
 20
433.6669128953229
 30
0.0
 11
111.6
 21
433.6669128953229
 31
0.0
  0
LINE
  5
F3
330
17
100
AcDbEntity
  8
DK3S_CONTOUR
100
AcDbLine
 10
107.9
 20
432.0
 30
0.0
 11
107.9
 21
439.0
 31
0.0
  0
LINE
  5
F4
330
17
100
AcDbEntity
  8
DK3S_CONTOUR
100
AcDbLine
 10
107.9
 20
439.0
 30
0.0
 11
104.4
 21
436.4
 31
0.0
  0
LINE
  5
F5
330
17
100
AcDbEntity
  8
DK3S_CONTOUR
100
AcDbLine
 10
107.9
 20
432.0
 30
0.0
 11
104.4
 21
434.6
 31
0.0
  0
LINE
  5
F6
330
17
100
AcDbEntity
  8
DK3S_CONTOUR
100
AcDbLine
 10
104.4
 20
434.6
 30
0.0
 11
104.4
 21
436.4
 31
0.0
  0
LINE
  5
F7
330
17
100
AcDbEntity
  8
DK3S_CONTOUR
100
AcDbLine
 10
102.4
 20
436.2
 30
0.0
 11
104.4
 21
436.2
 31
0.0
  0
LINE
  5
F8
330
17
100
AcDbEntity
  8
DK3S_CONTOUR
100
AcDbLine
 10
102.4
 20
434.8
 30
0.0
 11
104.4
 21
434.8
 31
0.0
  0
LINE
  5
F9
330
17
100
AcDbEntity
  8
DK3S_CONTOUR
100
AcDbLine
 10
102.4
 20
434.8
 30
0.0
 11
102.4
 21
436.2
 31
0.0
  0
LINE
  5
FA
330
17
100
AcDbEntity
  8
DK3S_CONTOUR
100
AcDbLine
 10
111.6
 20
414.0
 30
0.0
 11
111.6
 21
446.0
 31
0.0
  0
LINE
  5
FB
330
17
100
AcDbEntity
  8
DK3S_CONTOUR
100
AcDbLine
 10
111.6
 20
446.0
 30
0.0
 11
320.8
 21
446.0
 31
0.0
  0
LINE
  5
FC
330
17
100
AcDbEntity
  8
DK3S_CONTOUR
100
AcDbLine
 10
111.6
 20
414.0
 30
0.0
 11
320.8
 21
414.0
 31
0.0
  0
CIRCLE
  5
FD
330
17
100
AcDbEntity
  8
DK3S_CONTOUR
100
AcDbCircle
 10
121.5
 20
430.0
 30
0.0
 40
3.0
  0
CIRCLE
  5
FE
330
17
100
AcDbEntity
  8
DK3S_CONTOUR
100
AcDbCircle
 10
141.5
 20
430.0
 30
0.0
 40
3.0
  0
CIRCLE
  5
FF
330
17
100
AcDbEntity
  8
DK3S_CONTOUR
100
AcDbCircle
 10
161.5
 20
430.0
 30
0.0
 40
3.0
  0
LWPOLYLINE
  5
100
330
17
100
AcDbEntity
  8
DK3S_CONTOUR
100
AcDbPolyline
 90
       32
 70
     1
 43
0.0
 10
134.5
 20
439.2381078121488
 10
134.4423558412097
 20
439.530743295173
 10
134.2716385975339
 20
439.8121329606965
 10
133.9944088369076
 20
440.0714631616783
 10
133.6213203435596
 20
440.2987679839287
 10
133.1667106990588
 20
440.4853122306026
 10
132.6480502970953
 20
440.6239271109158
 10
132.0852709660484
 20
440.7092857327537
 10
131.5
 20
440.7381078121488
 10
130.9147290339516
 20
440.7092857327537
 10
130.3519497029047
 20
440.6239271109158
 10
129.8332893009412
 20
440.4853122306026
 10
129.3786796564404
 20
440.2987679839287
 10
129.0055911630924
 20
440.0714631616783
 10
128.7283614024661
 20
439.8121329606965
 10
128.5576441587903
 20
439.530743295173
 10
128.5
 20
439.2381078121488
 10
128.5576441587903
 20
438.9454723291246
 10
128.7283614024661
 20
438.6640826636012
 10
129.0055911630924
 20
438.4047524626194
 10
129.3786796564404
 20
438.177447640369
 10
129.8332893009412
 20
437.990903393695
 10
130.3519497029047
 20
437.8522885133819
 10
130.9147290339516
 20
437.766929891544
 10
131.5
 20
437.7381078121488
 10
132.0852709660484
 20
437.766929891544
 10
132.6480502970953
 20
437.8522885133819
 10
133.1667106990588
 20
437.990903393695
 10
133.6213203435596
 20
438.177447640369
 10
133.9944088369076
 20
438.4047524626194
 10
134.2716385975339
 20
438.6640826636012
 10
134.4423558412097
 20
438.9454723291246
  0
LWPOLYLINE
  5
101
330
17
100
AcDbEntity
  8
DK3S_CONTOUR
100
AcDbPolyline
 90
       32
 70
     1
 43
0.0
 10
134.5
 20
420.7618921878512
 10
134.4423558412097
 20
421.0545276708754
 10
134.2716385975339
 20
421.3359173363988
 10
133.9944088369076
 20
421.5952475373806
 10
133.6213203435596
 20
421.822552359631
 10
133.1667106990588
 20
422.009096606305
 10
132.6480502970953
 20
422.1477114866181
 10
132.0852709660484
 20
422.233070108456
 10
131.5
 20
422.2618921878512
 10
130.9147290339516
 20
422.233070108456
 10
130.3519497029047
 20
422.1477114866181
 10
129.8332893009412
 20
422.009096606305
 10
129.3786796564404
 20
421.822552359631
 10
129.0055911630924
 20
421.5952475373806
 10
128.7283614024661
 20
421.3359173363988
 10
128.5576441587903
 20
421.0545276708754
 10
128.5
 20
420.7618921878512
 10
128.5576441587903
 20
420.469256704827
 10
128.7283614024661
 20
420.1878670393035
 10
129.0055911630924
 20
419.9285368383217
 10
129.3786796564404
 20
419.7012320160713
 10
129.8332893009412
 20
419.5146877693974
 10
130.3519497029047
 20
419.3760728890842
 10
130.9147290339516
 20
419.2907142672463
 10
131.5
 20
419.2618921878512
 10
132.0852709660484
 20
419.2907142672463
 10
132.6480502970953
 20
419.3760728890842
 10
133.1667106990588
 20
419.5146877693974
 10
133.6213203435596
 20
419.7012320160713
 10
133.9944088369076
 20
419.9285368383217
 10
134.2716385975339
 20
420.1878670393035
 10
134.4423558412097
 20
420.469256704827
  0
LWPOLYLINE
  5
102
330
17
100
AcDbEntity
  8
DK3S_CONTOUR
100
AcDbPolyline
 90
       32
 70
     1
 43
0.0
 10
154.5
 20
439.2381078121488
 10
154.4423558412097
 20
439.530743295173
 10
154.2716385975339
 20
439.8121329606965
 10
153.9944088369076
 20
440.0714631616783
 10
153.6213203435596
 20
440.2987679839287
 10
153.1667106990588
 20
440.4853122306026
 10
152.6480502970953
 20
440.6239271109158
 10
152.0852709660484
 20
440.7092857327537
 10
151.5
 20
440.7381078121488
 10
150.9147290339516
 20
440.7092857327537
 10
150.3519497029047
 20
440.6239271109158
 10
149.8332893009412
 20
440.4853122306026
 10
149.3786796564404
 20
440.2987679839287
 10
149.0055911630924
 20
440.0714631616783
 10
148.7283614024661
 20
439.8121329606965
 10
148.5576441587903
 20
439.530743295173
 10
148.5
 20
439.2381078121488
 10
148.5576441587903
 20
438.9454723291246
 10
148.7283614024661
 20
438.6640826636012
 10
149.0055911630924
 20
438.4047524626194
 10
149.3786796564404
 20
438.177447640369
 10
149.8332893009412
 20
437.990903393695
 10
150.3519497029047
 20
437.8522885133819
 10
150.9147290339516
 20
437.766929891544
 10
151.5
 20
437.7381078121488
 10
152.0852709660484
 20
437.766929891544
 10
152.6480502970953
 20
437.8522885133819
 10
153.1667106990588
 20
437.990903393695
 10
153.6213203435596
 20
438.177447640369
 10
153.9944088369076
 20
438.4047524626194
 10
154.2716385975339
 20
438.6640826636012
 10
154.4423558412097
 20
438.9454723291246
  0
LWPOLYLINE
  5
103
330
17
100
AcDbEntity
  8
DK3S_CONTOUR
100
AcDbPolyline
 90
       32
 70
     1
 43
0.0
 10
154.5
 20
420.7618921878512
 10
154.4423558412097
 20
421.0545276708754
 10
154.2716385975339
 20
421.3359173363988
 10
153.9944088369076
 20
421.5952475373806
 10
153.6213203435596
 20
421.822552359631
 10
153.1667106990588
 20
422.009096606305
 10
152.6480502970953
 20
422.1477114866181
 10
152.0852709660484
 20
422.233070108456
 10
151.5
 20
422.2618921878512
 10
150.9147290339516
 20
422.233070108456
 10
150.3519497029047
 20
422.1477114866181
 10
149.8332893009412
 20
422.009096606305
 10
149.3786796564404
 20
421.822552359631
 10
149.0055911630924
 20
421.5952475373806
 10
148.7283614024661
 20
421.3359173363988
 10
148.5576441587903
 20
421.0545276708754
 10
148.5
 20
420.7618921878512
 10
148.5576441587903
 20
420.469256704827
 10
148.7283614024661
 20
420.1878670393035
 10
149.0055911630924
 20
419.9285368383217
 10
149.3786796564404
 20
419.7012320160713
 10
149.8332893009412
 20
419.5146877693974
 10
150.3519497029047
 20
419.3760728890842
 10
150.9147290339516
 20
419.2907142672463
 10
151.5
 20
419.2618921878512
 10
152.0852709660484
 20
419.2907142672463
 10
152.6480502970953
 20
419.3760728890842
 10
153.1667106990588
 20
419.5146877693974
 10
153.6213203435596
 20
419.7012320160713
 10
153.9944088369076
 20
419.9285368383217
 10
154.2716385975339
 20
420.1878670393035
 10
154.4423558412097
 20
420.469256704827
  0
LINE
  5
104
330
17
100
AcDbEntity
  8
DK3S_CONTOUR
100
AcDbLine
 10
320.8
 20
414.0
 30
0.0
 11
320.8
 21
410.0
 31
0.0
  0
LINE
  5
105
330
17
100
AcDbEntity
  8
DK3S_CONTOUR
100
AcDbLine
 10
320.8
 20
446.0
 30
0.0
 11
320.8
 21
450.0
 31
0.0
  0
LINE
  5
106
330
17
100
AcDbEntity
  8
DK3S_CONTOUR
100
AcDbLine
 10
320.8
 20
450.0
 30
0.0
 11
321.8
 21
451.0
 31
0.0
  0
LINE
  5
107
330
17
100
AcDbEntity
  8
DK3S_CONTOUR
100
AcDbLine
 10
320.8
 20
410.0
 30
0.0
 11
321.8
 21
409.0
 31
0.0
  0
LINE
  5
108
330
17
100
AcDbEntity
  8
DK3S_CONTOUR
100
AcDbLine
 10
321.8
 20
451.0
 30
0.0
 11
349.8
 21
451.0
 31
0.0
  0
LINE
  5
109
330
17
100
AcDbEntity
  8
DK3S_CONTOUR
100
AcDbLine
 10
321.8
 20
409.0
 30
0.0
 11
349.8
 21
409.0
 31
0.0
  0
LINE
  5
10A
330
17
100
AcDbEntity
  8
DK3S_THIN
100
AcDbLine
 10
321.8
 20
449.37625
 30
0.0
 11
349.8
 21
449.37625
 31
0.0
  0
LINE
  5
10B
330
17
100
AcDbEntity
  8
DK3S_THIN
100
AcDbLine
 10
321.8
 20
410.62375
 30
0.0
 11
349.8
 21
410.62375
 31
0.0
  0
LINE
  5
10C
330
17
100
AcDbEntity
  8
DK3S_CONTOUR
100
AcDbLine
 10
349.8
 20
409.0
 30
0.0
 11
349.8
 21
451.0
 31
0.0
  0
LINE
  5
10D
330
17
100
AcDbEntity
  8
DK3S_CONTOUR
100
AcDbLine
 10
349.8
 20
449.5
 30
0.0
 11
354.8
 21
449.5
 31
0.0
  0
LINE
  5
10E
330
17
100
AcDbEntity
  8
DK3S_CONTOUR
100
AcDbLine
 10
349.8
 20
410.5
 30
0.0
 11
354.8
 21
410.5
 31
0.0
  0
LINE
  5
10F
330
17
100
AcDbEntity
  8
DK3S_CONTOUR
100
AcDbLine
 10
354.8
 20
400.5
 30
0.0
 11
354.8
 21
459.5
 31
0.0
  0
LINE
  5
110
330
17
100
AcDbEntity
  8
DK3S_CONTOUR
100
AcDbLine
 10
354.8
 20
459.5
 30
0.0
 11
361.8
 21
459.5
 31
0.0
  0
LINE
  5
111
330
17
100
AcDbEntity
  8
DK3S_CONTOUR
100
AcDbLine
 10
354.8
 20
400.5
 30
0.0
 11
361.8
 21
400.5
 31
0.0
  0
LINE
  5
112
330
17
100
AcDbEntity
  8
DK3S_CONTOUR
100
AcDbLine
 10
361.8
 20
400.5
 30
0.0
 11
361.8
 21
459.5
 31
0.0
  0
LINE
  5
113
330
17
100
AcDbEntity
  8
DK3S_CONTOUR
100
AcDbLine
 10
361.8
 20
456.0
 30
0.0
 11
380.0679491924311
 21
456.0
 31
0.0
  0
LINE
  5
114
330
17
100
AcDbEntity
  8
DK3S_CONTOUR
100
AcDbLine
 10
361.8
 20
404.0
 30
0.0
 11
380.0679491924311
 21
404.0
 31
0.0
  0
LINE
  5
115
330
17
100
AcDbEntity
  8
DK3S_CONTOUR
100
AcDbLine
 10
361.8
 20
443.0
 30
0.0
 11
380.0679491924311
 21
443.0
 31
0.0
  0
LINE
  5
116
330
17
100
AcDbEntity
  8
DK3S_CONTOUR
100
AcDbLine
 10
361.8
 20
417.0
 30
0.0
 11
380.0679491924311
 21
417.0
 31
0.0
  0
LINE
  5
117
330
17
100
AcDbEntity
  8
DK3S_CONTOUR
100
AcDbLine
 10
361.8
 20
404.0
 30
0.0
 11
361.8
 21
456.0
 31
0.0
  0
LINE
  5
118
330
17
100
AcDbEntity
  8
DK3S_CONTOUR
100
AcDbLine
 10
381.8
 20
407.0
 30
0.0
 11
381.8
 21
453.0
 31
0.0
  0
LINE
  5
119
330
17
100
AcDbEntity
  8
DK3S_CONTOUR
100
AcDbLine
 10
381.8
 20
453.0
 30
0.0
 11
380.0679491924311
 21
456.0
 31
0.0
  0
LINE
  5
11A
330
17
100
AcDbEntity
  8
DK3S_CONTOUR
100
AcDbLine
 10
381.8
 20
407.0
 30
0.0
 11
380.0679491924311
 21
404.0
 31
0.0
  0
ARC
  5
11B
330
17
100
AcDbEntity
  8
DK3S_CONTOUR
100
AcDbCircle
 10
332.1478768496951
 20
429.9999999999915
 30
0.0
 40
49.6521231503028
100
AcDbArc
 50
344.8218210620587
 51
15.1781789379602
  0
ARC
  5
11C
330
17
100
AcDbEntity
  8
DK3S_CONTOUR
100
AcDbCircle
 10
368.7880297397607
 20
449.4999999999936
 30
0.0
 40
13.01870127388477
100
AcDbArc
 50
330.0475074417328
 51
29.95249255831622
  0
ARC
  5
11D
330
17
100
AcDbEntity
  8
DK3S_CONTOUR
100
AcDbCircle
 10
368.7880297397659
 20
410.4999999999946
 30
0.0
 40
13.0187012738808
100
AcDbArc
 50
330.0475074417175
 51
29.95249255832369
  0
LINE
  5
11E
330
17
100
AcDbEntity
  8
DK3S_CONTOUR
100
AcDbLine
 10
381.8
 20
446.5
 30
0.0
 11
389.2
 21
446.5
 31
0.0
  0
LINE
  5
11F
330
17
100
AcDbEntity
  8
DK3S_CONTOUR
100
AcDbLine
 10
381.8
 20
413.5
 30
0.0
 11
389.2
 21
413.5
 31
0.0
  0
LINE
  5
120
330
17
100
AcDbEntity
  8
DK3S_THIN
100
AcDbLine
 10
381.8
 20
445.4175
 30
0.0
 11
389.2
 21
445.4175
 31
0.0
  0
LINE
  5
121
330
17
100
AcDbEntity
  8
DK3S_THIN
100
AcDbLine
 10
381.8
 20
414.5825
 30
0.0
 11
389.2
 21
414.5825
 31
0.0
  0
LINE
  5
122
330
17
100
AcDbEntity
  8
DK3S_CONTOUR
100
AcDbLine
 10
389.2
 20
413.5
 30
0.0
 11
389.2
 21
446.5
 31
0.0
  0
LINE
  5
123
330
17
100
AcDbEntity
  8
DK3S_CONTOUR
100
AcDbLine
 10
389.2
 20
445.0
 30
0.0
 11
392.6
 21
445.0
 31
0.0
  0
LINE
  5
124
330
17
100
AcDbEntity
  8
DK3S_CONTOUR
100
AcDbLine
 10
389.2
 20
415.0
 30
0.0
 11
392.6
 21
415.0
 31
0.0
  0
LINE
  5
125
330
17
100
AcDbEntity
  8
DK3S_CONTOUR
100
AcDbLine
 10
392.6
 20
450.5
 30
0.0
 11
401.156624327026
 21
450.5
 31
0.0
  0
LINE
  5
126
330
17
100
AcDbEntity
  8
DK3S_CONTOUR
100
AcDbLine
 10
392.6
 20
409.5
 30
0.0
 11
401.156624327026
 21
409.5
 31
0.0
  0
LINE
  5
127
330
17
100
AcDbEntity
  8
DK3S_CONTOUR
100
AcDbLine
 10
392.6
 20
440.25
 30
0.0
 11
401.156624327026
 21
440.25
 31
0.0
  0
LINE
  5
128
330
17
100
AcDbEntity
  8
DK3S_CONTOUR
100
AcDbLine
 10
392.6
 20
419.75
 30
0.0
 11
401.156624327026
 21
419.75
 31
0.0
  0
LINE
  5
129
330
17
100
AcDbEntity
  8
DK3S_CONTOUR
100
AcDbLine
 10
392.6
 20
409.5
 30
0.0
 11
392.6
 21
450.5
 31
0.0
  0
LINE
  5
12A
330
17
100
AcDbEntity
  8
DK3S_CONTOUR
100
AcDbLine
 10
402.6
 20
412.0
 30
0.0
 11
402.6
 21
448.0
 31
0.0
  0
LINE
  5
12B
330
17
100
AcDbEntity
  8
DK3S_CONTOUR
100
AcDbLine
 10
402.6
 20
448.0
 30
0.0
 11
401.156624327026
 21
450.5
 31
0.0
  0
LINE
  5
12C
330
17
100
AcDbEntity
  8
DK3S_CONTOUR
100
AcDbLine
 10
402.6
 20
412.0
 30
0.0
 11
401.156624327026
 21
409.5
 31
0.0
  0
ARC
  5
12D
330
17
100
AcDbEntity
  8
DK3S_CONTOUR
100
AcDbCircle
 10
365.4835945694728
 20
430.0000000000001
 30
0.0
 40
37.11640543052732
100
AcDbArc
 50
343.9689523310993
 51
16.03104766890033
  0
ARC
  5
12E
330
17
100
AcDbEntity
  8
DK3S_CONTOUR
100
AcDbCircle
 10
392.7954165994302
 20
445.3749999999862
 30
0.0
 40
9.806906732699465
100
AcDbArc
 50
328.4937965184587
 51
31.50620348167892
  0
ARC
  5
12F
330
17
100
AcDbEntity
  8
DK3S_CONTOUR
100
AcDbCircle
 10
392.7954165994223
 20
414.6249999999877
 30
0.0
 40
9.806906732706974
100
AcDbArc
 50
328.4937965184753
 51
31.50620348164743
  0
LINE
  5
130
330
17
100
AcDbEntity
  8
DK3S_CONTOUR
100
AcDbLine
 10
402.6
 20
440.4
 30
0.0
 11
410.6
 21
440.4
 31
0.0
  0
LINE
  5
131
330
17
100
AcDbEntity
  8
DK3S_CONTOUR
100
AcDbLine
 10
402.6
 20
419.6
 30
0.0
 11
410.6
 21
419.6
 31
0.0
  0
LINE
  5
132
330
17
100
AcDbEntity
  8
DK3S_CONTOUR
100
AcDbLine
 10
410.6
 20
419.6
 30
0.0
 11
410.6
 21
440.4
 31
0.0
  0
LINE
  5
133
330
17
100
AcDbEntity
  8
DK3S_CONTOUR
100
AcDbLine
 10
410.6
 20
439.4
 30
0.0
 11
411.6
 21
439.4
 31
0.0
  0
LINE
  5
134
330
17
100
AcDbEntity
  8
DK3S_CONTOUR
100
AcDbLine
 10
410.6
 20
420.6
 30
0.0
 11
411.6
 21
420.6
 31
0.0
  0
LINE
  5
135
330
17
100
AcDbEntity
  8
DK3S_CONTOUR
100
AcDbLine
 10
411.6
 20
420.6
 30
0.0
 11
411.6
 21
439.4
 31
0.0
  0
LINE
  5
136
330
17
100
AcDbEntity
  8
DK3S_CONTOUR
100
AcDbLine
 10
411.6
 20
438.0
 30
0.0
 11
421.2
 21
437.7
 31
0.0
  0
LINE
  5
137
330
17
100
AcDbEntity
  8
DK3S_CONTOUR
100
AcDbLine
 10
411.6
 20
422.0
 30
0.0
 11
421.2
 21
422.3
 31
0.0
  0
LWPOLYLINE
  5
138
330
17
100
AcDbEntity
  8
DK3S_CONTOUR
100
AcDbPolyline
 90
        4
 70
     1
 43
0.0
 10
421.2
 20
422.0
 10
431.1
 20
422.0
 10
431.1
 20
438.0
 10
421.2
 20
438.0
  0
TEXT
  5
139
330
17
100
AcDbEntity
  8
DK3S_TEXT
100
AcDbText
 10
426.15
 20
430.0
 30
0.0
 40
4.0
  1
ЭК
  7
DK3S_GOST
 72
     1
 11
426.15
 21
430.0
 31
0.0
100
AcDbText
 73
     2
  0
LINE
  5
13A
330
17
100
AcDbEntity
  8
DK3S_CONTOUR
100
AcDbLine
 10
431.1
 20
433.0
 30
0.0
 11
463.0
 21
433.0
 31
0.0
  0
LINE
  5
13B
330
17
100
AcDbEntity
  8
DK3S_CONTOUR
100
AcDbLine
 10
431.1
 20
427.0
 30
0.0
 11
463.0
 21
427.0
 31
0.0
  0
LINE
  5
13C
330
17
100
AcDbEntity
  8
DK3S_CONTOUR
100
AcDbLine
 10
470.6
 20
433.0
 30
0.0
 11
563.2
 21
433.0
 31
0.0
  0
LINE
  5
13D
330
17
100
AcDbEntity
  8
DK3S_CONTOUR
100
AcDbLine
 10
470.6
 20
427.0
 30
0.0
 11
563.2
 21
427.0
 31
0.0
  0
LINE
  5
13E
330
17
100
AcDbEntity
  8
DK3S_CONTOUR
100
AcDbLine
 10
570.8
 20
433.0
 30
0.0
 11
579.7
 21
433.0
 31
0.0
  0
LINE
  5
13F
330
17
100
AcDbEntity
  8
DK3S_CONTOUR
100
AcDbLine
 10
570.8
 20
427.0
 30
0.0
 11
579.7
 21
427.0
 31
0.0
  0
LINE
  5
140
330
17
100
AcDbEntity
  8
DK3S_CONTOUR
100
AcDbLine
 10
431.1
 20
436.2
 30
0.0
 11
463.0
 21
436.2
 31
0.0
  0
LINE
  5
141
330
17
100
AcDbEntity
  8
DK3S_CONTOUR
100
AcDbLine
 10
431.1
 20
423.8
 30
0.0
 11
463.0
 21
423.8
 31
0.0
  0
LINE
  5
142
330
17
100
AcDbEntity
  8
DK3S_CONTOUR
100
AcDbLine
 10
470.6
 20
436.2
 30
0.0
 11
563.2
 21
436.2
 31
0.0
  0
LINE
  5
143
330
17
100
AcDbEntity
  8
DK3S_CONTOUR
100
AcDbLine
 10
470.6
 20
423.8
 30
0.0
 11
563.2
 21
423.8
 31
0.0
  0
LINE
  5
144
330
17
100
AcDbEntity
  8
DK3S_CONTOUR
100
AcDbLine
 10
570.8
 20
436.2
 30
0.0
 11
572.0
 21
436.2
 31
0.0
  0
LINE
  5
145
330
17
100
AcDbEntity
  8
DK3S_CONTOUR
100
AcDbLine
 10
570.8
 20
423.8
 30
0.0
 11
572.0
 21
423.8
 31
0.0
  0
LWPOLYLINE
  5
146
330
17
100
AcDbEntity
  8
DK3S_CONTOUR
100
AcDbPolyline
 90
        4
 70
     1
 43
0.0
 10
463.0
 20
423.2
 10
470.6
 20
423.2
 10
470.6
 20
436.8
 10
463.0
 20
436.8
  0
LWPOLYLINE
  5
147
330
17
100
AcDbEntity
  8
DK3S_CONTOUR
100
AcDbPolyline
 90
        4
 70
     1
 43
0.0
 10
563.2
 20
423.2
 10
570.8
 20
423.2
 10
570.8
 20
436.8
 10
563.2
 20
436.8
  0
LINE
  5
148
330
17
100
AcDbEntity
  8
DK3S_CONTOUR
100
AcDbLine
 10
579.7
 20
426.0
 30
0.0
 11
579.7
 21
434.0
 31
0.0
  0
LINE
  5
149
330
17
100
AcDbEntity
  8
DK3S_CONTOUR
100
AcDbLine
 10
579.7
 20
434.0
 30
0.0
 11
581.7
 21
434.0
 31
0.0
  0
LINE
  5
14A
330
17
100
AcDbEntity
  8
DK3S_CONTOUR
100
AcDbLine
 10
579.7
 20
426.0
 30
0.0
 11
581.7
 21
426.0
 31
0.0
  0
LINE
  5
14B
330
17
100
AcDbEntity
  8
DK3S_CONTOUR
100
AcDbLine
 10
581.7
 20
426.0
 30
0.0
 11
581.7
 21
434.0
 31
0.0
  0
LINE
  5
14C
330
17
100
AcDbEntity
  8
DK3S_CONTOUR
100
AcDbLine
 10
581.7
 20
433.25
 30
0.0
 11
595.7
 21
433.25
 31
0.0
  0
LINE
  5
14D
330
17
100
AcDbEntity
  8
DK3S_CONTOUR
100
AcDbLine
 10
581.7
 20
426.75
 30
0.0
 11
595.7
 21
426.75
 31
0.0
  0
LINE
  5
14E
330
17
100
AcDbEntity
  8
DK3S_CONTOUR
100
AcDbLine
 10
595.7
 20
426.75
 30
0.0
 11
595.7
 21
433.25
 31
0.0
  0
LINE
  5
14F
330
17
100
AcDbEntity
  8
DK3S_CONTOUR
100
AcDbLine
 10
595.7
 20
431.25
 30
0.0
 11
610.7
 21
431.25
 31
0.0
  0
LINE
  5
150
330
17
100
AcDbEntity
  8
DK3S_CONTOUR
100
AcDbLine
 10
595.7
 20
428.75
 30
0.0
 11
610.7
 21
428.75
 31
0.0
  0
LINE
  5
151
330
17
100
AcDbEntity
  8
DK3S_CONTOUR
100
AcDbLine
 10
610.7
 20
431.25
 30
0.0
 11
611.7
 21
430.5
 31
0.0
  0
LINE
  5
152
330
17
100
AcDbEntity
  8
DK3S_CONTOUR
100
AcDbLine
 10
610.7
 20
428.75
 30
0.0
 11
611.7
 21
429.5
 31
0.0
  0
LINE
  5
153
330
17
100
AcDbEntity
  8
DK3S_CONTOUR
100
AcDbLine
 10
611.7
 20
429.5
 30
0.0
 11
611.7
 21
430.5
 31
0.0
  0
LINE
  5
154
330
17
100
AcDbEntity
  8
DK3S_CONTOUR
100
AcDbLine
 10
379.7
 20
406.9
 30
0.0
 11
577.9
 21
406.9
 31
0.0
  0
LINE
  5
155
330
17
100
AcDbEntity
  8
DK3S_CONTOUR
100
AcDbLine
 10
379.7
 20
403.9
 30
0.0
 11
577.9
 21
403.9
 31
0.0
  0
LINE
  5
156
330
17
100
AcDbEntity
  8
DK3S_CONTOUR
100
AcDbLine
 10
577.9
 20
401.4
 30
0.0
 11
577.9
 21
409.4
 31
0.0
  0
LINE
  5
157
330
17
100
AcDbEntity
  8
DK3S_CONTOUR
100
AcDbLine
 10
577.9
 20
409.4
 30
0.0
 11
579.9
 21
409.4
 31
0.0
  0
LINE
  5
158
330
17
100
AcDbEntity
  8
DK3S_CONTOUR
100
AcDbLine
 10
577.9
 20
401.4
 30
0.0
 11
579.9
 21
401.4
 31
0.0
  0
LINE
  5
159
330
17
100
AcDbEntity
  8
DK3S_CONTOUR
100
AcDbLine
 10
579.9
 20
401.4
 30
0.0
 11
579.9
 21
409.4
 31
0.0
  0
LINE
  5
15A
330
17
100
AcDbEntity
  8
DK3S_CONTOUR
100
AcDbLine
 10
579.9
 20
408.65
 30
0.0
 11
593.9
 21
408.65
 31
0.0
  0
LINE
  5
15B
330
17
100
AcDbEntity
  8
DK3S_CONTOUR
100
AcDbLine
 10
579.9
 20
402.15
 30
0.0
 11
593.9
 21
402.15
 31
0.0
  0
LINE
  5
15C
330
17
100
AcDbEntity
  8
DK3S_CONTOUR
100
AcDbLine
 10
593.9
 20
402.15
 30
0.0
 11
593.9
 21
408.65
 31
0.0
  0
LINE
  5
15D
330
17
100
AcDbEntity
  8
DK3S_CONTOUR
100
AcDbLine
 10
593.9
 20
406.65
 30
0.0
 11
608.9
 21
406.65
 31
0.0
  0
LINE
  5
15E
330
17
100
AcDbEntity
  8
DK3S_CONTOUR
100
AcDbLine
 10
593.9
 20
404.15
 30
0.0
 11
608.9
 21
404.15
 31
0.0
  0
LINE
  5
15F
330
17
100
AcDbEntity
  8
DK3S_CONTOUR
100
AcDbLine
 10
608.9
 20
406.65
 30
0.0
 11
609.9
 21
405.9
 31
0.0
  0
LINE
  5
160
330
17
100
AcDbEntity
  8
DK3S_CONTOUR
100
AcDbLine
 10
608.9
 20
404.15
 30
0.0
 11
609.9
 21
404.9
 31
0.0
  0
LINE
  5
161
330
17
100
AcDbEntity
  8
DK3S_CONTOUR
100
AcDbLine
 10
609.9
 20
404.9
 30
0.0
 11
609.9
 21
405.9
 31
0.0
  0
ARC
  5
162
330
17
100
AcDbEntity
  8
DK3S_CONTOUR
100
AcDbCircle
 10
572.0
 20
467.8380494505495
 30
0.0
 40
31.63804945054951
100
AcDbArc
 50
270.0
 51
313.4297854175018
  0
ARC
  5
163
330
17
100
AcDbEntity
  8
DK3S_CONTOUR
100
AcDbCircle
 10
572.0
 20
467.8380494505495
 30
0.0
 40
34.83804945054951
100
AcDbArc
 50
270.0
 51
313.4297854175018
  0
ARC
  5
164
330
17
100
AcDbEntity
  8
DK3S_CONTOUR
100
AcDbCircle
 10
617.7
 20
419.5619505494505
 30
0.0
 40
31.63804945054951
100
AcDbArc
 50
90.0
 51
133.4297854175017
  0
ARC
  5
165
330
17
100
AcDbEntity
  8
DK3S_CONTOUR
100
AcDbCircle
 10
617.7
 20
419.5619505494505
 30
0.0
 40
34.83804945054951
100
AcDbArc
 50
90.0
 51
133.4297854175017
  0
ARC
  5
166
330
17
100
AcDbEntity
  8
DK3S_CONTOUR
100
AcDbCircle
 10
572.0
 20
392.1619505494505
 30
0.0
 40
31.63804945054951
100
AcDbArc
 50
46.57021458249829
 51
90.0
  0
ARC
  5
167
330
17
100
AcDbEntity
  8
DK3S_CONTOUR
100
AcDbCircle
 10
572.0
 20
392.1619505494505
 30
0.0
 40
34.83804945054951
100
AcDbArc
 50
46.57021458249829
 51
90.0
  0
ARC
  5
168
330
17
100
AcDbEntity
  8
DK3S_CONTOUR
100
AcDbCircle
 10
617.7
 20
440.4380494505495
 30
0.0
 40
31.63804945054951
100
AcDbArc
 50
226.5702145824983
 51
270.0
  0
ARC
  5
169
330
17
100
AcDbEntity
  8
DK3S_CONTOUR
100
AcDbCircle
 10
617.7
 20
440.4380494505495
 30
0.0
 40
34.83804945054951
100
AcDbArc
 50
226.5702145824983
 51
270.0
  0
LINE
  5
16A
330
17
100
AcDbEntity
  8
DK3S_CONTOUR
100
AcDbLine
 10
617.7
 20
442.8
 30
0.0
 11
617.7
 21
462.8
 31
0.0
  0
LINE
  5
16B
330
17
100
AcDbEntity
  8
DK3S_CONTOUR
100
AcDbLine
 10
617.7
 20
462.8
 30
0.0
 11
641.8000000000001
 21
462.8
 31
0.0
  0
LINE
  5
16C
330
17
100
AcDbEntity
  8
DK3S_CONTOUR
100
AcDbLine
 10
617.7
 20
442.8
 30
0.0
 11
641.8000000000001
 21
442.8
 31
0.0
  0
LINE
  5
16D
330
17
100
AcDbEntity
  8
DK3S_CONTOUR
100
AcDbLine
 10
641.8000000000001
 20
442.8
 30
0.0
 11
641.8000000000001
 21
462.8
 31
0.0
  0
LINE
  5
16E
330
17
100
AcDbEntity
  8
DK3S_CONTOUR
100
AcDbLine
 10
641.8000000000001
 20
460.8
 30
0.0
 11
644.8000000000001
 21
460.8
 31
0.0
  0
LINE
  5
16F
330
17
100
AcDbEntity
  8
DK3S_CONTOUR
100
AcDbLine
 10
641.8000000000001
 20
444.8
 30
0.0
 11
644.8000000000001
 21
444.8
 31
0.0
  0
LINE
  5
170
330
17
100
AcDbEntity
  8
DK3S_CONTOUR
100
AcDbLine
 10
644.8000000000001
 20
442.8
 30
0.0
 11
644.8000000000001
 21
462.8
 31
0.0
  0
LINE
  5
171
330
17
100
AcDbEntity
  8
DK3S_CONTOUR
100
AcDbLine
 10
644.8000000000001
 20
462.8
 30
0.0
 11
678.8000000000001
 21
462.8
 31
0.0
  0
LINE
  5
172
330
17
100
AcDbEntity
  8
DK3S_CONTOUR
100
AcDbLine
 10
644.8000000000001
 20
442.8
 30
0.0
 11
678.8000000000001
 21
442.8
 31
0.0
  0
LINE
  5
173
330
17
100
AcDbEntity
  8
DK3S_CONTOUR
100
AcDbLine
 10
678.8000000000001
 20
442.8
 30
0.0
 11
678.8000000000001
 21
462.8
 31
0.0
  0
LINE
  5
174
330
17
100
AcDbEntity
  8
DK3S_CONTOUR
100
AcDbLine
 10
678.8000000000001
 20
456.05
 30
0.0
 11
679.8000000000001
 21
456.05
 31
0.0
  0
LINE
  5
175
330
17
100
AcDbEntity
  8
DK3S_CONTOUR
100
AcDbLine
 10
678.8000000000001
 20
449.55
 30
0.0
 11
679.8000000000001
 21
449.55
 31
0.0
  0
LINE
  5
176
330
17
100
AcDbEntity
  8
DK3S_CONTOUR
100
AcDbLine
 10
679.8000000000001
 20
448.8
 30
0.0
 11
679.8000000000001
 21
456.8
 31
0.0
  0
LINE
  5
177
330
17
100
AcDbEntity
  8
DK3S_CONTOUR
100
AcDbLine
 10
679.8000000000001
 20
456.8
 30
0.0
 11
681.8000000000001
 21
456.8
 31
0.0
  0
LINE
  5
178
330
17
100
AcDbEntity
  8
DK3S_CONTOUR
100
AcDbLine
 10
679.8000000000001
 20
448.8
 30
0.0
 11
681.8000000000001
 21
448.8
 31
0.0
  0
LINE
  5
179
330
17
100
AcDbEntity
  8
DK3S_CONTOUR
100
AcDbLine
 10
681.8000000000001
 20
448.8
 30
0.0
 11
681.8000000000001
 21
456.8
 31
0.0
  0
LINE
  5
17A
330
17
100
AcDbEntity
  8
DK3S_CONTOUR
100
AcDbLine
 10
681.8000000000001
 20
456.05
 30
0.0
 11
695.8000000000001
 21
456.05
 31
0.0
  0
LINE
  5
17B
330
17
100
AcDbEntity
  8
DK3S_CONTOUR
100
AcDbLine
 10
681.8000000000001
 20
449.55
 30
0.0
 11
695.8000000000001
 21
449.55
 31
0.0
  0
LINE
  5
17C
330
17
100
AcDbEntity
  8
DK3S_CONTOUR
100
AcDbLine
 10
695.8000000000001
 20
449.55
 30
0.0
 11
695.8000000000001
 21
456.05
 31
0.0
  0
LINE
  5
17D
330
17
100
AcDbEntity
  8
DK3S_CONTOUR
100
AcDbLine
 10
695.8000000000001
 20
454.05
 30
0.0
 11
710.8000000000001
 21
454.05
 31
0.0
  0
LINE
  5
17E
330
17
100
AcDbEntity
  8
DK3S_CONTOUR
100
AcDbLine
 10
695.8000000000001
 20
451.55
 30
0.0
 11
710.8000000000001
 21
451.55
 31
0.0
  0
LINE
  5
17F
330
17
100
AcDbEntity
  8
DK3S_CONTOUR
100
AcDbLine
 10
710.8000000000001
 20
454.05
 30
0.0
 11
711.8000000000001
 21
453.3
 31
0.0
  0
LINE
  5
180
330
17
100
AcDbEntity
  8
DK3S_CONTOUR
100
AcDbLine
 10
710.8000000000001
 20
451.55
 30
0.0
 11
711.8000000000001
 21
452.3
 31
0.0
  0
LINE
  5
181
330
17
100
AcDbEntity
  8
DK3S_CONTOUR
100
AcDbLine
 10
711.8000000000001
 20
452.3
 30
0.0
 11
711.8000000000001
 21
453.3
 31
0.0
  0
LINE
  5
182
330
17
100
AcDbEntity
  8
DK3S_AXIS
100
AcDbLine
 10
612.7
 20
452.8
 30
0.0
 11
713.8000000000001
 21
452.8
 31
0.0
  0
LINE
  5
183
330
17
100
AcDbEntity
  8
DK3S_CONTOUR
100
AcDbLine
 10
617.7
 20
397.2
 30
0.0
 11
617.7
 21
417.2
 31
0.0
  0
LINE
  5
184
330
17
100
AcDbEntity
  8
DK3S_CONTOUR
100
AcDbLine
 10
617.7
 20
417.2
 30
0.0
 11
641.8000000000001
 21
417.2
 31
0.0
  0
LINE
  5
185
330
17
100
AcDbEntity
  8
DK3S_CONTOUR
100
AcDbLine
 10
617.7
 20
397.2
 30
0.0
 11
641.8000000000001
 21
397.2
 31
0.0
  0
LINE
  5
186
330
17
100
AcDbEntity
  8
DK3S_CONTOUR
100
AcDbLine
 10
641.8000000000001
 20
397.2
 30
0.0
 11
641.8000000000001
 21
417.2
 31
0.0
  0
LINE
  5
187
330
17
100
AcDbEntity
  8
DK3S_CONTOUR
100
AcDbLine
 10
641.8000000000001
 20
415.2
 30
0.0
 11
644.8000000000001
 21
415.2
 31
0.0
  0
LINE
  5
188
330
17
100
AcDbEntity
  8
DK3S_CONTOUR
100
AcDbLine
 10
641.8000000000001
 20
399.2
 30
0.0
 11
644.8000000000001
 21
399.2
 31
0.0
  0
LINE
  5
189
330
17
100
AcDbEntity
  8
DK3S_CONTOUR
100
AcDbLine
 10
644.8000000000001
 20
397.2
 30
0.0
 11
644.8000000000001
 21
417.2
 31
0.0
  0
LINE
  5
18A
330
17
100
AcDbEntity
  8
DK3S_CONTOUR
100
AcDbLine
 10
644.8000000000001
 20
417.2
 30
0.0
 11
678.8000000000001
 21
417.2
 31
0.0
  0
LINE
  5
18B
330
17
100
AcDbEntity
  8
DK3S_CONTOUR
100
AcDbLine
 10
644.8000000000001
 20
397.2
 30
0.0
 11
678.8000000000001
 21
397.2
 31
0.0
  0
LINE
  5
18C
330
17
100
AcDbEntity
  8
DK3S_CONTOUR
100
AcDbLine
 10
678.8000000000001
 20
397.2
 30
0.0
 11
678.8000000000001
 21
417.2
 31
0.0
  0
LINE
  5
18D
330
17
100
AcDbEntity
  8
DK3S_CONTOUR
100
AcDbLine
 10
678.8000000000001
 20
410.45
 30
0.0
 11
679.8000000000001
 21
410.45
 31
0.0
  0
LINE
  5
18E
330
17
100
AcDbEntity
  8
DK3S_CONTOUR
100
AcDbLine
 10
678.8000000000001
 20
403.95
 30
0.0
 11
679.8000000000001
 21
403.95
 31
0.0
  0
LINE
  5
18F
330
17
100
AcDbEntity
  8
DK3S_CONTOUR
100
AcDbLine
 10
679.8000000000001
 20
403.2
 30
0.0
 11
679.8000000000001
 21
411.2
 31
0.0
  0
LINE
  5
190
330
17
100
AcDbEntity
  8
DK3S_CONTOUR
100
AcDbLine
 10
679.8000000000001
 20
411.2
 30
0.0
 11
681.8000000000001
 21
411.2
 31
0.0
  0
LINE
  5
191
330
17
100
AcDbEntity
  8
DK3S_CONTOUR
100
AcDbLine
 10
679.8000000000001
 20
403.2
 30
0.0
 11
681.8000000000001
 21
403.2
 31
0.0
  0
LINE
  5
192
330
17
100
AcDbEntity
  8
DK3S_CONTOUR
100
AcDbLine
 10
681.8000000000001
 20
403.2
 30
0.0
 11
681.8000000000001
 21
411.2
 31
0.0
  0
LINE
  5
193
330
17
100
AcDbEntity
  8
DK3S_CONTOUR
100
AcDbLine
 10
681.8000000000001
 20
410.45
 30
0.0
 11
695.8000000000001
 21
410.45
 31
0.0
  0
LINE
  5
194
330
17
100
AcDbEntity
  8
DK3S_CONTOUR
100
AcDbLine
 10
681.8000000000001
 20
403.95
 30
0.0
 11
695.8000000000001
 21
403.95
 31
0.0
  0
LINE
  5
195
330
17
100
AcDbEntity
  8
DK3S_CONTOUR
100
AcDbLine
 10
695.8000000000001
 20
403.95
 30
0.0
 11
695.8000000000001
 21
410.45
 31
0.0
  0
LINE
  5
196
330
17
100
AcDbEntity
  8
DK3S_CONTOUR
100
AcDbLine
 10
695.8000000000001
 20
408.45
 30
0.0
 11
710.8000000000001
 21
408.45
 31
0.0
  0
LINE
  5
197
330
17
100
AcDbEntity
  8
DK3S_CONTOUR
100
AcDbLine
 10
695.8000000000001
 20
405.95
 30
0.0
 11
710.8000000000001
 21
405.95
 31
0.0
  0
LINE
  5
198
330
17
100
AcDbEntity
  8
DK3S_CONTOUR
100
AcDbLine
 10
710.8000000000001
 20
408.45
 30
0.0
 11
711.8000000000001
 21
407.7
 31
0.0
  0
LINE
  5
199
330
17
100
AcDbEntity
  8
DK3S_CONTOUR
100
AcDbLine
 10
710.8000000000001
 20
405.95
 30
0.0
 11
711.8000000000001
 21
406.7
 31
0.0
  0
LINE
  5
19A
330
17
100
AcDbEntity
  8
DK3S_CONTOUR
100
AcDbLine
 10
711.8000000000001
 20
406.7
 30
0.0
 11
711.8000000000001
 21
407.7
 31
0.0
  0
LINE
  5
19B
330
17
100
AcDbEntity
  8
DK3S_AXIS
100
AcDbLine
 10
612.7
 20
407.2
 30
0.0
 11
713.8000000000001
 21
407.2
 31
0.0
  0
DIMENSION
  5
19C
330
17
100
AcDbEntity
  8
DK3S_DIM
100
AcDbDimension
280
     0
  2
*D3
 10
121.5
 20
390.0
 30
0.0
 11
77.3404
 21
390.0
 31
0.0
 70
   160
  1
<>
 71
     5
 42
25.5
 73
     0
 74
     0
 75
     0
  3
DK3S
100
AcDbAlignedDimension
 13
96.0
 23
430.0
 33
0.0
 14
121.5
 24
430.0
 34
0.0
100
AcDbRotatedDimension
  0
DIMENSION
  5
1AB
330
17
100
AcDbEntity
  8
DK3S_DIM
100
AcDbDimension
280
     0
  2
*D4
 10
141.5
 20
390.0
 30
0.0
 11
131.5
 21
394.75
 31
0.0
 70
    32
  1
<>
 71
     5
 42
20.0
 73
     0
 74
     0
 75
     0
  3
DK3S
100
AcDbAlignedDimension
 13
121.5
 23
430.0
 33
0.0
 14
141.5
 24
430.0
 34
0.0
100
AcDbRotatedDimension
  0
DIMENSION
  5
1BA
330
17
100
AcDbEntity
  8
DK3S_DIM
100
AcDbDimension
280
     0
  2
*D5
 10
161.5
 20
390.0
 30
0.0
 11
151.5
 21
394.75
 31
0.0
 70
    32
  1
<>
 71
     5
 42
20.0
 73
     0
 74
     0
 75
     0
  3
DK3S
100
AcDbAlignedDimension
 13
141.5
 23
430.0
 33
0.0
 14
161.5
 24
430.0
 34
0.0
100
AcDbRotatedDimension
  0
DIMENSION
  5
1C9
330
17
100
AcDbEntity
  8
DK3S_DIM
100
AcDbDimension
280
     0
  2
*D6
 10
320.8
 20
374.0
 30
0.0
 11
216.2
 21
379.4166666666667
 31
0.0
 70
    32
  1
<>
 71
     5
 42
209.2
 73
     0
 74
     0
 75
     0
  3
DK3S
100
AcDbAlignedDimension
 13
111.6
 23
414.0
 33
0.0
 14
320.8
 24
414.0
 34
0.0
100
AcDbRotatedDimension
  0
DIMENSION
  5
1D8
330
17
100
AcDbEntity
  8
DK3S_DIM
100
AcDbDimension
280
     0
  2
*D7
 10
361.8
 20
360.0
 30
0.0
 11
228.9
 21
365.4166666666667
 31
0.0
 70
    32
  1
<>
 71
     5
 42
265.8
 73
     0
 74
     0
 75
     0
  3
DK3S
100
AcDbAlignedDimension
 13
96.0
 23
430.0
 33
0.0
 14
361.8
 24
400.5
 34
0.0
100
AcDbRotatedDimension
  0
DIMENSION
  5
1E7
330
17
100
AcDbEntity
  8
DK3S_DIM
100
AcDbDimension
280
     0
  2
*D8
 10
709.8000000000001
 20
360.0
 30
0.0
 11
535.8000000000001
 21
364.75
 31
0.0
 70
    32
  1
<>
 71
     5
 42
348.0000000000001
 73
     0
 74
     0
 75
     0
  3
DK3S
100
AcDbAlignedDimension
 13
361.8
 23
400.5
 33
0.0
 14
709.8000000000001
 24
407.2
 34
0.0
100
AcDbRotatedDimension
  0
DIMENSION
  5
1F6
330
17
100
AcDbEntity
  8
DK3S_DIM
100
AcDbDimension
280
     0
  2
*D9
 10
709.8000000000001
 20
346.0
 30
0.0
 11
402.9
 21
351.4166666666667
 31
0.0
 70
    32
  1
*<>
 71
     5
 42
613.8000000000001
 73
     0
 74
     0
 75
     0
  3
DK3S
100
AcDbAlignedDimension
 13
96.0
 23
430.0
 33
0.0
 14
709.8000000000001
 24
407.2
 34
0.0
100
AcDbRotatedDimension
  0
DIMENSION
  5
205
330
17
100
AcDbEntity
  8
DK3S_DIM
100
AcDbDimension
280
     0
  2
*D10
 10
111.6
 20
472.0
 30
0.0
 11
103.8
 21
477.4166666666667
 31
0.0
 70
    32
  1
<>
 71
     5
 42
15.59999999999999
 73
     0
 74
     0
 75
     0
  3
DK3S
100
AcDbAlignedDimension
 13
96.0
 23
444.0
 33
0.0
 14
111.6
 24
444.0
 34
0.0
100
AcDbRotatedDimension
  0
DIMENSION
  5
214
330
17
100
AcDbEntity
  8
DK3S_DIM
100
AcDbDimension
280
     0
  2
*D11
 10
226.0
 20
446.0
 30
0.0
 11
221.25
 21
430.0
 31
0.0
 70
    32
  1
%%c<>
 71
     5
 42
32.0
 73
     0
 74
     0
 75
     0
  3
DK3S
100
AcDbAlignedDimension
 13
226.0
 23
414.0
 33
0.0
 14
226.0
 24
446.0
 34
0.0
 50
90.0
100
AcDbRotatedDimension
  0
DIMENSION
  5
223
330
17
100
AcDbEntity
  8
DK3S_DIM
100
AcDbDimension
280
     0
  2
*D12
 10
342.0
 20
451.0
 30
0.0
 11
337.25
 21
430.0
 31
0.0
 70
    32
  1
M<>x3
 71
     5
 42
42.0
 73
     0
 74
     0
 75
     0
  3
DK3S
100
AcDbAlignedDimension
 13
342.0
 23
409.0
 33
0.0
 14
342.0
 24
451.0
 34
0.0
 50
90.0
100
AcDbRotatedDimension
  0
DIMENSION
  5
232
330
17
100
AcDbEntity
  8
DK3S_DIM
100
AcDbDimension
280
     0
  2
*D13
 10
381.8
 20
390.0
 30
0.0
 11
351.3
 21
394.75
 31
0.0
 70
    32
  1
<>
 71
     5
 42
61.0
 73
     0
 74
     0
 75
     0
  3
DK3S
100
AcDbAlignedDimension
 13
320.8
 23
409.0
 33
0.0
 14
381.8
 24
407.0
 34
0.0
100
AcDbRotatedDimension
  0
DIMENSION
  5
241
330
17
100
AcDbEntity
  8
DK3S_DIM
100
AcDbDimension
280
     0
  2
*D14
 10
551.0
 20
433.0
 30
0.0
 11
551.0
 21
452.2532063144112
 31
0.0
 70
   160
  1
%%c<>
 71
     5
 42
6.0
 73
     0
 74
     0
 75
     0
  3
DK3S
100
AcDbAlignedDimension
 13
551.0
 23
427.0
 33
0.0
 14
551.0
 24
433.0
 34
0.0
 50
90.0
100
AcDbRotatedDimension
  0
DIMENSION
  5
252
330
17
100
AcDbEntity
  8
DK3S_DIM
100
AcDbDimension
280
     0
  2
*D15
 10
446.0
 20
406.9
 30
0.0
 11
446.0
 21
384.5128190893733
 31
0.0
 70
   160
  1
%%c<>
 71
     5
 42
3.0
 73
     0
 74
     0
 75
     0
  3
DK3S
100
AcDbAlignedDimension
 13
446.0
 23
403.9
 33
0.0
 14
446.0
 24
406.9
 34
0.0
 50
90.0
100
AcDbRotatedDimension
  0
DIMENSION
  5
263
330
17
100
AcDbEntity
  8
DK3S_DIM
100
AcDbDimension
280
     0
  2
*D16
 10
661.0
 20
462.8
 30
0.0
 11
661.0
 21
480.1366
 31
0.0
 70
   160
  1
%%c<>
 71
     5
 42
20.0
 73
     0
 74
     0
 75
     0
  3
DK3S
100
AcDbAlignedDimension
 13
661.0
 23
442.8
 33
0.0
 14
661.0
 24
462.8
 34
0.0
 50
90.0
100
AcDbRotatedDimension
  0
DIMENSION
  5
272
330
17
100
AcDbEntity
  8
DK3S_DIM
100
AcDbDimension
280
     0
  2
*D17
 10
678.8000000000001
 20
427.0
 30
0.0
 11
648.25
 21
432.4166666666667
 31
0.0
 70
    32
  1
<>
 71
     5
 42
61.10000000000002
 73
     0
 74
     0
 75
     0
  3
DK3S
100
AcDbAlignedDimension
 13
617.7
 23
442.8
 33
0.0
 14
678.8000000000001
 24
442.8
 34
0.0
100
AcDbRotatedDimension
  0
DIMENSION
  5
281
330
17
100
AcDbEntity
  8
DK3S_DIM
100
AcDbDimension
280
     0
  2
*D18
 10
723.8000000000001
 20
452.8
 30
0.0
 11
718.3833333333334
 21
430.0
 31
0.0
 70
    32
  1
<>
 71
     5
 42
45.60000000000002
 73
     0
 74
     0
 75
     0
  3
DK3S
100
AcDbAlignedDimension
 13
713.8000000000001
 23
407.2
 33
0.0
 14
713.8000000000001
 24
452.8
 34
0.0
 50
90.0
100
AcDbRotatedDimension
  0
LWPOLYLINE
  5
290
330
17
100
AcDbEntity
  8
DK3S_THIN
100
AcDbPolyline
 90
        2
 70
     1
 43
1.0
 10
109.35
 20
439.0
 42
1.0
 10
109.85
 20
439.0
 42
1.0
  0
LINE
  5
291
330
17
100
AcDbEntity
  8
DK3S_THIN
100
AcDbLine
 10
109.6
 20
439.0
 30
0.0
 11
127.6
 21
482.0
 31
0.0
  0
LINE
  5
292
330
17
100
AcDbEntity
  8
DK3S_THIN
100
AcDbLine
 10
127.6
 20
482.0
 30
0.0
 11
221.3271999999999
 21
482.0
 31
0.0
  0
TEXT
  5
293
330
17
100
AcDbEntity
  8
DK3S_TEXT
100
AcDbText
 10
129.7
 20
483.75
 30
0.0
 40
7.0
  1
Наконечник (см. А)
  7
DK3S_GOST
100
AcDbText
  0
LWPOLYLINE
  5
294
330
17
100
AcDbEntity
  8
DK3S_THIN
100
AcDbPolyline
 90
        2
 70
     1
 43
1.0
 10
335.75
 20
451.0
 42
1.0
 10
336.25
 20
451.0
 42
1.0
  0
LINE
  5
295
330
17
100
AcDbEntity
  8
DK3S_THIN
100
AcDbLine
 10
336.0
 20
451.0
 30
0.0
 11
336.0
 21
482.0
 31
0.0
  0
LINE
  5
296
330
17
100
AcDbEntity
  8
DK3S_THIN
100
AcDbLine
 10
336.0
 20
482.0
 30
0.0
 11
240.3828
 21
482.0
 31
0.0
  0
TEXT
  5
297
330
17
100
AcDbEntity
  8
DK3S_TEXT
100
AcDbText
 10
333.9
 20
483.75
 30
0.0
 40
7.0
  1
Корпус 714.761.000
  7
DK3S_GOST
 72
     2
 11
333.9
 21
483.75
 31
0.0
100
AcDbText
  0
LWPOLYLINE
  5
298
330
17
100
AcDbEntity
  8
DK3S_THIN
100
AcDbPolyline
 90
        2
 70
     1
 43
1.0
 10
466.55
 20
436.8
 42
1.0
 10
467.05
 20
436.8
 42
1.0
  0
LINE
  5
299
330
17
100
AcDbEntity
  8
DK3S_THIN
100
AcDbLine
 10
466.8
 20
436.8
 30
0.0
 11
466.8
 21
482.0
 31
0.0
  0
LINE
  5
29A
330
17
100
AcDbEntity
  8
DK3S_THIN
100
AcDbLine
 10
466.8
 20
482.0
 30
0.0
 11
498.1572
 21
482.0
 31
0.0
  0
TEXT
  5
29B
330
17
100
AcDbEntity
  8
DK3S_TEXT
100
AcDbText
 10
468.9
 20
483.75
 30
0.0
 40
7.0
  1
Хомут
  7
DK3S_GOST
100
AcDbText
  0
LWPOLYLINE
  5
29C
330
17
100
AcDbEntity
  8
DK3S_THIN
100
AcDbPolyline
 90
        2
 70
     1
 43
1.0
 10
96.35
 20
439.5
 42
1.0
 10
96.85
 20
439.5
 42
1.0
  0
LINE
  5
29D
330
17
100
AcDbEntity
  8
DK3S_THIN
100
AcDbLine
 10
96.6
 20
439.5
 30
0.0
 11
88.6
 21
498.0
 31
0.0
  0
LINE
  5
29E
330
17
100
AcDbEntity
  8
DK3S_THIN
100
AcDbLine
 10
88.6
 20
498.0
 30
0.0
 11
166.8292
 21
498.0
 31
0.0
  0
TEXT
  5
29F
330
17
100
AcDbEntity
  8
DK3S_TEXT
100
AcDbText
 10
90.69999999999999
 20
499.75
 30
0.0
 40
7.0
  1
Защитная скоба
  7
DK3S_GOST
100
AcDbText
  0
LWPOLYLINE
  5
2A0
330
17
100
AcDbEntity
  8
DK3S_THIN
100
AcDbPolyline
 90
        2
 70
     1
 43
1.0
 10
225.75
 20
446.0
 42
1.0
 10
226.25
 20
446.0
 42
1.0
  0
LINE
  5
2A1
330
17
100
AcDbEntity
  8
DK3S_THIN
100
AcDbLine
 10
226.0
 20
446.0
 30
0.0
 11
226.0
 21
498.0
 31
0.0
  0
LINE
  5
2A2
330
17
100
AcDbEntity
  8
DK3S_THIN
100
AcDbLine
 10
226.0
 20
498.0
 30
0.0
 11
309.5212
 21
498.0
 31
0.0
  0
TEXT
  5
2A3
330
17
100
AcDbEntity
  8
DK3S_TEXT
100
AcDbText
 10
228.1
 20
499.75
 30
0.0
 40
7.0
  1
Защитная гильза
  7
DK3S_GOST
100
AcDbText
  0
LWPOLYLINE
  5
2A4
330
17
100
AcDbEntity
  8
DK3S_THIN
100
AcDbPolyline
 90
        2
 70
     1
 43
1.0
 10
422.75
 20
438.0
 42
1.0
 10
423.25
 20
438.0
 42
1.0
  0
LINE
  5
2A5
330
17
100
AcDbEntity
  8
DK3S_THIN
100
AcDbLine
 10
423.0
 20
438.0
 30
0.0
 11
423.0
 21
498.0
 31
0.0
  0
LINE
  5
2A6
330
17
100
AcDbEntity
  8
DK3S_THIN
100
AcDbLine
 10
423.0
 20
498.0
 30
0.0
 11
557.9291999999999
 21
498.0
 31
0.0
  0
TEXT
  5
2A7
330
17
100
AcDbEntity
  8
DK3S_TEXT
100
AcDbText
 10
425.1
 20
499.75
 30
0.0
 40
7.0
  1
Бирка с заводским номером
  7
DK3S_GOST
100
AcDbText
  0
LWPOLYLINE
  5
2A8
330
17
100
AcDbEntity
  8
DK3S_THIN
100
AcDbPolyline
 90
        2
 70
     1
 43
1.0
 10
700.75
 20
454.05
 42
1.0
 10
701.25
 20
454.05
 42
1.0
  0
LINE
  5
2A9
330
17
100
AcDbEntity
  8
DK3S_THIN
100
AcDbLine
 10
701.0
 20
454.05
 30
0.0
 11
667.0
 21
498.0
 31
0.0
  0
LINE
  5
2AA
330
17
100
AcDbEntity
  8
DK3S_THIN
100
AcDbLine
 10
667.0
 20
498.0
 30
0.0
 11
823.8531999999999
 21
498.0
 31
0.0
  0
TEXT
  5
2AB
330
17
100
AcDbEntity
  8
DK3S_TEXT
100
AcDbText
 10
669.1
 20
499.75
 30
0.0
 40
7.0
  1
Токоотвод электрода сравнения
  7
DK3S_GOST
100
AcDbText
  0
LWPOLYLINE
  5
2AC
330
17
100
AcDbEntity
  8
DK3S_THIN
100
AcDbPolyline
 90
        2
 70
     1
 43
1.0
 10
358.05
 20
459.5
 42
1.0
 10
358.55
 20
459.5
 42
1.0
  0
LINE
  5
2AD
330
17
100
AcDbEntity
  8
DK3S_THIN
100
AcDbLine
 10
358.3
 20
459.5
 30
0.0
 11
358.3
 21
514.0
 31
0.0
  0
LINE
  5
2AE
330
17
100
AcDbEntity
  8
DK3S_THIN
100
AcDbLine
 10
358.3
 20
514.0
 30
0.0
 11
280.0708
 21
514.0
 31
0.0
  0
TEXT
  5
2AF
330
17
100
AcDbEntity
  8
DK3S_TEXT
100
AcDbText
 10
356.2
 20
515.75
 30
0.0
 40
7.0
  1
Фланец корпуса
  7
DK3S_GOST
 72
     2
 11
356.2
 21
515.75
 31
0.0
100
AcDbText
  0
LWPOLYLINE
  5
2B0
330
17
100
AcDbEntity
  8
DK3S_THIN
100
AcDbPolyline
 90
        2
 70
     1
 43
1.0
 10
394.25
 20
450.5
 42
1.0
 10
394.75
 20
450.5
 42
1.0
  0
LINE
  5
2B1
330
17
100
AcDbEntity
  8
DK3S_THIN
100
AcDbLine
 10
394.5
 20
450.5
 30
0.0
 11
394.5
 21
514.0
 31
0.0
  0
LINE
  5
2B2
330
17
100
AcDbEntity
  8
DK3S_THIN
100
AcDbLine
 10
394.5
 20
514.0
 30
0.0
 11
472.7292
 21
514.0
 31
0.0
  0
TEXT
  5
2B3
330
17
100
AcDbEntity
  8
DK3S_TEXT
100
AcDbText
 10
396.6
 20
515.75
 30
0.0
 40
7.0
  1
Гайка нажимная
  7
DK3S_GOST
100
AcDbText
  0
LWPOLYLINE
  5
2B4
330
17
100
AcDbEntity
  8
DK3S_THIN
100
AcDbPolyline
 90
        2
 70
     1
 43
1.0
 10
625.75
 20
462.8
 42
1.0
 10
626.25
 20
462.8
 42
1.0
  0
LINE
  5
2B5
330
17
100
AcDbEntity
  8
DK3S_THIN
100
AcDbLine
 10
626.0
 20
462.8
 30
0.0
 11
616.0
 21
514.0
 31
0.0
  0
LINE
  5
2B6
330
17
100
AcDbEntity
  8
DK3S_THIN
100
AcDbLine
 10
616.0
 20
514.0
 30
0.0
 11
750.5511999999999
 21
514.0
 31
0.0
  0
TEXT
  5
2B7
330
17
100
AcDbEntity
  8
DK3S_TEXT
100
AcDbText
 10
618.1
 20
515.75
 30
0.0
 40
7.0
  1
Электрод сравнения (2 шт.)
  7
DK3S_GOST
100
AcDbText
  0
LWPOLYLINE
  5
2B8
330
17
100
AcDbEntity
  8
DK3S_THIN
100
AcDbPolyline
 90
        2
 70
     1
 43
1.0
 10
565.75
 20
436.2
 42
1.0
 10
566.25
 20
436.2
 42
1.0
  0
LINE
  5
2B9
330
17
100
AcDbEntity
  8
DK3S_THIN
100
AcDbLine
 10
566.0
 20
436.2
 30
0.0
 11
566.0
 21
530.0
 31
0.0
  0
LINE
  5
2BA
330
17
100
AcDbEntity
  8
DK3S_THIN
100
AcDbLine
 10
566.0
 20
530.0
 30
0.0
 11
399.6968000000001
 21
530.0
 31
0.0
  0
TEXT
  5
2BB
330
17
100
AcDbEntity
  8
DK3S_TEXT
100
AcDbText
 10
563.9
 20
531.75
 30
0.0
 40
7.0
  1
Электролитический мостик (2 шт.)
  7
DK3S_GOST
 72
     2
 11
563.9
 21
531.75
 31
0.0
100
AcDbText
  0
LWPOLYLINE
  5
2BC
330
17
100
AcDbEntity
  8
DK3S_THIN
100
AcDbPolyline
 90
        2
 70
     1
 43
1.0
 10
583.75
 20
433.25
 42
1.0
 10
584.25
 20
433.25
 42
1.0
  0
LINE
  5
2BD
330
17
100
AcDbEntity
  8
DK3S_THIN
100
AcDbLine
 10
584.0
 20
433.25
 30
0.0
 11
584.0
 21
530.0
 31
0.0
  0
LINE
  5
2BE
330
17
100
AcDbEntity
  8
DK3S_THIN
100
AcDbLine
 10
584.0
 20
530.0
 30
0.0
 11
735.5611999999999
 21
530.0
 31
0.0
  0
TEXT
  5
2BF
330
17
100
AcDbEntity
  8
DK3S_TEXT
100
AcDbText
 10
586.1
 20
531.75
 30
0.0
 40
7.0
  1
Токоотвод рабочего электрода
  7
DK3S_GOST
100
AcDbText
  0
LWPOLYLINE
  5
2C0
330
17
100
AcDbEntity
  8
DK3S_THIN
100
AcDbPolyline
 90
        2
 70
     1
 43
1.0
 10
495.75
 20
403.9
 42
1.0
 10
496.25
 20
403.9
 42
1.0
  0
LINE
  5
2C1
330
17
100
AcDbEntity
  8
DK3S_THIN
100
AcDbLine
 10
496.0
 20
403.9
 30
0.0
 11
496.0
 21
378.0
 31
0.0
  0
LINE
  5
2C2
330
17
100
AcDbEntity
  8
DK3S_THIN
100
AcDbLine
 10
496.0
 20
378.0
 30
0.0
 11
689.8971999999999
 21
378.0
 31
0.0
  0
TEXT
  5
2C3
330
17
100
AcDbEntity
  8
DK3S_TEXT
100
AcDbText
 10
498.1
 20
379.75
 30
0.0
 40
7.0
  1
Токоотвод вспомогательного электрода
  7
DK3S_GOST
100
AcDbText
  0
CIRCLE
  5
2C4
330
17
100
AcDbEntity
  8
DK3S_THIN
100
AcDbCircle
 10
105.0
 20
435.5
 30
0.0
 40
20.0
  0
TEXT
  5
2C5
330
17
100
AcDbEntity
  8
DK3S_TEXT
100
AcDbText
 10
124.0
 20
450.5
 30
0.0
 40
9.799999999999999
  1
А
  7
DK3S_GOST
100
AcDbText
  0
LINE
  5
2C6
330
17
100
AcDbEntity
  8
DK3S_AXIS
100
AcDbLine
 10
84.0
 20
190.0
 30
0.0
 11
299.2
 21
190.0
 31
0.0
  0
LINE
  5
2C7
330
17
100
AcDbEntity
  8
DK3S_CONTOUR
100
AcDbLine
 10
100.0
 20
202.0
 30
0.0
 11
188.0
 21
202.0
 31
0.0
  0
LINE
  5
2C8
330
17
100
AcDbEntity
  8
DK3S_CONTOUR
100
AcDbLine
 10
100.0
 20
200.0
 30
0.0
 11
188.0
 21
200.0
 31
0.0
  0
LINE
  5
2C9
330
17
100
AcDbEntity
  8
DK3S_CONTOUR
100
AcDbLine
 10
128.0
 20
196.0
 30
0.0
 11
128.0
 21
200.0
 31
0.0
  0
LINE
  5
2CA
330
17
100
AcDbEntity
  8
DK3S_CONTOUR
100
AcDbLine
 10
188.0
 20
200.0
 30
0.0
 11
188.0
 21
204.0
 31
0.0
  0
LINE
  5
2CB
330
17
100
AcDbEntity
  8
DK3S_CONTOUR
100
AcDbLine
 10
188.0
 20
204.0
 30
0.0
 11
261.2
 21
204.0
 31
0.0
  0
LINE
  5
2CC
330
17
100
AcDbEntity
  8
DK3S_CONTOUR
100
AcDbLine
 10
261.2
 20
204.0
 30
0.0
 11
275.2
 21
193.6
 31
0.0
  0
LINE
  5
2CD
330
17
100
AcDbEntity
  8
DK3S_CONTOUR
100
AcDbLine
 10
275.2
 20
192.8
 30
0.0
 11
275.2
 21
193.6
 31
0.0
  0
LINE
  5
2CE
330
17
100
AcDbEntity
  8
DK3S_CONTOUR
100
AcDbLine
 10
128.0
 20
196.0
 30
0.0
 11
268.0
 21
196.0
 31
0.0
  0
LINE
  5
2CF
330
17
100
AcDbEntity
  8
DK3S_CONTOUR
100
AcDbLine
 10
268.0
 20
192.8
 30
0.0
 11
268.0
 21
196.0
 31
0.0
  0
LINE
  5
2D0
330
17
100
AcDbEntity
  8
DK3S_CONTOUR
100
AcDbLine
 10
100.0
 20
196.0
 30
0.0
 11
128.0
 21
196.0
 31
0.0
  0
LINE
  5
2D1
330
17
100
AcDbEntity
  8
DK3S_THIN
100
AcDbLine
 10
100.0
 20
194.92
 30
0.0
 11
242.4
 21
194.92
 31
0.0
  0
LINE
  5
2D2
330
17
100
AcDbEntity
  8
DK3S_CONTOUR
100
AcDbLine
 10
242.4
 20
196.0
 30
0.0
 11
262.8
 21
192.8
 31
0.0
  0
LINE
  5
2D3
330
17
100
AcDbEntity
  8
DK3S_CONTOUR
100
AcDbLine
 10
262.8
 20
192.8
 30
0.0
 11
283.2
 21
192.8
 31
0.0
  0
LINE
  5
2D4
330
17
100
AcDbEntity
  8
DK3S_THIN
100
AcDbLine
 10
186.8686291501015
 20
200.0
 30
0.0
 11
188.0
 21
201.1313708498985
 31
0.0
  0
LINE
  5
2D5
330
17
100
AcDbEntity
  8
DK3S_THIN
100
AcDbLine
 10
184.6058874503046
 20
200.0
 30
0.0
 11
186.6058874503046
 21
202.0
 31
0.0
  0
LINE
  5
2D6
330
17
100
AcDbEntity
  8
DK3S_THIN
100
AcDbLine
 10
182.3431457505076
 20
200.0
 30
0.0
 11
184.3431457505076
 21
202.0
 31
0.0
  0
LINE
  5
2D7
330
17
100
AcDbEntity
  8
DK3S_THIN
100
AcDbLine
 10
180.0804040507107
 20
200.0
 30
0.0
 11
182.0804040507107
 21
202.0
 31
0.0
  0
LINE
  5
2D8
330
17
100
AcDbEntity
  8
DK3S_THIN
100
AcDbLine
 10
177.8176623509137
 20
200.0
 30
0.0
 11
179.8176623509137
 21
202.0
 31
0.0
  0
LINE
  5
2D9
330
17
100
AcDbEntity
  8
DK3S_THIN
100
AcDbLine
 10
175.5549206511168
 20
200.0
 30
0.0
 11
177.5549206511168
 21
202.0
 31
0.0
  0
LINE
  5
2DA
330
17
100
AcDbEntity
  8
DK3S_THIN
100
AcDbLine
 10
173.2921789513198
 20
200.0
 30
0.0
 11
175.2921789513198
 21
202.0
 31
0.0
  0
LINE
  5
2DB
330
17
100
AcDbEntity
  8
DK3S_THIN
100
AcDbLine
 10
171.0294372515229
 20
200.0
 30
0.0
 11
173.0294372515229
 21
202.0
 31
0.0
  0
LINE
  5
2DC
330
17
100
AcDbEntity
  8
DK3S_THIN
100
AcDbLine
 10
168.7666955517259
 20
200.0
 30
0.0
 11
170.7666955517259
 21
202.0
 31
0.0
  0
LINE
  5
2DD
330
17
100
AcDbEntity
  8
DK3S_THIN
100
AcDbLine
 10
166.503953851929
 20
200.0
 30
0.0
 11
168.503953851929
 21
202.0
 31
0.0
  0
LINE
  5
2DE
330
17
100
AcDbEntity
  8
DK3S_THIN
100
AcDbLine
 10
164.241212152132
 20
200.0
 30
0.0
 11
166.241212152132
 21
202.0
 31
0.0
  0
LINE
  5
2DF
330
17
100
AcDbEntity
  8
DK3S_THIN
100
AcDbLine
 10
161.978470452335
 20
200.0
 30
0.0
 11
163.978470452335
 21
202.0
 31
0.0
  0
LINE
  5
2E0
330
17
100
AcDbEntity
  8
DK3S_THIN
100
AcDbLine
 10
159.7157287525381
 20
200.0
 30
0.0
 11
161.7157287525381
 21
202.0
 31
0.0
  0
LINE
  5
2E1
330
17
100
AcDbEntity
  8
DK3S_THIN
100
AcDbLine
 10
157.4529870527412
 20
200.0
 30
0.0
 11
159.4529870527412
 21
202.0
 31
0.0
  0
LINE
  5
2E2
330
17
100
AcDbEntity
  8
DK3S_THIN
100
AcDbLine
 10
155.1902453529442
 20
200.0
 30
0.0
 11
157.1902453529442
 21
202.0
 31
0.0
  0
LINE
  5
2E3
330
17
100
AcDbEntity
  8
DK3S_THIN
100
AcDbLine
 10
152.9275036531472
 20
200.0
 30
0.0
 11
154.9275036531472
 21
202.0
 31
0.0
  0
LINE
  5
2E4
330
17
100
AcDbEntity
  8
DK3S_THIN
100
AcDbLine
 10
150.6647619533503
 20
200.0
 30
0.0
 11
152.6647619533503
 21
202.0
 31
0.0
  0
LINE
  5
2E5
330
17
100
AcDbEntity
  8
DK3S_THIN
100
AcDbLine
 10
148.4020202535533
 20
200.0
 30
0.0
 11
150.4020202535533
 21
202.0
 31
0.0
  0
LINE
  5
2E6
330
17
100
AcDbEntity
  8
DK3S_THIN
100
AcDbLine
 10
146.1392785537564
 20
200.0
 30
0.0
 11
148.1392785537564
 21
202.0
 31
0.0
  0
LINE
  5
2E7
330
17
100
AcDbEntity
  8
DK3S_THIN
100
AcDbLine
 10
143.8765368539594
 20
200.0
 30
0.0
 11
145.8765368539594
 21
202.0
 31
0.0
  0
LINE
  5
2E8
330
17
100
AcDbEntity
  8
DK3S_THIN
100
AcDbLine
 10
141.6137951541625
 20
200.0
 30
0.0
 11
143.6137951541625
 21
202.0
 31
0.0
  0
LINE
  5
2E9
330
17
100
AcDbEntity
  8
DK3S_THIN
100
AcDbLine
 10
139.3510534543655
 20
200.0
 30
0.0
 11
141.3510534543655
 21
202.0
 31
0.0
  0
LINE
  5
2EA
330
17
100
AcDbEntity
  8
DK3S_THIN
100
AcDbLine
 10
137.0883117545686
 20
200.0
 30
0.0
 11
139.0883117545686
 21
202.0
 31
0.0
  0
LINE
  5
2EB
330
17
100
AcDbEntity
  8
DK3S_THIN
100
AcDbLine
 10
134.8255700547716
 20
200.0
 30
0.0
 11
136.8255700547716
 21
202.0
 31
0.0
  0
LINE
  5
2EC
330
17
100
AcDbEntity
  8
DK3S_THIN
100
AcDbLine
 10
132.5628283549747
 20
200.0
 30
0.0
 11
134.5628283549747
 21
202.0
 31
0.0
  0
LINE
  5
2ED
330
17
100
AcDbEntity
  8
DK3S_THIN
100
AcDbLine
 10
130.3000866551777
 20
200.0
 30
0.0
 11
132.3000866551777
 21
202.0
 31
0.0
  0
LINE
  5
2EE
330
17
100
AcDbEntity
  8
DK3S_THIN
100
AcDbLine
 10
128.0373449553808
 20
200.0
 30
0.0
 11
130.0373449553808
 21
202.0
 31
0.0
  0
LINE
  5
2EF
330
17
100
AcDbEntity
  8
DK3S_THIN
100
AcDbLine
 10
125.7746032555838
 20
200.0
 30
0.0
 11
127.7746032555838
 21
202.0
 31
0.0
  0
LINE
  5
2F0
330
17
100
AcDbEntity
  8
DK3S_THIN
100
AcDbLine
 10
123.5118615557869
 20
200.0
 30
0.0
 11
125.5118615557869
 21
202.0
 31
0.0
  0
LINE
  5
2F1
330
17
100
AcDbEntity
  8
DK3S_THIN
100
AcDbLine
 10
121.2491198559899
 20
200.0
 30
0.0
 11
123.2491198559899
 21
202.0
 31
0.0
  0
LINE
  5
2F2
330
17
100
AcDbEntity
  8
DK3S_THIN
100
AcDbLine
 10
118.986378156193
 20
200.0
 30
0.0
 11
120.986378156193
 21
202.0
 31
0.0
  0
LINE
  5
2F3
330
17
100
AcDbEntity
  8
DK3S_THIN
100
AcDbLine
 10
116.723636456396
 20
200.0
 30
0.0
 11
118.723636456396
 21
202.0
 31
0.0
  0
LINE
  5
2F4
330
17
100
AcDbEntity
  8
DK3S_THIN
100
AcDbLine
 10
114.4608947565991
 20
200.0
 30
0.0
 11
116.4608947565991
 21
202.0
 31
0.0
  0
LINE
  5
2F5
330
17
100
AcDbEntity
  8
DK3S_THIN
100
AcDbLine
 10
112.1981530568021
 20
200.0
 30
0.0
 11
114.1981530568021
 21
202.0
 31
0.0
  0
LINE
  5
2F6
330
17
100
AcDbEntity
  8
DK3S_THIN
100
AcDbLine
 10
109.9354113570052
 20
200.0
 30
0.0
 11
111.9354113570052
 21
202.0
 31
0.0
  0
LINE
  5
2F7
330
17
100
AcDbEntity
  8
DK3S_THIN
100
AcDbLine
 10
107.6726696572082
 20
200.0
 30
0.0
 11
109.6726696572082
 21
202.0
 31
0.0
  0
LINE
  5
2F8
330
17
100
AcDbEntity
  8
DK3S_THIN
100
AcDbLine
 10
105.4099279574113
 20
200.0
 30
0.0
 11
107.4099279574113
 21
202.0
 31
0.0
  0
LINE
  5
2F9
330
17
100
AcDbEntity
  8
DK3S_THIN
100
AcDbLine
 10
103.1471862576144
 20
200.0
 30
0.0
 11
105.1471862576144
 21
202.0
 31
0.0
  0
LINE
  5
2FA
330
17
100
AcDbEntity
  8
DK3S_THIN
100
AcDbLine
 10
100.8844445578174
 20
200.0
 30
0.0
 11
102.8844445578174
 21
202.0
 31
0.0
  0
LINE
  5
2FB
330
17
100
AcDbEntity
  8
DK3S_THIN
100
AcDbLine
 10
100.0
 20
201.3782971419795
 30
0.0
 11
100.6217028580205
 21
202.0
 31
0.0
  0
LINE
  5
2FC
330
17
100
AcDbEntity
  8
DK3S_THIN
100
AcDbLine
 10
100.0
 20
201.1313708498985
 30
0.0
 11
101.1313708498985
 21
200.0
 31
0.0
  0
LINE
  5
2FD
330
17
100
AcDbEntity
  8
DK3S_THIN
100
AcDbLine
 10
101.3941125496954
 20
202.0
 30
0.0
 11
103.3941125496954
 21
200.0
 31
0.0
  0
LINE
  5
2FE
330
17
100
AcDbEntity
  8
DK3S_THIN
100
AcDbLine
 10
103.6568542494924
 20
202.0
 30
0.0
 11
105.6568542494924
 21
200.0
 31
0.0
  0
LINE
  5
2FF
330
17
100
AcDbEntity
  8
DK3S_THIN
100
AcDbLine
 10
105.9195959492893
 20
202.0
 30
0.0
 11
107.9195959492893
 21
200.0
 31
0.0
  0
LINE
  5
300
330
17
100
AcDbEntity
  8
DK3S_THIN
100
AcDbLine
 10
108.1823376490863
 20
202.0
 30
0.0
 11
110.1823376490863
 21
200.0
 31
0.0
  0
LINE
  5
301
330
17
100
AcDbEntity
  8
DK3S_THIN
100
AcDbLine
 10
110.4450793488832
 20
202.0
 30
0.0
 11
112.4450793488832
 21
200.0
 31
0.0
  0
LINE
  5
302
330
17
100
AcDbEntity
  8
DK3S_THIN
100
AcDbLine
 10
112.7078210486802
 20
202.0
 30
0.0
 11
114.7078210486802
 21
200.0
 31
0.0
  0
LINE
  5
303
330
17
100
AcDbEntity
  8
DK3S_THIN
100
AcDbLine
 10
114.9705627484771
 20
202.0
 30
0.0
 11
116.9705627484771
 21
200.0
 31
0.0
  0
LINE
  5
304
330
17
100
AcDbEntity
  8
DK3S_THIN
100
AcDbLine
 10
117.2333044482741
 20
202.0
 30
0.0
 11
119.2333044482741
 21
200.0
 31
0.0
  0
LINE
  5
305
330
17
100
AcDbEntity
  8
DK3S_THIN
100
AcDbLine
 10
119.496046148071
 20
202.0
 30
0.0
 11
121.496046148071
 21
200.0
 31
0.0
  0
LINE
  5
306
330
17
100
AcDbEntity
  8
DK3S_THIN
100
AcDbLine
 10
121.7587878478679
 20
202.0
 30
0.0
 11
123.7587878478679
 21
200.0
 31
0.0
  0
LINE
  5
307
330
17
100
AcDbEntity
  8
DK3S_THIN
100
AcDbLine
 10
124.0215295476649
 20
202.0
 30
0.0
 11
126.0215295476649
 21
200.0
 31
0.0
  0
LINE
  5
308
330
17
100
AcDbEntity
  8
DK3S_THIN
100
AcDbLine
 10
126.2842712474618
 20
202.0
 30
0.0
 11
128.2842712474618
 21
200.0
 31
0.0
  0
LINE
  5
309
330
17
100
AcDbEntity
  8
DK3S_THIN
100
AcDbLine
 10
128.5470129472588
 20
202.0
 30
0.0
 11
130.5470129472588
 21
200.0
 31
0.0
  0
LINE
  5
30A
330
17
100
AcDbEntity
  8
DK3S_THIN
100
AcDbLine
 10
130.8097546470557
 20
202.0
 30
0.0
 11
132.8097546470557
 21
200.0
 31
0.0
  0
LINE
  5
30B
330
17
100
AcDbEntity
  8
DK3S_THIN
100
AcDbLine
 10
133.0724963468527
 20
202.0
 30
0.0
 11
135.0724963468527
 21
200.0
 31
0.0
  0
LINE
  5
30C
330
17
100
AcDbEntity
  8
DK3S_THIN
100
AcDbLine
 10
135.3352380466496
 20
202.0
 30
0.0
 11
137.3352380466496
 21
200.0
 31
0.0
  0
LINE
  5
30D
330
17
100
AcDbEntity
  8
DK3S_THIN
100
AcDbLine
 10
137.5979797464466
 20
202.0
 30
0.0
 11
139.5979797464466
 21
200.0
 31
0.0
  0
LINE
  5
30E
330
17
100
AcDbEntity
  8
DK3S_THIN
100
AcDbLine
 10
139.8607214462435
 20
202.0
 30
0.0
 11
141.8607214462435
 21
200.0
 31
0.0
  0
LINE
  5
30F
330
17
100
AcDbEntity
  8
DK3S_THIN
100
AcDbLine
 10
142.1234631460405
 20
202.0
 30
0.0
 11
144.1234631460405
 21
200.0
 31
0.0
  0
LINE
  5
310
330
17
100
AcDbEntity
  8
DK3S_THIN
100
AcDbLine
 10
144.3862048458374
 20
202.0
 30
0.0
 11
146.3862048458374
 21
200.0
 31
0.0
  0
LINE
  5
311
330
17
100
AcDbEntity
  8
DK3S_THIN
100
AcDbLine
 10
146.6489465456344
 20
202.0
 30
0.0
 11
148.6489465456344
 21
200.0
 31
0.0
  0
LINE
  5
312
330
17
100
AcDbEntity
  8
DK3S_THIN
100
AcDbLine
 10
148.9116882454313
 20
202.0
 30
0.0
 11
150.9116882454313
 21
200.0
 31
0.0
  0
LINE
  5
313
330
17
100
AcDbEntity
  8
DK3S_THIN
100
AcDbLine
 10
151.1744299452283
 20
202.0
 30
0.0
 11
153.1744299452283
 21
200.0
 31
0.0
  0
LINE
  5
314
330
17
100
AcDbEntity
  8
DK3S_THIN
100
AcDbLine
 10
153.4371716450252
 20
202.0
 30
0.0
 11
155.4371716450252
 21
200.0
 31
0.0
  0
LINE
  5
315
330
17
100
AcDbEntity
  8
DK3S_THIN
100
AcDbLine
 10
155.6999133448222
 20
202.0
 30
0.0
 11
157.6999133448222
 21
200.0
 31
0.0
  0
LINE
  5
316
330
17
100
AcDbEntity
  8
DK3S_THIN
100
AcDbLine
 10
157.9626550446191
 20
202.0
 30
0.0
 11
159.9626550446191
 21
200.0
 31
0.0
  0
LINE
  5
317
330
17
100
AcDbEntity
  8
DK3S_THIN
100
AcDbLine
 10
160.2253967444161
 20
202.0
 30
0.0
 11
162.2253967444161
 21
200.0
 31
0.0
  0
LINE
  5
318
330
17
100
AcDbEntity
  8
DK3S_THIN
100
AcDbLine
 10
162.488138444213
 20
202.0
 30
0.0
 11
164.488138444213
 21
200.0
 31
0.0
  0
LINE
  5
319
330
17
100
AcDbEntity
  8
DK3S_THIN
100
AcDbLine
 10
164.75088014401
 20
202.0
 30
0.0
 11
166.75088014401
 21
200.0
 31
0.0
  0
LINE
  5
31A
330
17
100
AcDbEntity
  8
DK3S_THIN
100
AcDbLine
 10
167.0136218438069
 20
202.0
 30
0.0
 11
169.0136218438069
 21
200.0
 31
0.0
  0
LINE
  5
31B
330
17
100
AcDbEntity
  8
DK3S_THIN
100
AcDbLine
 10
169.2763635436038
 20
202.0
 30
0.0
 11
171.2763635436038
 21
200.0
 31
0.0
  0
LINE
  5
31C
330
17
100
AcDbEntity
  8
DK3S_THIN
100
AcDbLine
 10
171.5391052434008
 20
202.0
 30
0.0
 11
173.5391052434008
 21
200.0
 31
0.0
  0
LINE
  5
31D
330
17
100
AcDbEntity
  8
DK3S_THIN
100
AcDbLine
 10
173.8018469431977
 20
202.0
 30
0.0
 11
175.8018469431977
 21
200.0
 31
0.0
  0
LINE
  5
31E
330
17
100
AcDbEntity
  8
DK3S_THIN
100
AcDbLine
 10
176.0645886429947
 20
202.0
 30
0.0
 11
178.0645886429947
 21
200.0
 31
0.0
  0
LINE
  5
31F
330
17
100
AcDbEntity
  8
DK3S_THIN
100
AcDbLine
 10
178.3273303427916
 20
202.0
 30
0.0
 11
180.3273303427916
 21
200.0
 31
0.0
  0
LINE
  5
320
330
17
100
AcDbEntity
  8
DK3S_THIN
100
AcDbLine
 10
180.5900720425886
 20
202.0
 30
0.0
 11
182.5900720425886
 21
200.0
 31
0.0
  0
LINE
  5
321
330
17
100
AcDbEntity
  8
DK3S_THIN
100
AcDbLine
 10
182.8528137423855
 20
202.0
 30
0.0
 11
184.8528137423855
 21
200.0
 31
0.0
  0
LINE
  5
322
330
17
100
AcDbEntity
  8
DK3S_THIN
100
AcDbLine
 10
185.1155554421825
 20
202.0
 30
0.0
 11
187.1155554421825
 21
200.0
 31
0.0
  0
LINE
  5
323
330
17
100
AcDbEntity
  8
DK3S_THIN
100
AcDbLine
 10
187.3782971419794
 20
202.0
 30
0.0
 11
188.0
 21
201.3782971419794
 31
0.0
  0
LINE
  5
324
330
17
100
AcDbEntity
  8
DK3S_THIN
100
AcDbLine
 10
186.3029437251523
 20
196.0
 30
0.0
 11
188.0
 21
197.6970562748477
 31
0.0
  0
LINE
  5
325
330
17
100
AcDbEntity
  8
DK3S_THIN
100
AcDbLine
 10
182.9088311754569
 20
196.0
 30
0.0
 11
186.9088311754569
 21
200.0
 31
0.0
  0
LINE
  5
326
330
17
100
AcDbEntity
  8
DK3S_THIN
100
AcDbLine
 10
179.5147186257614
 20
196.0
 30
0.0
 11
183.5147186257614
 21
200.0
 31
0.0
  0
LINE
  5
327
330
17
100
AcDbEntity
  8
DK3S_THIN
100
AcDbLine
 10
176.120606076066
 20
196.0
 30
0.0
 11
180.120606076066
 21
200.0
 31
0.0
  0
LINE
  5
328
330
17
100
AcDbEntity
  8
DK3S_THIN
100
AcDbLine
 10
172.7264935263706
 20
196.0
 30
0.0
 11
176.7264935263706
 21
200.0
 31
0.0
  0
LINE
  5
329
330
17
100
AcDbEntity
  8
DK3S_THIN
100
AcDbLine
 10
169.3323809766752
 20
196.0
 30
0.0
 11
173.3323809766752
 21
200.0
 31
0.0
  0
LINE
  5
32A
330
17
100
AcDbEntity
  8
DK3S_THIN
100
AcDbLine
 10
165.9382684269797
 20
196.0
 30
0.0
 11
169.9382684269797
 21
200.0
 31
0.0
  0
LINE
  5
32B
330
17
100
AcDbEntity
  8
DK3S_THIN
100
AcDbLine
 10
162.5441558772843
 20
196.0
 30
0.0
 11
166.5441558772843
 21
200.0
 31
0.0
  0
LINE
  5
32C
330
17
100
AcDbEntity
  8
DK3S_THIN
100
AcDbLine
 10
159.1500433275889
 20
196.0
 30
0.0
 11
163.1500433275889
 21
200.0
 31
0.0
  0
LINE
  5
32D
330
17
100
AcDbEntity
  8
DK3S_THIN
100
AcDbLine
 10
155.7559307778934
 20
196.0
 30
0.0
 11
159.7559307778934
 21
200.0
 31
0.0
  0
LINE
  5
32E
330
17
100
AcDbEntity
  8
DK3S_THIN
100
AcDbLine
 10
152.361818228198
 20
196.0
 30
0.0
 11
156.361818228198
 21
200.0
 31
0.0
  0
LINE
  5
32F
330
17
100
AcDbEntity
  8
DK3S_THIN
100
AcDbLine
 10
148.9677056785026
 20
196.0
 30
0.0
 11
152.9677056785026
 21
200.0
 31
0.0
  0
LINE
  5
330
330
17
100
AcDbEntity
  8
DK3S_THIN
100
AcDbLine
 10
145.5735931288071
 20
196.0
 30
0.0
 11
149.5735931288071
 21
200.0
 31
0.0
  0
LINE
  5
331
330
17
100
AcDbEntity
  8
DK3S_THIN
100
AcDbLine
 10
142.1794805791117
 20
196.0
 30
0.0
 11
146.1794805791117
 21
200.0
 31
0.0
  0
LINE
  5
332
330
17
100
AcDbEntity
  8
DK3S_THIN
100
AcDbLine
 10
138.7853680294163
 20
196.0
 30
0.0
 11
142.7853680294163
 21
200.0
 31
0.0
  0
LINE
  5
333
330
17
100
AcDbEntity
  8
DK3S_THIN
100
AcDbLine
 10
135.3912554797209
 20
196.0
 30
0.0
 11
139.3912554797209
 21
200.0
 31
0.0
  0
LINE
  5
334
330
17
100
AcDbEntity
  8
DK3S_THIN
100
AcDbLine
 10
131.9971429300254
 20
196.0
 30
0.0
 11
135.9971429300254
 21
200.0
 31
0.0
  0
LINE
  5
335
330
17
100
AcDbEntity
  8
DK3S_THIN
100
AcDbLine
 10
128.60303038033
 20
196.0
 30
0.0
 11
132.60303038033
 21
200.0
 31
0.0
  0
LINE
  5
336
330
17
100
AcDbEntity
  8
DK3S_THIN
100
AcDbLine
 10
128.0
 20
198.7910821693654
 30
0.0
 11
129.2089178306346
 21
200.0
 31
0.0
  0
LINE
  5
337
330
17
100
AcDbEntity
  8
DK3S_THIN
100
AcDbLine
 10
128.0
 20
197.6970562748477
 30
0.0
 11
129.6970562748477
 21
196.0
 31
0.0
  0
LINE
  5
338
330
17
100
AcDbEntity
  8
DK3S_THIN
100
AcDbLine
 10
129.0911688245432
 20
200.0
 30
0.0
 11
133.0911688245432
 21
196.0
 31
0.0
  0
LINE
  5
339
330
17
100
AcDbEntity
  8
DK3S_THIN
100
AcDbLine
 10
132.4852813742386
 20
200.0
 30
0.0
 11
136.4852813742386
 21
196.0
 31
0.0
  0
LINE
  5
33A
330
17
100
AcDbEntity
  8
DK3S_THIN
100
AcDbLine
 10
135.879393923934
 20
200.0
 30
0.0
 11
139.879393923934
 21
196.0
 31
0.0
  0
LINE
  5
33B
330
17
100
AcDbEntity
  8
DK3S_THIN
100
AcDbLine
 10
139.2735064736294
 20
200.0
 30
0.0
 11
143.2735064736294
 21
196.0
 31
0.0
  0
LINE
  5
33C
330
17
100
AcDbEntity
  8
DK3S_THIN
100
AcDbLine
 10
142.6676190233248
 20
200.0
 30
0.0
 11
146.6676190233248
 21
196.0
 31
0.0
  0
LINE
  5
33D
330
17
100
AcDbEntity
  8
DK3S_THIN
100
AcDbLine
 10
146.0617315730203
 20
200.0
 30
0.0
 11
150.0617315730203
 21
196.0
 31
0.0
  0
LINE
  5
33E
330
17
100
AcDbEntity
  8
DK3S_THIN
100
AcDbLine
 10
149.4558441227157
 20
200.0
 30
0.0
 11
153.4558441227157
 21
196.0
 31
0.0
  0
LINE
  5
33F
330
17
100
AcDbEntity
  8
DK3S_THIN
100
AcDbLine
 10
152.8499566724111
 20
200.0
 30
0.0
 11
156.8499566724111
 21
196.0
 31
0.0
  0
LINE
  5
340
330
17
100
AcDbEntity
  8
DK3S_THIN
100
AcDbLine
 10
156.2440692221065
 20
200.0
 30
0.0
 11
160.2440692221065
 21
196.0
 31
0.0
  0
LINE
  5
341
330
17
100
AcDbEntity
  8
DK3S_THIN
100
AcDbLine
 10
159.638181771802
 20
200.0
 30
0.0
 11
163.638181771802
 21
196.0
 31
0.0
  0
LINE
  5
342
330
17
100
AcDbEntity
  8
DK3S_THIN
100
AcDbLine
 10
163.0322943214974
 20
200.0
 30
0.0
 11
167.0322943214974
 21
196.0
 31
0.0
  0
LINE
  5
343
330
17
100
AcDbEntity
  8
DK3S_THIN
100
AcDbLine
 10
166.4264068711928
 20
200.0
 30
0.0
 11
170.4264068711928
 21
196.0
 31
0.0
  0
LINE
  5
344
330
17
100
AcDbEntity
  8
DK3S_THIN
100
AcDbLine
 10
169.8205194208882
 20
200.0
 30
0.0
 11
173.8205194208882
 21
196.0
 31
0.0
  0
LINE
  5
345
330
17
100
AcDbEntity
  8
DK3S_THIN
100
AcDbLine
 10
173.2146319705836
 20
200.0
 30
0.0
 11
177.2146319705836
 21
196.0
 31
0.0
  0
LINE
  5
346
330
17
100
AcDbEntity
  8
DK3S_THIN
100
AcDbLine
 10
176.6087445202791
 20
200.0
 30
0.0
 11
180.6087445202791
 21
196.0
 31
0.0
  0
LINE
  5
347
330
17
100
AcDbEntity
  8
DK3S_THIN
100
AcDbLine
 10
180.0028570699745
 20
200.0
 30
0.0
 11
184.0028570699745
 21
196.0
 31
0.0
  0
LINE
  5
348
330
17
100
AcDbEntity
  8
DK3S_THIN
100
AcDbLine
 10
183.3969696196699
 20
200.0
 30
0.0
 11
187.3969696196699
 21
196.0
 31
0.0
  0
LINE
  5
349
330
17
100
AcDbEntity
  8
DK3S_THIN
100
AcDbLine
 10
186.7910821693653
 20
200.0
 30
0.0
 11
188.0
 21
198.7910821693653
 31
0.0
  0
LINE
  5
34A
330
17
100
AcDbEntity
  8
DK3S_THIN
100
AcDbLine
 10
259.5029437251522
 20
196.0
 30
0.0
 11
261.2
 21
197.6970562748477
 31
0.0
  0
LINE
  5
34B
330
17
100
AcDbEntity
  8
DK3S_THIN
100
AcDbLine
 10
256.1088311754569
 20
196.0
 30
0.0
 11
261.2
 21
201.0911688245431
 31
0.0
  0
LINE
  5
34C
330
17
100
AcDbEntity
  8
DK3S_THIN
100
AcDbLine
 10
252.7147186257614
 20
196.0
 30
0.0
 11
260.7147186257614
 21
204.0
 31
0.0
  0
LINE
  5
34D
330
17
100
AcDbEntity
  8
DK3S_THIN
100
AcDbLine
 10
249.320606076066
 20
196.0
 30
0.0
 11
257.320606076066
 21
204.0
 31
0.0
  0
LINE
  5
34E
330
17
100
AcDbEntity
  8
DK3S_THIN
100
AcDbLine
 10
245.9264935263706
 20
196.0
 30
0.0
 11
253.9264935263706
 21
204.0
 31
0.0
  0
LINE
  5
34F
330
17
100
AcDbEntity
  8
DK3S_THIN
100
AcDbLine
 10
242.5323809766751
 20
196.0
 30
0.0
 11
250.5323809766751
 21
204.0
 31
0.0
  0
LINE
  5
350
330
17
100
AcDbEntity
  8
DK3S_THIN
100
AcDbLine
 10
239.1382684269797
 20
196.0
 30
0.0
 11
247.1382684269797
 21
204.0
 31
0.0
  0
LINE
  5
351
330
17
100
AcDbEntity
  8
DK3S_THIN
100
AcDbLine
 10
235.7441558772843
 20
196.0
 30
0.0
 11
243.7441558772843
 21
204.0
 31
0.0
  0
LINE
  5
352
330
17
100
AcDbEntity
  8
DK3S_THIN
100
AcDbLine
 10
232.3500433275888
 20
196.0
 30
0.0
 11
240.3500433275888
 21
204.0
 31
0.0
  0
LINE
  5
353
330
17
100
AcDbEntity
  8
DK3S_THIN
100
AcDbLine
 10
228.9559307778934
 20
196.0
 30
0.0
 11
236.9559307778934
 21
204.0
 31
0.0
  0
LINE
  5
354
330
17
100
AcDbEntity
  8
DK3S_THIN
100
AcDbLine
 10
225.561818228198
 20
196.0
 30
0.0
 11
233.561818228198
 21
204.0
 31
0.0
  0
LINE
  5
355
330
17
100
AcDbEntity
  8
DK3S_THIN
100
AcDbLine
 10
222.1677056785026
 20
196.0
 30
0.0
 11
230.1677056785026
 21
204.0
 31
0.0
  0
LINE
  5
356
330
17
100
AcDbEntity
  8
DK3S_THIN
100
AcDbLine
 10
218.7735931288071
 20
196.0
 30
0.0
 11
226.7735931288071
 21
204.0
 31
0.0
  0
LINE
  5
357
330
17
100
AcDbEntity
  8
DK3S_THIN
100
AcDbLine
 10
215.3794805791117
 20
196.0
 30
0.0
 11
223.3794805791117
 21
204.0
 31
0.0
  0
LINE
  5
358
330
17
100
AcDbEntity
  8
DK3S_THIN
100
AcDbLine
 10
211.9853680294163
 20
196.0
 30
0.0
 11
219.9853680294163
 21
204.0
 31
0.0
  0
LINE
  5
359
330
17
100
AcDbEntity
  8
DK3S_THIN
100
AcDbLine
 10
208.5912554797208
 20
196.0
 30
0.0
 11
216.5912554797208
 21
204.0
 31
0.0
  0
LINE
  5
35A
330
17
100
AcDbEntity
  8
DK3S_THIN
100
AcDbLine
 10
205.1971429300254
 20
196.0
 30
0.0
 11
213.1971429300254
 21
204.0
 31
0.0
  0
LINE
  5
35B
330
17
100
AcDbEntity
  8
DK3S_THIN
100
AcDbLine
 10
201.80303038033
 20
196.0
 30
0.0
 11
209.80303038033
 21
204.0
 31
0.0
  0
LINE
  5
35C
330
17
100
AcDbEntity
  8
DK3S_THIN
100
AcDbLine
 10
198.4089178306346
 20
196.0
 30
0.0
 11
206.4089178306346
 21
204.0
 31
0.0
  0
LINE
  5
35D
330
17
100
AcDbEntity
  8
DK3S_THIN
100
AcDbLine
 10
195.0148052809391
 20
196.0
 30
0.0
 11
203.0148052809391
 21
204.0
 31
0.0
  0
LINE
  5
35E
330
17
100
AcDbEntity
  8
DK3S_THIN
100
AcDbLine
 10
191.6206927312437
 20
196.0
 30
0.0
 11
199.6206927312437
 21
204.0
 31
0.0
  0
LINE
  5
35F
330
17
100
AcDbEntity
  8
DK3S_THIN
100
AcDbLine
 10
188.2265801815483
 20
196.0
 30
0.0
 11
196.2265801815483
 21
204.0
 31
0.0
  0
LINE
  5
360
330
17
100
AcDbEntity
  8
DK3S_THIN
100
AcDbLine
 10
188.0
 20
199.1675323681471
 30
0.0
 11
192.8324676318529
 21
204.0
 31
0.0
  0
LINE
  5
361
330
17
100
AcDbEntity
  8
DK3S_THIN
100
AcDbLine
 10
188.0
 20
202.5616449178426
 30
0.0
 11
189.4383550821574
 21
204.0
 31
0.0
  0
LINE
  5
362
330
17
100
AcDbEntity
  8
DK3S_THIN
100
AcDbLine
 10
188.0
 20
197.6970562748477
 30
0.0
 11
189.6970562748477
 21
196.0
 31
0.0
  0
LINE
  5
363
330
17
100
AcDbEntity
  8
DK3S_THIN
100
AcDbLine
 10
188.0
 20
201.0911688245432
 30
0.0
 11
193.0911688245432
 21
196.0
 31
0.0
  0
LINE
  5
364
330
17
100
AcDbEntity
  8
DK3S_THIN
100
AcDbLine
 10
188.4852813742386
 20
204.0
 30
0.0
 11
196.4852813742386
 21
196.0
 31
0.0
  0
LINE
  5
365
330
17
100
AcDbEntity
  8
DK3S_THIN
100
AcDbLine
 10
191.879393923934
 20
204.0
 30
0.0
 11
199.879393923934
 21
196.0
 31
0.0
  0
LINE
  5
366
330
17
100
AcDbEntity
  8
DK3S_THIN
100
AcDbLine
 10
195.2735064736294
 20
204.0
 30
0.0
 11
203.2735064736294
 21
196.0
 31
0.0
  0
LINE
  5
367
330
17
100
AcDbEntity
  8
DK3S_THIN
100
AcDbLine
 10
198.6676190233248
 20
204.0
 30
0.0
 11
206.6676190233248
 21
196.0
 31
0.0
  0
LINE
  5
368
330
17
100
AcDbEntity
  8
DK3S_THIN
100
AcDbLine
 10
202.0617315730203
 20
204.0
 30
0.0
 11
210.0617315730203
 21
196.0
 31
0.0
  0
LINE
  5
369
330
17
100
AcDbEntity
  8
DK3S_THIN
100
AcDbLine
 10
205.4558441227157
 20
204.0
 30
0.0
 11
213.4558441227157
 21
196.0
 31
0.0
  0
LINE
  5
36A
330
17
100
AcDbEntity
  8
DK3S_THIN
100
AcDbLine
 10
208.8499566724111
 20
204.0
 30
0.0
 11
216.8499566724111
 21
196.0
 31
0.0
  0
LINE
  5
36B
330
17
100
AcDbEntity
  8
DK3S_THIN
100
AcDbLine
 10
212.2440692221065
 20
204.0
 30
0.0
 11
220.2440692221065
 21
196.0
 31
0.0
  0
LINE
  5
36C
330
17
100
AcDbEntity
  8
DK3S_THIN
100
AcDbLine
 10
215.638181771802
 20
204.0
 30
0.0
 11
223.638181771802
 21
196.0
 31
0.0
  0
LINE
  5
36D
330
17
100
AcDbEntity
  8
DK3S_THIN
100
AcDbLine
 10
219.0322943214974
 20
204.0
 30
0.0
 11
227.0322943214974
 21
196.0
 31
0.0
  0
LINE
  5
36E
330
17
100
AcDbEntity
  8
DK3S_THIN
100
AcDbLine
 10
222.4264068711928
 20
204.0
 30
0.0
 11
230.4264068711928
 21
196.0
 31
0.0
  0
LINE
  5
36F
330
17
100
AcDbEntity
  8
DK3S_THIN
100
AcDbLine
 10
225.8205194208882
 20
204.0
 30
0.0
 11
233.8205194208882
 21
196.0
 31
0.0
  0
LINE
  5
370
330
17
100
AcDbEntity
  8
DK3S_THIN
100
AcDbLine
 10
229.2146319705836
 20
204.0
 30
0.0
 11
237.2146319705836
 21
196.0
 31
0.0
  0
LINE
  5
371
330
17
100
AcDbEntity
  8
DK3S_THIN
100
AcDbLine
 10
232.6087445202791
 20
204.0
 30
0.0
 11
240.6087445202791
 21
196.0
 31
0.0
  0
LINE
  5
372
330
17
100
AcDbEntity
  8
DK3S_THIN
100
AcDbLine
 10
236.0028570699745
 20
204.0
 30
0.0
 11
244.0028570699745
 21
196.0
 31
0.0
  0
LINE
  5
373
330
17
100
AcDbEntity
  8
DK3S_THIN
100
AcDbLine
 10
239.3969696196699
 20
204.0
 30
0.0
 11
247.3969696196699
 21
196.0
 31
0.0
  0
LINE
  5
374
330
17
100
AcDbEntity
  8
DK3S_THIN
100
AcDbLine
 10
242.7910821693653
 20
204.0
 30
0.0
 11
250.7910821693653
 21
196.0
 31
0.0
  0
LINE
  5
375
330
17
100
AcDbEntity
  8
DK3S_THIN
100
AcDbLine
 10
246.1851947190607
 20
204.0
 30
0.0
 11
254.1851947190607
 21
196.0
 31
0.0
  0
LINE
  5
376
330
17
100
AcDbEntity
  8
DK3S_THIN
100
AcDbLine
 10
249.5793072687562
 20
204.0
 30
0.0
 11
257.5793072687562
 21
196.0
 31
0.0
  0
LINE
  5
377
330
17
100
AcDbEntity
  8
DK3S_THIN
100
AcDbLine
 10
252.9734198184516
 20
204.0
 30
0.0
 11
260.9734198184516
 21
196.0
 31
0.0
  0
LINE
  5
378
330
17
100
AcDbEntity
  8
DK3S_THIN
100
AcDbLine
 10
256.367532368147
 20
204.0
 30
0.0
 11
261.2
 21
199.167532368147
 31
0.0
  0
LINE
  5
379
330
17
100
AcDbEntity
  8
DK3S_THIN
100
AcDbLine
 10
259.7616449178424
 20
204.0
 30
0.0
 11
261.2
 21
202.5616449178424
 31
0.0
  0
LINE
  5
37A
330
17
100
AcDbEntity
  8
DK3S_THIN
100
AcDbLine
 10
266.3029437251523
 20
196.0
 30
0.0
 11
268.0
 21
197.6970562748477
 31
0.0
  0
LINE
  5
37B
330
17
100
AcDbEntity
  8
DK3S_THIN
100
AcDbLine
 10
262.9088311754568
 20
196.0
 30
0.0
 11
266.7706408383769
 21
199.86180966292
 31
0.0
  0
LINE
  5
37C
330
17
100
AcDbEntity
  8
DK3S_THIN
100
AcDbLine
 10
261.2
 20
197.6852813742385
 30
0.0
 11
264.8231992115025
 21
201.308480585741
 31
0.0
  0
LINE
  5
37D
330
17
100
AcDbEntity
  8
DK3S_THIN
100
AcDbLine
 10
261.2
 20
201.079393923934
 30
0.0
 11
262.875757584628
 21
202.7551515085621
 31
0.0
  0
LINE
  5
37E
330
17
100
AcDbEntity
  8
DK3S_THIN
100
AcDbLine
 10
261.2
 20
197.6970562748477
 30
0.0
 11
262.8970562748477
 21
196.0
 31
0.0
  0
LINE
  5
37F
330
17
100
AcDbEntity
  8
DK3S_THIN
100
AcDbLine
 10
261.2
 20
201.0911688245432
 30
0.0
 11
266.2911688245431
 21
196.0
 31
0.0
  0
LINE
  5
380
330
17
100
AcDbEntity
  8
DK3S_THIN
100
AcDbLine
 10
263.0872053442611
 20
202.5980760299774
 30
0.0
 11
268.0
 21
197.6852813742386
 31
0.0
  0
LINE
  5
381
330
17
100
AcDbEntity
  8
DK3S_THIN
100
AcDbLine
 10
273.5029437251522
 20
192.8
 30
0.0
 11
274.6852955800054
 21
193.9823518548531
 31
0.0
  0
LINE
  5
382
330
17
100
AcDbEntity
  8
DK3S_THIN
100
AcDbLine
 10
270.1088311754569
 20
192.8
 30
0.0
 11
272.737853953131
 21
195.4290227776741
 31
0.0
  0
LINE
  5
383
330
17
100
AcDbEntity
  8
DK3S_THIN
100
AcDbLine
 10
268.0
 20
194.0852813742386
 30
0.0
 11
270.7904123262566
 21
196.8756937004951
 31
0.0
  0
LINE
  5
384
330
17
100
AcDbEntity
  8
DK3S_THIN
100
AcDbLine
 10
268.0
 20
197.479393923934
 30
0.0
 11
268.8429706993821
 21
198.3223646233161
 31
0.0
  0
LINE
  5
385
330
17
100
AcDbEntity
  8
DK3S_THIN
100
AcDbLine
 10
268.0
 20
194.4970562748478
 30
0.0
 11
269.6970562748477
 21
192.8
 31
0.0
  0
LINE
  5
386
330
17
100
AcDbEntity
  8
DK3S_THIN
100
AcDbLine
 10
268.0
 20
197.8911688245432
 30
0.0
 11
273.0911688245432
 21
192.8
 31
0.0
  0
LINE
  5
387
330
17
100
AcDbEntity
  8
DK3S_CONTOUR
100
AcDbLine
 10
100.0
 20
178.0
 30
0.0
 11
188.0
 21
178.0
 31
0.0
  0
LINE
  5
388
330
17
100
AcDbEntity
  8
DK3S_CONTOUR
100
AcDbLine
 10
100.0
 20
180.0
 30
0.0
 11
188.0
 21
180.0
 31
0.0
  0
LINE
  5
389
330
17
100
AcDbEntity
  8
DK3S_CONTOUR
100
AcDbLine
 10
128.0
 20
184.0
 30
0.0
 11
128.0
 21
180.0
 31
0.0
  0
LINE
  5
38A
330
17
100
AcDbEntity
  8
DK3S_CONTOUR
100
AcDbLine
 10
188.0
 20
180.0
 30
0.0
 11
188.0
 21
176.0
 31
0.0
  0
LINE
  5
38B
330
17
100
AcDbEntity
  8
DK3S_CONTOUR
100
AcDbLine
 10
188.0
 20
176.0
 30
0.0
 11
261.2
 21
176.0
 31
0.0
  0
LINE
  5
38C
330
17
100
AcDbEntity
  8
DK3S_CONTOUR
100
AcDbLine
 10
261.2
 20
176.0
 30
0.0
 11
275.2
 21
186.4
 31
0.0
  0
LINE
  5
38D
330
17
100
AcDbEntity
  8
DK3S_CONTOUR
100
AcDbLine
 10
275.2
 20
187.2
 30
0.0
 11
275.2
 21
186.4
 31
0.0
  0
LINE
  5
38E
330
17
100
AcDbEntity
  8
DK3S_CONTOUR
100
AcDbLine
 10
128.0
 20
184.0
 30
0.0
 11
268.0
 21
184.0
 31
0.0
  0
LINE
  5
38F
330
17
100
AcDbEntity
  8
DK3S_CONTOUR
100
AcDbLine
 10
268.0
 20
187.2
 30
0.0
 11
268.0
 21
184.0
 31
0.0
  0
LINE
  5
390
330
17
100
AcDbEntity
  8
DK3S_CONTOUR
100
AcDbLine
 10
100.0
 20
184.0
 30
0.0
 11
128.0
 21
184.0
 31
0.0
  0
LINE
  5
391
330
17
100
AcDbEntity
  8
DK3S_THIN
100
AcDbLine
 10
100.0
 20
185.08
 30
0.0
 11
242.4
 21
185.08
 31
0.0
  0
LINE
  5
392
330
17
100
AcDbEntity
  8
DK3S_CONTOUR
100
AcDbLine
 10
242.4
 20
184.0
 30
0.0
 11
262.8
 21
187.2
 31
0.0
  0
LINE
  5
393
330
17
100
AcDbEntity
  8
DK3S_CONTOUR
100
AcDbLine
 10
262.8
 20
187.2
 30
0.0
 11
283.2
 21
187.2
 31
0.0
  0
LINE
  5
394
330
17
100
AcDbEntity
  8
DK3S_THIN
100
AcDbLine
 10
186.8686291501015
 20
178.0
 30
0.0
 11
188.0
 21
179.1313708498985
 31
0.0
  0
LINE
  5
395
330
17
100
AcDbEntity
  8
DK3S_THIN
100
AcDbLine
 10
184.6058874503046
 20
178.0
 30
0.0
 11
186.6058874503046
 21
180.0
 31
0.0
  0
LINE
  5
396
330
17
100
AcDbEntity
  8
DK3S_THIN
100
AcDbLine
 10
182.3431457505076
 20
178.0
 30
0.0
 11
184.3431457505076
 21
180.0
 31
0.0
  0
LINE
  5
397
330
17
100
AcDbEntity
  8
DK3S_THIN
100
AcDbLine
 10
180.0804040507107
 20
178.0
 30
0.0
 11
182.0804040507107
 21
180.0
 31
0.0
  0
LINE
  5
398
330
17
100
AcDbEntity
  8
DK3S_THIN
100
AcDbLine
 10
177.8176623509137
 20
178.0
 30
0.0
 11
179.8176623509137
 21
180.0
 31
0.0
  0
LINE
  5
399
330
17
100
AcDbEntity
  8
DK3S_THIN
100
AcDbLine
 10
175.5549206511168
 20
178.0
 30
0.0
 11
177.5549206511168
 21
180.0
 31
0.0
  0
LINE
  5
39A
330
17
100
AcDbEntity
  8
DK3S_THIN
100
AcDbLine
 10
173.2921789513198
 20
178.0
 30
0.0
 11
175.2921789513198
 21
180.0
 31
0.0
  0
LINE
  5
39B
330
17
100
AcDbEntity
  8
DK3S_THIN
100
AcDbLine
 10
171.0294372515229
 20
178.0
 30
0.0
 11
173.0294372515228
 21
180.0
 31
0.0
  0
LINE
  5
39C
330
17
100
AcDbEntity
  8
DK3S_THIN
100
AcDbLine
 10
168.7666955517259
 20
178.0
 30
0.0
 11
170.7666955517259
 21
180.0
 31
0.0
  0
LINE
  5
39D
330
17
100
AcDbEntity
  8
DK3S_THIN
100
AcDbLine
 10
166.5039538519289
 20
178.0
 30
0.0
 11
168.5039538519289
 21
180.0
 31
0.0
  0
LINE
  5
39E
330
17
100
AcDbEntity
  8
DK3S_THIN
100
AcDbLine
 10
164.241212152132
 20
178.0
 30
0.0
 11
166.241212152132
 21
180.0
 31
0.0
  0
LINE
  5
39F
330
17
100
AcDbEntity
  8
DK3S_THIN
100
AcDbLine
 10
161.978470452335
 20
178.0
 30
0.0
 11
163.978470452335
 21
180.0
 31
0.0
  0
LINE
  5
3A0
330
17
100
AcDbEntity
  8
DK3S_THIN
100
AcDbLine
 10
159.7157287525381
 20
178.0
 30
0.0
 11
161.7157287525381
 21
180.0
 31
0.0
  0
LINE
  5
3A1
330
17
100
AcDbEntity
  8
DK3S_THIN
100
AcDbLine
 10
157.4529870527412
 20
178.0
 30
0.0
 11
159.4529870527412
 21
180.0
 31
0.0
  0
LINE
  5
3A2
330
17
100
AcDbEntity
  8
DK3S_THIN
100
AcDbLine
 10
155.1902453529442
 20
178.0
 30
0.0
 11
157.1902453529442
 21
180.0
 31
0.0
  0
LINE
  5
3A3
330
17
100
AcDbEntity
  8
DK3S_THIN
100
AcDbLine
 10
152.9275036531473
 20
178.0
 30
0.0
 11
154.9275036531473
 21
180.0
 31
0.0
  0
LINE
  5
3A4
330
17
100
AcDbEntity
  8
DK3S_THIN
100
AcDbLine
 10
150.6647619533503
 20
178.0
 30
0.0
 11
152.6647619533503
 21
180.0
 31
0.0
  0
LINE
  5
3A5
330
17
100
AcDbEntity
  8
DK3S_THIN
100
AcDbLine
 10
148.4020202535533
 20
178.0
 30
0.0
 11
150.4020202535533
 21
180.0
 31
0.0
  0
LINE
  5
3A6
330
17
100
AcDbEntity
  8
DK3S_THIN
100
AcDbLine
 10
146.1392785537564
 20
178.0
 30
0.0
 11
148.1392785537564
 21
180.0
 31
0.0
  0
LINE
  5
3A7
330
17
100
AcDbEntity
  8
DK3S_THIN
100
AcDbLine
 10
143.8765368539594
 20
178.0
 30
0.0
 11
145.8765368539594
 21
180.0
 31
0.0
  0
LINE
  5
3A8
330
17
100
AcDbEntity
  8
DK3S_THIN
100
AcDbLine
 10
141.6137951541625
 20
178.0
 30
0.0
 11
143.6137951541625
 21
180.0
 31
0.0
  0
LINE
  5
3A9
330
17
100
AcDbEntity
  8
DK3S_THIN
100
AcDbLine
 10
139.3510534543655
 20
178.0
 30
0.0
 11
141.3510534543655
 21
180.0
 31
0.0
  0
LINE
  5
3AA
330
17
100
AcDbEntity
  8
DK3S_THIN
100
AcDbLine
 10
137.0883117545686
 20
178.0
 30
0.0
 11
139.0883117545686
 21
180.0
 31
0.0
  0
LINE
  5
3AB
330
17
100
AcDbEntity
  8
DK3S_THIN
100
AcDbLine
 10
134.8255700547716
 20
178.0
 30
0.0
 11
136.8255700547716
 21
180.0
 31
0.0
  0
LINE
  5
3AC
330
17
100
AcDbEntity
  8
DK3S_THIN
100
AcDbLine
 10
132.5628283549747
 20
178.0
 30
0.0
 11
134.5628283549747
 21
180.0
 31
0.0
  0
LINE
  5
3AD
330
17
100
AcDbEntity
  8
DK3S_THIN
100
AcDbLine
 10
130.3000866551777
 20
178.0
 30
0.0
 11
132.3000866551777
 21
180.0
 31
0.0
  0
LINE
  5
3AE
330
17
100
AcDbEntity
  8
DK3S_THIN
100
AcDbLine
 10
128.0373449553807
 20
178.0
 30
0.0
 11
130.0373449553807
 21
180.0
 31
0.0
  0
LINE
  5
3AF
330
17
100
AcDbEntity
  8
DK3S_THIN
100
AcDbLine
 10
125.7746032555838
 20
178.0
 30
0.0
 11
127.7746032555838
 21
180.0
 31
0.0
  0
LINE
  5
3B0
330
17
100
AcDbEntity
  8
DK3S_THIN
100
AcDbLine
 10
123.5118615557869
 20
178.0
 30
0.0
 11
125.5118615557869
 21
180.0
 31
0.0
  0
LINE
  5
3B1
330
17
100
AcDbEntity
  8
DK3S_THIN
100
AcDbLine
 10
121.2491198559899
 20
178.0
 30
0.0
 11
123.2491198559899
 21
180.0
 31
0.0
  0
LINE
  5
3B2
330
17
100
AcDbEntity
  8
DK3S_THIN
100
AcDbLine
 10
118.9863781561929
 20
178.0
 30
0.0
 11
120.9863781561929
 21
180.0
 31
0.0
  0
LINE
  5
3B3
330
17
100
AcDbEntity
  8
DK3S_THIN
100
AcDbLine
 10
116.723636456396
 20
178.0
 30
0.0
 11
118.723636456396
 21
180.0
 31
0.0
  0
LINE
  5
3B4
330
17
100
AcDbEntity
  8
DK3S_THIN
100
AcDbLine
 10
114.460894756599
 20
178.0
 30
0.0
 11
116.460894756599
 21
180.0
 31
0.0
  0
LINE
  5
3B5
330
17
100
AcDbEntity
  8
DK3S_THIN
100
AcDbLine
 10
112.1981530568021
 20
178.0
 30
0.0
 11
114.1981530568021
 21
180.0
 31
0.0
  0
LINE
  5
3B6
330
17
100
AcDbEntity
  8
DK3S_THIN
100
AcDbLine
 10
109.9354113570051
 20
178.0
 30
0.0
 11
111.9354113570051
 21
180.0
 31
0.0
  0
LINE
  5
3B7
330
17
100
AcDbEntity
  8
DK3S_THIN
100
AcDbLine
 10
107.6726696572082
 20
178.0
 30
0.0
 11
109.6726696572082
 21
180.0
 31
0.0
  0
LINE
  5
3B8
330
17
100
AcDbEntity
  8
DK3S_THIN
100
AcDbLine
 10
105.4099279574112
 20
178.0
 30
0.0
 11
107.4099279574112
 21
180.0
 31
0.0
  0
LINE
  5
3B9
330
17
100
AcDbEntity
  8
DK3S_THIN
100
AcDbLine
 10
103.1471862576143
 20
178.0
 30
0.0
 11
105.1471862576143
 21
180.0
 31
0.0
  0
LINE
  5
3BA
330
17
100
AcDbEntity
  8
DK3S_THIN
100
AcDbLine
 10
100.8844445578173
 20
178.0
 30
0.0
 11
102.8844445578173
 21
180.0
 31
0.0
  0
LINE
  5
3BB
330
17
100
AcDbEntity
  8
DK3S_THIN
100
AcDbLine
 10
100.0
 20
179.3782971419796
 30
0.0
 11
100.6217028580204
 21
180.0
 31
0.0
  0
LINE
  5
3BC
330
17
100
AcDbEntity
  8
DK3S_THIN
100
AcDbLine
 10
100.0
 20
179.1313708498985
 30
0.0
 11
101.1313708498985
 21
178.0
 31
0.0
  0
LINE
  5
3BD
330
17
100
AcDbEntity
  8
DK3S_THIN
100
AcDbLine
 10
101.3941125496954
 20
180.0
 30
0.0
 11
103.3941125496954
 21
178.0
 31
0.0
  0
LINE
  5
3BE
330
17
100
AcDbEntity
  8
DK3S_THIN
100
AcDbLine
 10
103.6568542494924
 20
180.0
 30
0.0
 11
105.6568542494924
 21
178.0
 31
0.0
  0
LINE
  5
3BF
330
17
100
AcDbEntity
  8
DK3S_THIN
100
AcDbLine
 10
105.9195959492893
 20
180.0
 30
0.0
 11
107.9195959492893
 21
178.0
 31
0.0
  0
LINE
  5
3C0
330
17
100
AcDbEntity
  8
DK3S_THIN
100
AcDbLine
 10
108.1823376490863
 20
180.0
 30
0.0
 11
110.1823376490863
 21
178.0
 31
0.0
  0
LINE
  5
3C1
330
17
100
AcDbEntity
  8
DK3S_THIN
100
AcDbLine
 10
110.4450793488832
 20
180.0
 30
0.0
 11
112.4450793488832
 21
178.0
 31
0.0
  0
LINE
  5
3C2
330
17
100
AcDbEntity
  8
DK3S_THIN
100
AcDbLine
 10
112.7078210486802
 20
180.0
 30
0.0
 11
114.7078210486802
 21
178.0
 31
0.0
  0
LINE
  5
3C3
330
17
100
AcDbEntity
  8
DK3S_THIN
100
AcDbLine
 10
114.9705627484771
 20
180.0
 30
0.0
 11
116.9705627484771
 21
178.0
 31
0.0
  0
LINE
  5
3C4
330
17
100
AcDbEntity
  8
DK3S_THIN
100
AcDbLine
 10
117.2333044482741
 20
180.0
 30
0.0
 11
119.2333044482741
 21
178.0
 31
0.0
  0
LINE
  5
3C5
330
17
100
AcDbEntity
  8
DK3S_THIN
100
AcDbLine
 10
119.496046148071
 20
180.0
 30
0.0
 11
121.496046148071
 21
178.0
 31
0.0
  0
LINE
  5
3C6
330
17
100
AcDbEntity
  8
DK3S_THIN
100
AcDbLine
 10
121.7587878478679
 20
180.0
 30
0.0
 11
123.7587878478679
 21
178.0
 31
0.0
  0
LINE
  5
3C7
330
17
100
AcDbEntity
  8
DK3S_THIN
100
AcDbLine
 10
124.0215295476649
 20
180.0
 30
0.0
 11
126.0215295476649
 21
178.0
 31
0.0
  0
LINE
  5
3C8
330
17
100
AcDbEntity
  8
DK3S_THIN
100
AcDbLine
 10
126.2842712474618
 20
180.0
 30
0.0
 11
128.2842712474618
 21
178.0
 31
0.0
  0
LINE
  5
3C9
330
17
100
AcDbEntity
  8
DK3S_THIN
100
AcDbLine
 10
128.5470129472588
 20
180.0
 30
0.0
 11
130.5470129472588
 21
178.0
 31
0.0
  0
LINE
  5
3CA
330
17
100
AcDbEntity
  8
DK3S_THIN
100
AcDbLine
 10
130.8097546470557
 20
180.0
 30
0.0
 11
132.8097546470557
 21
178.0
 31
0.0
  0
LINE
  5
3CB
330
17
100
AcDbEntity
  8
DK3S_THIN
100
AcDbLine
 10
133.0724963468527
 20
180.0
 30
0.0
 11
135.0724963468527
 21
178.0
 31
0.0
  0
LINE
  5
3CC
330
17
100
AcDbEntity
  8
DK3S_THIN
100
AcDbLine
 10
135.3352380466496
 20
180.0
 30
0.0
 11
137.3352380466496
 21
178.0
 31
0.0
  0
LINE
  5
3CD
330
17
100
AcDbEntity
  8
DK3S_THIN
100
AcDbLine
 10
137.5979797464466
 20
180.0
 30
0.0
 11
139.5979797464466
 21
178.0
 31
0.0
  0
LINE
  5
3CE
330
17
100
AcDbEntity
  8
DK3S_THIN
100
AcDbLine
 10
139.8607214462435
 20
180.0
 30
0.0
 11
141.8607214462435
 21
178.0
 31
0.0
  0
LINE
  5
3CF
330
17
100
AcDbEntity
  8
DK3S_THIN
100
AcDbLine
 10
142.1234631460405
 20
180.0
 30
0.0
 11
144.1234631460405
 21
178.0
 31
0.0
  0
LINE
  5
3D0
330
17
100
AcDbEntity
  8
DK3S_THIN
100
AcDbLine
 10
144.3862048458374
 20
180.0
 30
0.0
 11
146.3862048458374
 21
178.0
 31
0.0
  0
LINE
  5
3D1
330
17
100
AcDbEntity
  8
DK3S_THIN
100
AcDbLine
 10
146.6489465456344
 20
180.0
 30
0.0
 11
148.6489465456344
 21
178.0
 31
0.0
  0
LINE
  5
3D2
330
17
100
AcDbEntity
  8
DK3S_THIN
100
AcDbLine
 10
148.9116882454313
 20
180.0
 30
0.0
 11
150.9116882454313
 21
178.0
 31
0.0
  0
LINE
  5
3D3
330
17
100
AcDbEntity
  8
DK3S_THIN
100
AcDbLine
 10
151.1744299452283
 20
180.0
 30
0.0
 11
153.1744299452283
 21
178.0
 31
0.0
  0
LINE
  5
3D4
330
17
100
AcDbEntity
  8
DK3S_THIN
100
AcDbLine
 10
153.4371716450252
 20
180.0
 30
0.0
 11
155.4371716450252
 21
178.0
 31
0.0
  0
LINE
  5
3D5
330
17
100
AcDbEntity
  8
DK3S_THIN
100
AcDbLine
 10
155.6999133448222
 20
180.0
 30
0.0
 11
157.6999133448222
 21
178.0
 31
0.0
  0
LINE
  5
3D6
330
17
100
AcDbEntity
  8
DK3S_THIN
100
AcDbLine
 10
157.9626550446191
 20
180.0
 30
0.0
 11
159.9626550446191
 21
178.0
 31
0.0
  0
LINE
  5
3D7
330
17
100
AcDbEntity
  8
DK3S_THIN
100
AcDbLine
 10
160.2253967444161
 20
180.0
 30
0.0
 11
162.2253967444161
 21
178.0
 31
0.0
  0
LINE
  5
3D8
330
17
100
AcDbEntity
  8
DK3S_THIN
100
AcDbLine
 10
162.488138444213
 20
180.0
 30
0.0
 11
164.488138444213
 21
178.0
 31
0.0
  0
LINE
  5
3D9
330
17
100
AcDbEntity
  8
DK3S_THIN
100
AcDbLine
 10
164.75088014401
 20
180.0
 30
0.0
 11
166.75088014401
 21
178.0
 31
0.0
  0
LINE
  5
3DA
330
17
100
AcDbEntity
  8
DK3S_THIN
100
AcDbLine
 10
167.0136218438069
 20
180.0
 30
0.0
 11
169.0136218438069
 21
178.0
 31
0.0
  0
LINE
  5
3DB
330
17
100
AcDbEntity
  8
DK3S_THIN
100
AcDbLine
 10
169.2763635436038
 20
180.0
 30
0.0
 11
171.2763635436038
 21
178.0
 31
0.0
  0
LINE
  5
3DC
330
17
100
AcDbEntity
  8
DK3S_THIN
100
AcDbLine
 10
171.5391052434008
 20
180.0
 30
0.0
 11
173.5391052434008
 21
178.0
 31
0.0
  0
LINE
  5
3DD
330
17
100
AcDbEntity
  8
DK3S_THIN
100
AcDbLine
 10
173.8018469431977
 20
180.0
 30
0.0
 11
175.8018469431977
 21
178.0
 31
0.0
  0
LINE
  5
3DE
330
17
100
AcDbEntity
  8
DK3S_THIN
100
AcDbLine
 10
176.0645886429947
 20
180.0
 30
0.0
 11
178.0645886429947
 21
178.0
 31
0.0
  0
LINE
  5
3DF
330
17
100
AcDbEntity
  8
DK3S_THIN
100
AcDbLine
 10
178.3273303427916
 20
180.0
 30
0.0
 11
180.3273303427916
 21
178.0
 31
0.0
  0
LINE
  5
3E0
330
17
100
AcDbEntity
  8
DK3S_THIN
100
AcDbLine
 10
180.5900720425886
 20
180.0
 30
0.0
 11
182.5900720425886
 21
178.0
 31
0.0
  0
LINE
  5
3E1
330
17
100
AcDbEntity
  8
DK3S_THIN
100
AcDbLine
 10
182.8528137423855
 20
180.0
 30
0.0
 11
184.8528137423855
 21
178.0
 31
0.0
  0
LINE
  5
3E2
330
17
100
AcDbEntity
  8
DK3S_THIN
100
AcDbLine
 10
185.1155554421825
 20
180.0
 30
0.0
 11
187.1155554421825
 21
178.0
 31
0.0
  0
LINE
  5
3E3
330
17
100
AcDbEntity
  8
DK3S_THIN
100
AcDbLine
 10
187.3782971419794
 20
180.0
 30
0.0
 11
188.0
 21
179.3782971419794
 31
0.0
  0
LINE
  5
3E4
330
17
100
AcDbEntity
  8
DK3S_THIN
100
AcDbLine
 10
186.3029437251523
 20
180.0
 30
0.0
 11
188.0
 21
181.6970562748477
 31
0.0
  0
LINE
  5
3E5
330
17
100
AcDbEntity
  8
DK3S_THIN
100
AcDbLine
 10
182.9088311754569
 20
180.0
 30
0.0
 11
186.9088311754568
 21
184.0
 31
0.0
  0
LINE
  5
3E6
330
17
100
AcDbEntity
  8
DK3S_THIN
100
AcDbLine
 10
179.5147186257614
 20
180.0
 30
0.0
 11
183.5147186257614
 21
184.0
 31
0.0
  0
LINE
  5
3E7
330
17
100
AcDbEntity
  8
DK3S_THIN
100
AcDbLine
 10
176.120606076066
 20
180.0
 30
0.0
 11
180.120606076066
 21
184.0
 31
0.0
  0
LINE
  5
3E8
330
17
100
AcDbEntity
  8
DK3S_THIN
100
AcDbLine
 10
172.7264935263706
 20
180.0
 30
0.0
 11
176.7264935263706
 21
184.0
 31
0.0
  0
LINE
  5
3E9
330
17
100
AcDbEntity
  8
DK3S_THIN
100
AcDbLine
 10
169.3323809766752
 20
180.0
 30
0.0
 11
173.3323809766752
 21
184.0
 31
0.0
  0
LINE
  5
3EA
330
17
100
AcDbEntity
  8
DK3S_THIN
100
AcDbLine
 10
165.9382684269797
 20
180.0
 30
0.0
 11
169.9382684269797
 21
184.0
 31
0.0
  0
LINE
  5
3EB
330
17
100
AcDbEntity
  8
DK3S_THIN
100
AcDbLine
 10
162.5441558772843
 20
180.0
 30
0.0
 11
166.5441558772843
 21
184.0
 31
0.0
  0
LINE
  5
3EC
330
17
100
AcDbEntity
  8
DK3S_THIN
100
AcDbLine
 10
159.1500433275889
 20
180.0
 30
0.0
 11
163.1500433275889
 21
184.0
 31
0.0
  0
LINE
  5
3ED
330
17
100
AcDbEntity
  8
DK3S_THIN
100
AcDbLine
 10
155.7559307778934
 20
180.0
 30
0.0
 11
159.7559307778934
 21
184.0
 31
0.0
  0
LINE
  5
3EE
330
17
100
AcDbEntity
  8
DK3S_THIN
100
AcDbLine
 10
152.361818228198
 20
180.0
 30
0.0
 11
156.361818228198
 21
184.0
 31
0.0
  0
LINE
  5
3EF
330
17
100
AcDbEntity
  8
DK3S_THIN
100
AcDbLine
 10
148.9677056785026
 20
180.0
 30
0.0
 11
152.9677056785026
 21
184.0
 31
0.0
  0
LINE
  5
3F0
330
17
100
AcDbEntity
  8
DK3S_THIN
100
AcDbLine
 10
145.5735931288071
 20
180.0
 30
0.0
 11
149.5735931288071
 21
184.0
 31
0.0
  0
LINE
  5
3F1
330
17
100
AcDbEntity
  8
DK3S_THIN
100
AcDbLine
 10
142.1794805791117
 20
180.0
 30
0.0
 11
146.1794805791117
 21
184.0
 31
0.0
  0
LINE
  5
3F2
330
17
100
AcDbEntity
  8
DK3S_THIN
100
AcDbLine
 10
138.7853680294163
 20
180.0
 30
0.0
 11
142.7853680294163
 21
184.0
 31
0.0
  0
LINE
  5
3F3
330
17
100
AcDbEntity
  8
DK3S_THIN
100
AcDbLine
 10
135.3912554797209
 20
180.0
 30
0.0
 11
139.3912554797209
 21
184.0
 31
0.0
  0
LINE
  5
3F4
330
17
100
AcDbEntity
  8
DK3S_THIN
100
AcDbLine
 10
131.9971429300254
 20
180.0
 30
0.0
 11
135.9971429300254
 21
184.0
 31
0.0
  0
LINE
  5
3F5
330
17
100
AcDbEntity
  8
DK3S_THIN
100
AcDbLine
 10
128.60303038033
 20
180.0
 30
0.0
 11
132.60303038033
 21
184.0
 31
0.0
  0
LINE
  5
3F6
330
17
100
AcDbEntity
  8
DK3S_THIN
100
AcDbLine
 10
128.0
 20
182.7910821693654
 30
0.0
 11
129.2089178306346
 21
184.0
 31
0.0
  0
LINE
  5
3F7
330
17
100
AcDbEntity
  8
DK3S_THIN
100
AcDbLine
 10
128.0
 20
181.6970562748477
 30
0.0
 11
129.6970562748477
 21
180.0
 31
0.0
  0
LINE
  5
3F8
330
17
100
AcDbEntity
  8
DK3S_THIN
100
AcDbLine
 10
129.0911688245432
 20
184.0
 30
0.0
 11
133.0911688245432
 21
180.0
 31
0.0
  0
LINE
  5
3F9
330
17
100
AcDbEntity
  8
DK3S_THIN
100
AcDbLine
 10
132.4852813742386
 20
184.0
 30
0.0
 11
136.4852813742386
 21
180.0
 31
0.0
  0
LINE
  5
3FA
330
17
100
AcDbEntity
  8
DK3S_THIN
100
AcDbLine
 10
135.879393923934
 20
184.0
 30
0.0
 11
139.879393923934
 21
180.0
 31
0.0
  0
LINE
  5
3FB
330
17
100
AcDbEntity
  8
DK3S_THIN
100
AcDbLine
 10
139.2735064736294
 20
184.0
 30
0.0
 11
143.2735064736294
 21
180.0
 31
0.0
  0
LINE
  5
3FC
330
17
100
AcDbEntity
  8
DK3S_THIN
100
AcDbLine
 10
142.6676190233248
 20
184.0
 30
0.0
 11
146.6676190233248
 21
180.0
 31
0.0
  0
LINE
  5
3FD
330
17
100
AcDbEntity
  8
DK3S_THIN
100
AcDbLine
 10
146.0617315730203
 20
184.0
 30
0.0
 11
150.0617315730203
 21
180.0
 31
0.0
  0
LINE
  5
3FE
330
17
100
AcDbEntity
  8
DK3S_THIN
100
AcDbLine
 10
149.4558441227157
 20
184.0
 30
0.0
 11
153.4558441227157
 21
180.0
 31
0.0
  0
LINE
  5
3FF
330
17
100
AcDbEntity
  8
DK3S_THIN
100
AcDbLine
 10
152.8499566724111
 20
184.0
 30
0.0
 11
156.8499566724111
 21
180.0
 31
0.0
  0
LINE
  5
400
330
17
100
AcDbEntity
  8
DK3S_THIN
100
AcDbLine
 10
156.2440692221065
 20
184.0
 30
0.0
 11
160.2440692221065
 21
180.0
 31
0.0
  0
LINE
  5
401
330
17
100
AcDbEntity
  8
DK3S_THIN
100
AcDbLine
 10
159.638181771802
 20
184.0
 30
0.0
 11
163.638181771802
 21
180.0
 31
0.0
  0
LINE
  5
402
330
17
100
AcDbEntity
  8
DK3S_THIN
100
AcDbLine
 10
163.0322943214974
 20
184.0
 30
0.0
 11
167.0322943214974
 21
180.0
 31
0.0
  0
LINE
  5
403
330
17
100
AcDbEntity
  8
DK3S_THIN
100
AcDbLine
 10
166.4264068711928
 20
184.0
 30
0.0
 11
170.4264068711928
 21
180.0
 31
0.0
  0
LINE
  5
404
330
17
100
AcDbEntity
  8
DK3S_THIN
100
AcDbLine
 10
169.8205194208882
 20
184.0
 30
0.0
 11
173.8205194208882
 21
180.0
 31
0.0
  0
LINE
  5
405
330
17
100
AcDbEntity
  8
DK3S_THIN
100
AcDbLine
 10
173.2146319705836
 20
184.0
 30
0.0
 11
177.2146319705836
 21
180.0
 31
0.0
  0
LINE
  5
406
330
17
100
AcDbEntity
  8
DK3S_THIN
100
AcDbLine
 10
176.6087445202791
 20
184.0
 30
0.0
 11
180.6087445202791
 21
180.0
 31
0.0
  0
LINE
  5
407
330
17
100
AcDbEntity
  8
DK3S_THIN
100
AcDbLine
 10
180.0028570699745
 20
184.0
 30
0.0
 11
184.0028570699745
 21
180.0
 31
0.0
  0
LINE
  5
408
330
17
100
AcDbEntity
  8
DK3S_THIN
100
AcDbLine
 10
183.3969696196699
 20
184.0
 30
0.0
 11
187.3969696196699
 21
180.0
 31
0.0
  0
LINE
  5
409
330
17
100
AcDbEntity
  8
DK3S_THIN
100
AcDbLine
 10
186.7910821693653
 20
184.0
 30
0.0
 11
188.0
 21
182.7910821693653
 31
0.0
  0
LINE
  5
40A
330
17
100
AcDbEntity
  8
DK3S_THIN
100
AcDbLine
 10
259.5029437251522
 20
176.0
 30
0.0
 11
261.2
 21
177.6970562748477
 31
0.0
  0
LINE
  5
40B
330
17
100
AcDbEntity
  8
DK3S_THIN
100
AcDbLine
 10
256.1088311754569
 20
176.0
 30
0.0
 11
261.2
 21
181.0911688245431
 31
0.0
  0
LINE
  5
40C
330
17
100
AcDbEntity
  8
DK3S_THIN
100
AcDbLine
 10
252.7147186257614
 20
176.0
 30
0.0
 11
260.7147186257614
 21
184.0
 31
0.0
  0
LINE
  5
40D
330
17
100
AcDbEntity
  8
DK3S_THIN
100
AcDbLine
 10
249.320606076066
 20
176.0
 30
0.0
 11
257.320606076066
 21
184.0
 31
0.0
  0
LINE
  5
40E
330
17
100
AcDbEntity
  8
DK3S_THIN
100
AcDbLine
 10
245.9264935263706
 20
176.0
 30
0.0
 11
253.9264935263706
 21
184.0
 31
0.0
  0
LINE
  5
40F
330
17
100
AcDbEntity
  8
DK3S_THIN
100
AcDbLine
 10
242.5323809766752
 20
176.0
 30
0.0
 11
250.5323809766752
 21
184.0
 31
0.0
  0
LINE
  5
410
330
17
100
AcDbEntity
  8
DK3S_THIN
100
AcDbLine
 10
239.1382684269797
 20
176.0
 30
0.0
 11
247.1382684269797
 21
184.0
 31
0.0
  0
LINE
  5
411
330
17
100
AcDbEntity
  8
DK3S_THIN
100
AcDbLine
 10
235.7441558772843
 20
176.0
 30
0.0
 11
243.7441558772843
 21
184.0
 31
0.0
  0
LINE
  5
412
330
17
100
AcDbEntity
  8
DK3S_THIN
100
AcDbLine
 10
232.3500433275889
 20
176.0
 30
0.0
 11
240.3500433275889
 21
184.0
 31
0.0
  0
LINE
  5
413
330
17
100
AcDbEntity
  8
DK3S_THIN
100
AcDbLine
 10
228.9559307778935
 20
176.0
 30
0.0
 11
236.9559307778935
 21
184.0
 31
0.0
  0
LINE
  5
414
330
17
100
AcDbEntity
  8
DK3S_THIN
100
AcDbLine
 10
225.561818228198
 20
176.0
 30
0.0
 11
233.561818228198
 21
184.0
 31
0.0
  0
LINE
  5
415
330
17
100
AcDbEntity
  8
DK3S_THIN
100
AcDbLine
 10
222.1677056785026
 20
176.0
 30
0.0
 11
230.1677056785026
 21
184.0
 31
0.0
  0
LINE
  5
416
330
17
100
AcDbEntity
  8
DK3S_THIN
100
AcDbLine
 10
218.7735931288072
 20
176.0
 30
0.0
 11
226.7735931288072
 21
184.0
 31
0.0
  0
LINE
  5
417
330
17
100
AcDbEntity
  8
DK3S_THIN
100
AcDbLine
 10
215.3794805791117
 20
176.0
 30
0.0
 11
223.3794805791117
 21
184.0
 31
0.0
  0
LINE
  5
418
330
17
100
AcDbEntity
  8
DK3S_THIN
100
AcDbLine
 10
211.9853680294163
 20
176.0
 30
0.0
 11
219.9853680294163
 21
184.0
 31
0.0
  0
LINE
  5
419
330
17
100
AcDbEntity
  8
DK3S_THIN
100
AcDbLine
 10
208.5912554797209
 20
176.0
 30
0.0
 11
216.5912554797209
 21
184.0
 31
0.0
  0
LINE
  5
41A
330
17
100
AcDbEntity
  8
DK3S_THIN
100
AcDbLine
 10
205.1971429300254
 20
176.0
 30
0.0
 11
213.1971429300254
 21
184.0
 31
0.0
  0
LINE
  5
41B
330
17
100
AcDbEntity
  8
DK3S_THIN
100
AcDbLine
 10
201.80303038033
 20
176.0
 30
0.0
 11
209.80303038033
 21
184.0
 31
0.0
  0
LINE
  5
41C
330
17
100
AcDbEntity
  8
DK3S_THIN
100
AcDbLine
 10
198.4089178306346
 20
176.0
 30
0.0
 11
206.4089178306346
 21
184.0
 31
0.0
  0
LINE
  5
41D
330
17
100
AcDbEntity
  8
DK3S_THIN
100
AcDbLine
 10
195.0148052809392
 20
176.0
 30
0.0
 11
203.0148052809392
 21
184.0
 31
0.0
  0
LINE
  5
41E
330
17
100
AcDbEntity
  8
DK3S_THIN
100
AcDbLine
 10
191.6206927312437
 20
176.0
 30
0.0
 11
199.6206927312437
 21
184.0
 31
0.0
  0
LINE
  5
41F
330
17
100
AcDbEntity
  8
DK3S_THIN
100
AcDbLine
 10
188.2265801815483
 20
176.0
 30
0.0
 11
196.2265801815483
 21
184.0
 31
0.0
  0
LINE
  5
420
330
17
100
AcDbEntity
  8
DK3S_THIN
100
AcDbLine
 10
188.0
 20
179.1675323681471
 30
0.0
 11
192.8324676318529
 21
184.0
 31
0.0
  0
LINE
  5
421
330
17
100
AcDbEntity
  8
DK3S_THIN
100
AcDbLine
 10
188.0
 20
182.5616449178426
 30
0.0
 11
189.4383550821574
 21
184.0
 31
0.0
  0
LINE
  5
422
330
17
100
AcDbEntity
  8
DK3S_THIN
100
AcDbLine
 10
188.0
 20
177.6970562748477
 30
0.0
 11
189.6970562748477
 21
176.0
 31
0.0
  0
LINE
  5
423
330
17
100
AcDbEntity
  8
DK3S_THIN
100
AcDbLine
 10
188.0
 20
181.0911688245432
 30
0.0
 11
193.0911688245432
 21
176.0
 31
0.0
  0
LINE
  5
424
330
17
100
AcDbEntity
  8
DK3S_THIN
100
AcDbLine
 10
188.4852813742386
 20
184.0
 30
0.0
 11
196.4852813742386
 21
176.0
 31
0.0
  0
LINE
  5
425
330
17
100
AcDbEntity
  8
DK3S_THIN
100
AcDbLine
 10
191.879393923934
 20
184.0
 30
0.0
 11
199.879393923934
 21
176.0
 31
0.0
  0
LINE
  5
426
330
17
100
AcDbEntity
  8
DK3S_THIN
100
AcDbLine
 10
195.2735064736294
 20
184.0
 30
0.0
 11
203.2735064736294
 21
176.0
 31
0.0
  0
LINE
  5
427
330
17
100
AcDbEntity
  8
DK3S_THIN
100
AcDbLine
 10
198.6676190233248
 20
184.0
 30
0.0
 11
206.6676190233248
 21
176.0
 31
0.0
  0
LINE
  5
428
330
17
100
AcDbEntity
  8
DK3S_THIN
100
AcDbLine
 10
202.0617315730203
 20
184.0
 30
0.0
 11
210.0617315730203
 21
176.0
 31
0.0
  0
LINE
  5
429
330
17
100
AcDbEntity
  8
DK3S_THIN
100
AcDbLine
 10
205.4558441227157
 20
184.0
 30
0.0
 11
213.4558441227157
 21
176.0
 31
0.0
  0
LINE
  5
42A
330
17
100
AcDbEntity
  8
DK3S_THIN
100
AcDbLine
 10
208.8499566724111
 20
184.0
 30
0.0
 11
216.8499566724111
 21
176.0
 31
0.0
  0
LINE
  5
42B
330
17
100
AcDbEntity
  8
DK3S_THIN
100
AcDbLine
 10
212.2440692221065
 20
184.0
 30
0.0
 11
220.2440692221065
 21
176.0
 31
0.0
  0
LINE
  5
42C
330
17
100
AcDbEntity
  8
DK3S_THIN
100
AcDbLine
 10
215.638181771802
 20
184.0
 30
0.0
 11
223.638181771802
 21
176.0
 31
0.0
  0
LINE
  5
42D
330
17
100
AcDbEntity
  8
DK3S_THIN
100
AcDbLine
 10
219.0322943214974
 20
184.0
 30
0.0
 11
227.0322943214974
 21
176.0
 31
0.0
  0
LINE
  5
42E
330
17
100
AcDbEntity
  8
DK3S_THIN
100
AcDbLine
 10
222.4264068711928
 20
184.0
 30
0.0
 11
230.4264068711928
 21
176.0
 31
0.0
  0
LINE
  5
42F
330
17
100
AcDbEntity
  8
DK3S_THIN
100
AcDbLine
 10
225.8205194208882
 20
184.0
 30
0.0
 11
233.8205194208882
 21
176.0
 31
0.0
  0
LINE
  5
430
330
17
100
AcDbEntity
  8
DK3S_THIN
100
AcDbLine
 10
229.2146319705836
 20
184.0
 30
0.0
 11
237.2146319705836
 21
176.0
 31
0.0
  0
LINE
  5
431
330
17
100
AcDbEntity
  8
DK3S_THIN
100
AcDbLine
 10
232.6087445202791
 20
184.0
 30
0.0
 11
240.6087445202791
 21
176.0
 31
0.0
  0
LINE
  5
432
330
17
100
AcDbEntity
  8
DK3S_THIN
100
AcDbLine
 10
236.0028570699745
 20
184.0
 30
0.0
 11
244.0028570699745
 21
176.0
 31
0.0
  0
LINE
  5
433
330
17
100
AcDbEntity
  8
DK3S_THIN
100
AcDbLine
 10
239.3969696196699
 20
184.0
 30
0.0
 11
247.3969696196699
 21
176.0
 31
0.0
  0
LINE
  5
434
330
17
100
AcDbEntity
  8
DK3S_THIN
100
AcDbLine
 10
242.7910821693653
 20
184.0
 30
0.0
 11
250.7910821693653
 21
176.0
 31
0.0
  0
LINE
  5
435
330
17
100
AcDbEntity
  8
DK3S_THIN
100
AcDbLine
 10
246.1851947190607
 20
184.0
 30
0.0
 11
254.1851947190607
 21
176.0
 31
0.0
  0
LINE
  5
436
330
17
100
AcDbEntity
  8
DK3S_THIN
100
AcDbLine
 10
249.5793072687562
 20
184.0
 30
0.0
 11
257.5793072687562
 21
176.0
 31
0.0
  0
LINE
  5
437
330
17
100
AcDbEntity
  8
DK3S_THIN
100
AcDbLine
 10
252.9734198184516
 20
184.0
 30
0.0
 11
260.9734198184516
 21
176.0
 31
0.0
  0
LINE
  5
438
330
17
100
AcDbEntity
  8
DK3S_THIN
100
AcDbLine
 10
256.367532368147
 20
184.0
 30
0.0
 11
261.2
 21
179.167532368147
 31
0.0
  0
LINE
  5
439
330
17
100
AcDbEntity
  8
DK3S_THIN
100
AcDbLine
 10
259.7616449178424
 20
184.0
 30
0.0
 11
261.2
 21
182.5616449178424
 31
0.0
  0
LINE
  5
43A
330
17
100
AcDbEntity
  8
DK3S_THIN
100
AcDbLine
 10
261.4003367089256
 20
176.1488215552019
 30
0.0
 11
268.0
 21
182.7484848462763
 31
0.0
  0
LINE
  5
43B
330
17
100
AcDbEntity
  8
DK3S_THIN
100
AcDbLine
 10
261.2
 20
179.3425973959717
 30
0.0
 11
265.8574026040283
 21
184.0
 31
0.0
  0
LINE
  5
43C
330
17
100
AcDbEntity
  8
DK3S_THIN
100
AcDbLine
 10
261.2
 20
182.7367099456671
 30
0.0
 11
262.4632900543329
 21
184.0
 31
0.0
  0
LINE
  5
43D
330
17
100
AcDbEntity
  8
DK3S_THIN
100
AcDbLine
 10
261.2
 20
177.6970562748477
 30
0.0
 11
262.1737208134372
 21
176.7233354614105
 31
0.0
  0
LINE
  5
43E
330
17
100
AcDbEntity
  8
DK3S_THIN
100
AcDbLine
 10
261.2
 20
181.0911688245432
 30
0.0
 11
264.1211624403117
 21
178.1700063842315
 31
0.0
  0
LINE
  5
43F
330
17
100
AcDbEntity
  8
DK3S_THIN
100
AcDbLine
 10
261.6852813742386
 20
184.0
 30
0.0
 11
266.0686040671861
 21
179.6166773070525
 31
0.0
  0
LINE
  5
440
330
17
100
AcDbEntity
  8
DK3S_THIN
100
AcDbLine
 10
265.079393923934
 20
184.0
 30
0.0
 11
268.0
 21
181.079393923934
 31
0.0
  0
LINE
  5
441
330
17
100
AcDbEntity
  8
DK3S_THIN
100
AcDbLine
 10
268.6003367089255
 20
181.4973929837732
 30
0.0
 11
274.3029437251523
 21
187.2
 31
0.0
  0
LINE
  5
442
330
17
100
AcDbEntity
  8
DK3S_THIN
100
AcDbLine
 10
268.0
 20
184.2911688245431
 30
0.0
 11
270.9088311754568
 21
187.2
 31
0.0
  0
LINE
  5
443
330
17
100
AcDbEntity
  8
DK3S_THIN
100
AcDbLine
 10
268.0
 20
182.7484848462763
 30
0.0
 11
268.9737208134372
 21
181.7747640328391
 31
0.0
  0
LINE
  5
444
330
17
100
AcDbEntity
  8
DK3S_THIN
100
AcDbLine
 10
268.0
 20
186.1425973959717
 30
0.0
 11
270.9211624403117
 21
183.2214349556601
 31
0.0
  0
LINE
  5
445
330
17
100
AcDbEntity
  8
DK3S_THIN
100
AcDbLine
 10
270.3367099456672
 20
187.2
 30
0.0
 11
272.8686040671861
 21
184.6681058784811
 31
0.0
  0
LINE
  5
446
330
17
100
AcDbEntity
  8
DK3S_THIN
100
AcDbLine
 10
273.7308224953626
 20
187.2
 30
0.0
 11
274.8160456940605
 21
186.1147768013021
 31
0.0
  0
LWPOLYLINE
  5
447
330
17
100
AcDbEntity
  8
DK3S_THIN
100
AcDbPolyline
 90
        5
 70
     0
 43
0.0
 10
100.0
 20
204.0
 10
97.6
 20
196.0
 10
102.4
 20
190.0
 10
97.6
 20
184.0
 10
100.0
 20
176.0
  0
LINE
  5
448
330
17
100
AcDbEntity
  8
DK3S_CONTOUR
100
AcDbLine
 10
283.2
 20
187.2
 30
0.0
 11
283.2
 21
192.8
 31
0.0
  0
DIMENSION
  5
449
330
17
100
AcDbEntity
  8
DK3S_DIM
100
AcDbDimension
280
     0
  2
*D19
 10
295.2
 20
192.8
 30
0.0
 11
295.2
 21
216.8952994616208
 31
0.0
 70
   160
  1
%%c1,4
 71
     5
 42
5.600000000000023
 73
     0
 74
     0
 75
     0
  3
DK3S
100
AcDbAlignedDimension
 13
283.2
 23
187.2
 33
0.0
 14
283.2
 24
192.8
 34
0.0
 50
90.0
100
AcDbRotatedDimension
  0
DIMENSION
  5
45A
330
17
100
AcDbEntity
  8
DK3S_DIM
100
AcDbDimension
280
     0
  2
*D20
 10
283.2
 20
164.0
 30
0.0
 11
279.2
 21
168.75
 31
0.0
 70
    32
  1
2
 71
     5
 42
8.0
 73
     0
 74
     0
 75
     0
  3
DK3S
100
AcDbAlignedDimension
 13
275.2
 23
186.4
 33
0.0
 14
283.2
 24
186.4
 34
0.0
100
AcDbRotatedDimension
  0
DIMENSION
  5
46B
330
17
100
AcDbEntity
  8
DK3S_DIM
100
AcDbDimension
280
     0
  2
*D21
 10
118.0
 20
202.0
 30
0.0
 11
118.0
 21
216.6906
 31
0.0
 70
   160
  1
%%c6
 71
     5
 42
24.0
 73
     0
 74
     0
 75
     0
  3
DK3S
100
AcDbAlignedDimension
 13
118.0
 23
178.0
 33
0.0
 14
118.0
 24
202.0
 34
0.0
 50
90.0
100
AcDbRotatedDimension
  0
DIMENSION
  5
47A
330
17
100
AcDbEntity
  8
DK3S_DIM
100
AcDbDimension
280
     0
  2
*D22
 10
220.0
 20
204.0
 30
0.0
 11
220.0
 21
218.6906
 31
0.0
 70
   160
  1
%%c7
 71
     5
 42
28.0
 73
     0
 74
     0
 75
     0
  3
DK3S
100
AcDbAlignedDimension
 13
220.0
 23
176.0
 33
0.0
 14
220.0
 24
204.0
 34
0.0
 50
90.0
100
AcDbRotatedDimension
  0
DIMENSION
  5
489
330
17
100
AcDbEntity
  8
DK3S_DIM
100
AcDbDimension
280
     0
  2
*D23
 10
188.0
 20
214.0
 30
0.0
 11
158.0
 21
218.75
 31
0.0
 70
    32
  1
15
 71
     5
 42
60.0
 73
     0
 74
     0
 75
     0
  3
DK3S
100
AcDbAlignedDimension
 13
128.0
 23
202.0
 33
0.0
 14
188.0
 24
202.0
 34
0.0
100
AcDbRotatedDimension
  0
LWPOLYLINE
  5
498
330
17
100
AcDbEntity
  8
DK3S_THIN
100
AcDbPolyline
 90
        2
 70
     1
 43
1.0
 10
103.75
 20
202.0
 42
1.0
 10
104.25
 20
202.0
 42
1.0
  0
LINE
  5
499
330
17
100
AcDbEntity
  8
DK3S_THIN
100
AcDbLine
 10
104.0
 20
202.0
 30
0.0
 11
92.0
 21
234.0
 31
0.0
  0
LINE
  5
49A
330
17
100
AcDbEntity
  8
DK3S_THIN
100
AcDbLine
 10
92.0
 20
234.0
 30
0.0
 11
175.5212
 21
234.0
 31
0.0
  0
TEXT
  5
49B
330
17
100
AcDbEntity
  8
DK3S_TEXT
100
AcDbText
 10
94.1
 20
235.75
 30
0.0
 40
7.0
  1
Защитная трубка
  7
DK3S_GOST
100
AcDbText
  0
LWPOLYLINE
  5
49C
330
17
100
AcDbEntity
  8
DK3S_THIN
100
AcDbPolyline
 90
        2
 70
     1
 43
1.0
 10
235.75
 20
176.0
 42
1.0
 10
236.25
 20
176.0
 42
1.0
  0
LINE
  5
49D
330
17
100
AcDbEntity
  8
DK3S_THIN
100
AcDbLine
 10
236.0
 20
176.0
 30
0.0
 11
244.0
 21
148.0
 31
0.0
  0
LINE
  5
49E
330
17
100
AcDbEntity
  8
DK3S_THIN
100
AcDbLine
 10
244.0
 20
148.0
 30
0.0
 11
301.8172
 21
148.0
 31
0.0
  0
TEXT
  5
49F
330
17
100
AcDbEntity
  8
DK3S_TEXT
100
AcDbText
 10
246.1
 20
149.75
 30
0.0
 40
7.0
  1
Наконечник
  7
DK3S_GOST
100
AcDbText
  0
LWPOLYLINE
  5
4A0
330
17
100
AcDbEntity
  8
DK3S_THIN
100
AcDbPolyline
 90
        2
 70
     1
 43
1.0
 10
278.95
 20
192.8
 42
1.0
 10
279.45
 20
192.8
 42
1.0
  0
LINE
  5
4A1
330
17
100
AcDbEntity
  8
DK3S_THIN
100
AcDbLine
 10
279.2
 20
192.8
 30
0.0
 11
283.2
 21
234.0
 31
0.0
  0
LINE
  5
4A2
330
17
100
AcDbEntity
  8
DK3S_THIN
100
AcDbLine
 10
283.2
 20
234.0
 30
0.0
 11
372.0132
 21
234.0
 31
0.0
  0
TEXT
  5
4A3
330
17
100
AcDbEntity
  8
DK3S_TEXT
100
AcDbText
 10
285.3
 20
235.75
 30
0.0
 40
7.0
  1
Рабочий электрод
  7
DK3S_GOST
100
AcDbText
  0
LWPOLYLINE
  5
4A4
330
17
100
AcDbEntity
  8
DK3S_THIN
100
AcDbPolyline
 90
        2
 70
     1
 43
1.0
 10
125.75
 20
184.0
 42
1.0
 10
126.25
 20
184.0
 42
1.0
  0
LINE
  5
4A5
330
17
100
AcDbEntity
  8
DK3S_THIN
100
AcDbLine
 10
126.0
 20
184.0
 30
0.0
 11
140.0
 21
124.0
 31
0.0
  0
LINE
  5
4A6
330
17
100
AcDbEntity
  8
DK3S_THIN
100
AcDbLine
 10
140.0
 20
124.0
 30
0.0
 11
291.5611999999999
 21
124.0
 31
0.0
  0
TEXT
  5
4A7
330
17
100
AcDbEntity
  8
DK3S_TEXT
100
AcDbText
 10
142.1
 20
125.75
 30
0.0
 40
7.0
  1
Токоотвод рабочего электрода
  7
DK3S_GOST
100
AcDbText
  0
TEXT
  5
4A8
330
17
100
AcDbEntity
  8
DK3S_TEXT
100
AcDbText
 10
191.6
 20
268.0
 30
0.0
 40
9.799999999999999
  1
А (2:1)
  7
DK3S_GOST
 72
     1
 11
191.6
 21
268.0
 31
0.0
100
AcDbText
  0
LINE
  5
4A9
330
17
100
AcDbEntity
  8
DK3S_THIN
100
AcDbLine
 10
163.6
 20
264.8
 30
0.0
 11
219.6
 21
264.8
 31
0.0
  0
TEXT
  5
4AA
330
17
100
AcDbEntity
  8
DK3S_TEXT
100
AcDbText
 10
464.0
 20
266.9
 30
0.0
 40
7.0
  1
1. * Размеры для справок.
  7
DK3S_GOST
100
AcDbText
  0
TEXT
  5
4AB
330
17
100
AcDbEntity
  8
DK3S_TEXT
100
AcDbText
 10
464.0
 20
255.0
 30
0.0
 40
7.0
  1
2. Рабочий электрод - проволока Ø1,4 мм, выступ 2 мм.
  7
DK3S_GOST
100
AcDbText
  0
TEXT
  5
4AC
330
17
100
AcDbEntity
  8
DK3S_TEXT
100
AcDbText
 10
464.0
 20
243.1
 30
0.0
 40
7.0
  1
3. Наконечник и защитная трубка - фторопласт. Наконечник накручен на
  7
DK3S_GOST
100
AcDbText
  0
TEXT
  5
4AD
330
17
100
AcDbEntity
  8
DK3S_TEXT
100
AcDbText
 10
477.3812
 20
231.2
 30
0.0
 40
7.0
  1
токоотвод (резьба M3x0,5), шестигранник 1/4"; трубка надета на
  7
DK3S_GOST
100
AcDbText
  0
TEXT
  5
4AE
330
17
100
AcDbEntity
  8
DK3S_TEXT
100
AcDbText
 10
477.3812
 20
219.3
 30
0.0
 40
7.0
  1
хвостовик наконечника с натягом.
  7
DK3S_GOST
100
AcDbText
  0
TEXT
  5
4AF
330
17
100
AcDbEntity
  8
DK3S_TEXT
100
AcDbText
 10
464.0
 20
207.4
 30
0.0
 40
7.0
  1
4. Присоединение - резьба M42x3 в гнездо 713.165.001 входного узла
  7
DK3S_GOST
100
AcDbText
  0
TEXT
  5
4B0
330
17
100
AcDbEntity
  8
DK3S_TEXT
100
AcDbText
 10
477.3812
 20
195.5
 30
0.0
 40
7.0
  1
фланца DN50.
  7
DK3S_GOST
100
AcDbText
  0
TEXT
  5
4B1
330
17
100
AcDbEntity
  8
DK3S_TEXT
100
AcDbText
 10
464.0
 20
183.6
 30
0.0
 40
7.0
  1
5. Корпус, гайка нажимная, грундбукса - 08Х18Н10Т ГОСТ 5949-75 (черт.
  7
DK3S_GOST
100
AcDbText
  0
TEXT
  5
4B2
330
17
100
AcDbEntity
  8
DK3S_TEXT
100
AcDbText
 10
477.3812
 20
171.7
 30
0.0
 40
7.0
  1
714.761.000, 714.541.000, 711.171.000).
  7
DK3S_GOST
100
AcDbText
  0
TEXT
  5
4B3
330
17
100
AcDbEntity
  8
DK3S_TEXT
100
AcDbText
 10
464.0
 20
159.8
 30
0.0
 40
7.0
  1
6. Токоотводы: RE1 - синий, RE2 - белый, WE - красный, SE - чёрный.
  7
DK3S_GOST
100
AcDbText
  0
TEXT
  5
4B4
330
17
100
AcDbEntity
  8
DK3S_TEXT
100
AcDbText
 10
464.0
 20
147.9
 30
0.0
 40
7.0
  1
7. Геометрия - по монтажному чертежу техописания K1 (лист 16) и
  7
DK3S_GOST
100
AcDbText
  0
TEXT
  5
4B5
330
17
100
AcDbEntity
  8
DK3S_TEXT
100
AcDbText
 10
477.3812
 20
136.0
 30
0.0
 40
7.0
  1
чертежам деталей ЭКОР.
  7
DK3S_GOST
100
AcDbText
  0
ENDSEC
  0
SECTION
  2
OBJECTS
  0
DICTIONARY
  5
A
330
0
100
AcDbDictionary
281
     1
  3
ACAD_COLOR
350
B
  3
ACAD_DETAILVIEWSTYLE
350
603
  3
ACAD_GROUP
350
C
  3
ACAD_LAYOUT
350
D
  3
ACAD_MATERIAL
350
E
  3
ACAD_MLEADERSTYLE
350
F
  3
ACAD_MLINESTYLE
350
10
  3
ACAD_PLOTSETTINGS
350
11
  3
ACAD_PLOTSTYLENAME
350
12
  3
ACAD_SCALELIST
350
4E3
  3
ACAD_SECTIONVIEWSTYLE
350
605
  3
ACAD_TABLESTYLE
350
15
  3
ACAD_VISUALSTYLE
350
16
  3
ACDB_RECOMPOSE_DATA
350
610
  3
AcDbVariableDictionary
350
607
  3
EZDXF_META
350
2D
  0
DICTIONARY
  5
B
330
A
100
AcDbDictionary
281
     1
  0
DICTIONARY
  5
603
102
{ACAD_REACTORS
330
A
102
}
330
A
100
AcDbDictionary
281
     1
  3
Metric50
350
604
  0
DICTIONARY
  5
C
330
A
100
AcDbDictionary
281
     1
  0
DICTIONARY
  5
D
330
A
100
AcDbDictionary
281
     1
  3
Layout1
350
1E
  3
Model
350
1A
  0
DICTIONARY
  5
E
330
A
100
AcDbDictionary
281
     1
  3
ByBlock
350
1F
  3
ByLayer
350
20
  3
Global
350
21
  0
DICTIONARY
  5
F
330
A
100
AcDbDictionary
281
     1
  3
Standard
350
2C
  0
DICTIONARY
  5
10
330
A
100
AcDbDictionary
281
     1
  3
Standard
350
22
  0
DICTIONARY
  5
11
330
A
100
AcDbDictionary
281
     1
  0
ACDBDICTIONARYWDFLT
  5
12
330
A
100
AcDbDictionary
281
     1
  3
Normal
350
13
100
AcDbDictionaryWithDefault
340
13
  0
DICTIONARY
  5
4E3
102
{ACAD_REACTORS
330
A
102
}
330
A
100
AcDbDictionary
281
     1
  3
A0
350
4E4
  3
A1
350
4E5
  3
A2
350
4E6
  3
A3
350
4E7
  3
A4
350
4E8
  3
A5
350
4E9
  3
A6
350
4EA
  3
A7
350
4EB
  3
A8
350
4EC
  3
A9
350
4ED
  3
B0
350
4EE
  3
B1
350
4EF
  3
B2
350
4F0
  3
B3
350
4F1
  3
B4
350
4F2
  3
B5
350
4F3
  3
B6
350
4F4
  0
DICTIONARY
  5
605
102
{ACAD_REACTORS
330
A
102
}
330
A
100
AcDbDictionary
281
     1
  3
Metric50
350
606
  0
DICTIONARY
  5
15
330
A
100
AcDbDictionary
281
     1
  3
Standard
350
602
  0
DICTIONARY
  5
16
330
A
100
AcDbDictionary
281
     1
  3
2dWireframe
350
5A
  3
Basic
350
5B
  3
Brighten
350
5C
  3
ColorChange
350
5D
  3
Conceptual
350
5E
  3
Dim
350
5F
  3
EdgeColorOff
350
60
  3
Facepattern
350
61
  3
Flat
350
62
  3
FlatWithEdges
350
63
  3
Gouraud
350
64
  3
GouraudWithEdges
350
65
  3
Hidden
350
66
  3
JitterOff
350
67
  3
Linepattern
350
68
  3
Modeling
350
69
  3
OverhangOff
350
6A
  3
Realistic
350
6B
  3
Shaded
350
6C
  3
Shaded with edges
350
6D
  3
Shades of Gray
350
6E
  3
Sketchy
350
6F
  3
Thicken
350
70
  3
Wireframe
350
71
  3
X-Ray
350
72
  0
XRECORD
  5
610
102
{ACAD_REACTORS
330
A
102
}
330
A
100
AcDbXrecord
280
     1
 90
        1
330
602
  0
DICTIONARY
  5
607
102
{ACAD_REACTORS
330
A
102
}
330
A
100
AcDbDictionary
281
     1
  3
CANNOSCALE
350
608
  3
CMLEADERSTYLE
350
60A
  3
CTABLESTYLE
350
609
  3
CVIEWDETAILSTYLE
350
60C
  3
CVIEWSECTIONSTYLE
350
60D
  3
XCLIPFRAME
350
60B
  0
DICTIONARY
  5
2D
330
A
100
AcDbDictionary
280
     1
281
     1
  3
CREATED_BY_EZDXF
360
2E
  3
WRITTEN_BY_EZDXF
360
4B8
  0
ACDBDETAILVIEWSTYLE
  5
604
102
{ACAD_REACTORS
330
603
102
}
330
603
100
AcDbModelDocViewStyle
 70
     0
  3
Metric50
290
     0
300
Metric50
 90
        0
100
AcDbDetailViewStyle
 70
     0
 71
     0
 90
        3
 71
     1
340
29
 62
   256
 40
5.0
340
0
 62
   256
 40
5.0
300

 40
0.36
280
     1
 71
     2
340
26
 90
       25
 62
   256
 71
     3
340
29
 62
   256
 40
5.0
 90
        0
 40
15.0
 90
        1
300
%<\AcVar ViewDetailId>% (%<\AcVar ViewScale \f "%sn">%)
 71
     4
340
26
 90
       25
 62
   256
340
26
 90
       25
 62
   256
280
     0
  0
LAYOUT
  5
1E
330
D
100
AcDbPlotSettings
  1

  2
none_device
  4
A3
  6

 40
7.5
 41
20.0
 42
7.5
 43
20.0
 44
420.0
 45
297.0
 46
0.0
 47
0.0
 48
0.0
 49
0.0
140
0.0
141
0.0
142
1.0
143
1.0
 70
     0
 72
     1
 73
     0
 74
     5
  7

 75
    16
 76
     0
 77
     2
 78
   300
147
1.0
148
0.0
149
0.0
100
AcDbLayout
  1
Layout1
 70
     1
 71
     1
 10
0.0
 20
0.0
 11
420.0
 21
297.0
 12
0.0
 22
0.0
 32
0.0
 14
1.000000000000000E+20
 24
1.000000000000000E+20
 34
1.000000000000000E+20
 15
-1.000000000000000E+20
 25
-1.000000000000000E+20
 35
-1.000000000000000E+20
146
0.0
 13
0.0
 23
0.0
 33
0.0
 16
1.0
 26
0.0
 36
0.0
 17
0.0
 27
1.0
 37
0.0
 76
     1
330
1B
  0
LAYOUT
  5
1A
330
D
100
AcDbPlotSettings
  1

  2
none_device
  4
A3
  6

 40
7.5
 41
20.0
 42
7.5
 43
20.0
 44
420.0
 45
297.0
 46
0.0
 47
0.0
 48
0.0
 49
0.0
140
0.0
141
0.0
142
1.0
143
1.0
 70
  1024
 72
     1
 73
     0
 74
     5
  7

 75
    16
 76
     0
 77
     2
 78
   300
147
1.0
148
0.0
149
0.0
100
AcDbLayout
  1
Model
 70
     1
 71
     0
 10
0.0
 20
0.0
 11
420.0
 21
297.0
 12
0.0
 22
0.0
 32
0.0
 14
1.000000000000000E+20
 24
1.000000000000000E+20
 34
1.000000000000000E+20
 15
-1.000000000000000E+20
 25
-1.000000000000000E+20
 35
-1.000000000000000E+20
146
0.0
 13
0.0
 23
0.0
 33
0.0
 16
1.0
 26
0.0
 36
0.0
 17
0.0
 27
1.0
 37
0.0
 76
     1
330
17
331
23
  0
MATERIAL
  5
1F
102
{ACAD_REACTORS
330
E
102
}
330
E
100
AcDbMaterial
  1
ByBlock
 71
     1
 91
-1023410177
 72
     1
273
     1
 94
       63
  0
MATERIAL
  5
20
102
{ACAD_REACTORS
330
E
102
}
330
E
100
AcDbMaterial
  1
ByLayer
 71
     1
 91
-1023410177
 72
     1
273
     1
 94
       63
  0
MATERIAL
  5
21
102
{ACAD_REACTORS
330
E
102
}
330
E
100
AcDbMaterial
  1
Global
 71
     1
 91
-1023410177
 72
     1
273
     1
 94
       63
  0
MLEADERSTYLE
  5
2C
102
{ACAD_REACTORS
330
F
102
}
330
F
100
AcDbMLeaderStyle
179
     2
170
     2
171
     1
172
     0
 90
        2
 40
0.0
 41
0.0
173
     1
 91
-1056964608
340
0
 92
       -2
290
     1
 42
2.0
291
     1
 43
8.0
  3
Standard
341
0
 44
4.0
300

342
29
174
     1
178
     1
175
     1
176
     0
 93
-1056964608
 45
4.0
292
     0
297
     0
 46
4.0
343
0
 94
-1056964608
 47
1.0
 49
1.0
140
1.0
293
     1
141
0.0
294
     1
177
     0
142
1.0
295
     0
296
     0
143
3.75
271
     0
272
     9
273
     9
298
     0
  0
MLINESTYLE
  5
22
102
{ACAD_REACTORS
330
10
102
}
330
10
100
AcDbMlineStyle
  2
Standard
 70
     0
  3

 62
   256
 51
90.0
 52
90.0
 71
     2
 49
0.5
 62
   256
  6
BYLAYER
 49
-0.5
 62
   256
  6
BYLAYER
  0
ACDBPLACEHOLDER
  5
13
330
12
  0
SCALE
  5
4E4
102
{ACAD_REACTORS
330
4E3
102
}
330
4E3
100
AcDbScale
 70
     0
300
1:1
140
1.0
141
1.0
290
     1
  0
SCALE
  5
4E5
102
{ACAD_REACTORS
330
4E3
102
}
330
4E3
100
AcDbScale
 70
     0
300
1:2
140
1.0
141
2.0
290
     0
  0
SCALE
  5
4E6
102
{ACAD_REACTORS
330
4E3
102
}
330
4E3
100
AcDbScale
 70
     0
300
1:4
140
1.0
141
4.0
290
     0
  0
SCALE
  5
4E7
102
{ACAD_REACTORS
330
4E3
102
}
330
4E3
100
AcDbScale
 70
     0
300
1:5
140
1.0
141
5.0
290
     0
  0
SCALE
  5
4E8
102
{ACAD_REACTORS
330
4E3
102
}
330
4E3
100
AcDbScale
 70
     0
300
1:8
140
1.0
141
8.0
290
     0
  0
SCALE
  5
4E9
102
{ACAD_REACTORS
330
4E3
102
}
330
4E3
100
AcDbScale
 70
     0
300
1:10
140
1.0
141
10.0
290
     0
  0
SCALE
  5
4EA
102
{ACAD_REACTORS
330
4E3
102
}
330
4E3
100
AcDbScale
 70
     0
300
1:16
140
1.0
141
16.0
290
     0
  0
SCALE
  5
4EB
102
{ACAD_REACTORS
330
4E3
102
}
330
4E3
100
AcDbScale
 70
     0
300
1:20
140
1.0
141
20.0
290
     0
  0
SCALE
  5
4EC
102
{ACAD_REACTORS
330
4E3
102
}
330
4E3
100
AcDbScale
 70
     0
300
1:30
140
1.0
141
30.0
290
     0
  0
SCALE
  5
4ED
102
{ACAD_REACTORS
330
4E3
102
}
330
4E3
100
AcDbScale
 70
     0
300
1:40
140
1.0
141
40.0
290
     0
  0
SCALE
  5
4EE
102
{ACAD_REACTORS
330
4E3
102
}
330
4E3
100
AcDbScale
 70
     0
300
1:50
140
1.0
141
50.0
290
     0
  0
SCALE
  5
4EF
102
{ACAD_REACTORS
330
4E3
102
}
330
4E3
100
AcDbScale
 70
     0
300
1:100
140
1.0
141
100.0
290
     0
  0
SCALE
  5
4F0
102
{ACAD_REACTORS
330
4E3
102
}
330
4E3
100
AcDbScale
 70
     0
300
2:1
140
2.0
141
1.0
290
     0
  0
SCALE
  5
4F1
102
{ACAD_REACTORS
330
4E3
102
}
330
4E3
100
AcDbScale
 70
     0
300
4:1
140
4.0
141
1.0
290
     0
  0
SCALE
  5
4F2
102
{ACAD_REACTORS
330
4E3
102
}
330
4E3
100
AcDbScale
 70
     0
300
8:1
140
8.0
141
1.0
290
     0
  0
SCALE
  5
4F3
102
{ACAD_REACTORS
330
4E3
102
}
330
4E3
100
AcDbScale
 70
     0
300
10:1
140
10.0
141
1.0
290
     0
  0
SCALE
  5
4F4
102
{ACAD_REACTORS
330
4E3
102
}
330
4E3
100
AcDbScale
 70
     0
300
100:1
140
100.0
141
1.0
290
     0
  0
ACDBSECTIONVIEWSTYLE
  5
606
102
{ACAD_REACTORS
330
605
102
}
330
605
100
AcDbModelDocViewStyle
 70
     0
  3
Metric50
290
     0
300
Metric50
 90
        0
100
AcDbSectionViewStyle
 70
     0
 71
     0
 90
      102
 71
     1
340
29
 62
   256
 40
5.0
340
0
340
0
 62
   256
 40
5.0
300
I, O, Q, S, X, Z
 40
10.0
 90
        0
 40
2.5
 90
        0
 71
     2
340
26
 90
       25
 62
   256
340
26
 90
       50
 62
   256
 40
5.0
 40
2.5
 40
5.0
 71
     3
340
29
 62
   256
 40
5.0
 90
        0
 40
15.0
 90
        1
300
%<\AcVar ViewSectionStartId>%-%<\AcVar ViewSectionEndId>% (%<\AcVar ViewScale \f "%sn">%)
 71
     4
 62
   256
 62
   257
300
ANSI31
 40
1.0
 90
        0
290
     0
290
     0
 90
        6
 40
0.0
 40
1.570796326794897
 40
0.2617993877991494
 40
1.308996938995747
 40
-0.2617993877991494
 40
1.832595714594046
  0
TABLESTYLE
  5
602
102
{ACAD_REACTORS
330
15
102
}
102
{ACAD_XDICTIONARY
360
60E
102
}
330
15
100
AcDbTableStyle
  3
Standard
 70
     0
 71
     0
 40
1.5
 41
1.5
280
     0
281
     0
  7
Standard
140
4.5
170
     2
 62
     0
 63
   257
283
     0
 90
        4
 91
        0
  1

274
    -2
284
     1
 64
     0
275
    -2
285
     1
 65
     0
276
    -2
286
     1
 66
     0
277
    -2
287
     1
 67
     0
278
    -2
288
     1
 68
     0
279
    -2
289
     1
 69
     0
  7
Standard
140
6.0
170
     5
 62
     0
 63
   257
283
     0
 90
        4
 91
        0
  1

274
    -2
284
     1
 64
     0
275
    -2
285
     1
 65
     0
276
    -2
286
     1
 66
     0
277
    -2
287
     1
 67
     0
278
    -2
288
     1
 68
     0
279
    -2
289
     1
 69
     0
  7
Standard
140
4.5
170
     5
 62
     0
 63
   257
283
     0
 90
        4
 91
        0
  1

274
    -2
284
     1
 64
     0
275
    -2
285
     1
 65
     0
276
    -2
286
     1
 66
     0
277
    -2
287
     1
 67
     0
278
    -2
288
     1
 68
     0
279
    -2
289
     1
 69
     0
  0
VISUALSTYLE
  5
5A
102
{ACAD_REACTORS
330
16
102
}
330
16
100
AcDbVisualStyle
  2
2dWireframe
 70
     4
177
     3
291
     0
 70
    58
 90
        2
176
     1
 90
        2
176
     1
 90
        0
176
     1
 90
        0
176
     1
 40
0.6
176
     1
 40
30.0
176
     1
 62
     7
420
 16777215
176
     1
 90
        1
176
     1
 90
        4
176
     1
 62
     7
176
     1
 62
   257
176
     1
 90
        1
176
     1
 90
        1
176
     1
 40
1.0
176
     1
 90
        8
176
     1
 62
     7
176
     1
 40
1.0
176
     1
 90
        1
176
     1
 90
        6
176
     1
 90
        2
176
     1
 62
     7
176
     1
 90
        5
176
     1
 90
        0
176
     1
 90
        0
176
     1
290
     0
176
     1
 90
        1
176
     1
 40
0.0
176
     1
 90
        0
176
     1
290
     1
176
     1
290
     1
176
     1
290
     0
176
     1
290
     0
176
     1
290
     0
176
     1
290
     0
176
     1
290
     0
176
     1
290
     0
176
     1
290
     0
176
     1
 90
       50
176
     1
 40
0.0
176
     1
 40
1.0
176
     1
 90
        0
176
     1
 62
    18
420
        0
176
     1
 90
       50
176
     1
 90
        3
176
     1
 62
     5
420
      255
176
     1
290
     0
176
     1
 90
       50
176
     1
 90
       50
176
     1
 90
       50
176
     1
290
     0
176
     1
 90
       50
176
     1
 62
   256
176
     0
 40
1.0
176
     0
 90
        2
176
     1
  1
strokes_ogs.tif
176
     1
290
     0
176
     1
 40
1.0
176
     1
 40
1.0
176
     1
  0
VISUALSTYLE
  5
5B
102
{ACAD_REACTORS
330
16
102
}
330
16
100
AcDbVisualStyle
  2
Basic
 70
     7
177
     3
291
     0
 70
    58
 90
        2
176
     1
 90
        2
176
     1
 90
        0
176
     1
 90
        1
176
     1
 40
0.6
176
     1
 40
30.0
176
     1
 62
     7
420
 16777215
176
     1
 90
        1
176
     1
 90
        4
176
     1
 62
     7
176
     1
 62
   257
176
     1
 90
        1
176
     1
 90
        1
176
     1
 40
1.0
176
     1
 90
        8
176
     1
 62
     7
176
     1
 40
1.0
176
     1
 90
        1
176
     1
 90
        6
176
     1
 90
        2
176
     1
 62
     7
176
     1
 90
        5
176
     1
 90
        0
176
     1
 90
        0
176
     1
290
     0
176
     1
 90
        1
176
     1
 40
0.0
176
     1
 90
        0
176
     1
290
     0
176
     1
290
     1
176
     1
290
     1
176
     1
290
     0
176
     1
290
     0
176
     1
290
     0
176
     1
290
     0
176
     1
290
     0
176
     1
290
     0
176
     1
 90
       50
176
     1
 40
0.0
176
     1
 40
1.0
176
     1
 90
        0
176
     1
 62
    18
420
        0
176
     1
 90
       50
176
     1
 90
        3
176
     1
 62
     5
420
      255
176
     1
290
     0
176
     1
 90
       50
176
     1
 90
       50
176
     1
 90
       50
176
     1
290
     0
176
     1
 90
       50
176
     1
 62
   256
176
     0
 40
1.0
176
     0
 90
        2
176
     1
  1
strokes_ogs.tif
176
     1
290
     0
176
     1
 40
1.0
176
     1
 40
1.0
176
     1
  0
VISUALSTYLE
  5
5C
102
{ACAD_REACTORS
330
16
102
}
330
16
100
AcDbVisualStyle
  2
Brighten
 70
    12
177
     3
291
     0
 70
    58
 90
        2
176
     1
 90
        2
176
     1
 90
        0
176
     1
 90
        2
176
     1
 40
0.6
176
     1
 40
30.0
176
     1
 62
     7
420
 16777215
176
     1
 90
        1
176
     1
 90
        4
176
     1
 62
     7
176
     1
 62
   257
176
     1
 90
        1
176
     1
 90
        1
176
     1
 40
1.0
176
     1
 90
        8
176
     1
 62
     7
176
     1
 40
1.0
176
     1
 90
        1
176
     1
 90
        6
176
     1
 90
        2
176
     1
 62
     7
176
     1
 90
        5
176
     1
 90
        0
176
     1
 90
        0
176
     1
290
     0
176
     1
 90
        1
176
     1
 40
0.0
176
     1
 90
        0
176
     1
290
     0
176
     1
290
     1
176
     1
290
     1
176
     1
290
     0
176
     1
290
     0
176
     1
290
     0
176
     1
290
     0
176
     1
290
     0
176
     1
290
     0
176
     1
 90
       50
176
     1
 40
0.0
176
     1
 40
1.0
176
     1
 90
        0
176
     1
 62
    18
420
        0
176
     1
 90
       50
176
     1
 90
        3
176
     1
 62
     5
420
      255
176
     1
290
     0
176
     1
 90
       50
176
     1
 90
       50
176
     1
 90
       50
176
     1
290
     0
176
     1
 90
       50
176
     1
 62
   256
176
     0
 40
1.0
176
     0
 90
        2
176
     1
  1
strokes_ogs.tif
176
     1
290
     0
176
     1
 40
1.0
176
     1
 40
1.0
176
     1
  0
VISUALSTYLE
  5
5D
102
{ACAD_REACTORS
330
16
102
}
330
16
100
AcDbVisualStyle
  2
ColorChange
 70
    16
177
     3
291
     0
 70
    58
 90
        2
176
     1
 90
        2
176
     1
 90
        0
176
     1
 90
        2
176
     1
 40
0.6
176
     1
 40
30.0
176
     1
 62
     7
420
 16777215
176
     1
 90
        1
176
     1
 90
        4
176
     1
 62
     7
176
     1
 62
   257
176
     1
 90
        1
176
     1
 90
        1
176
     1
 40
1.0
176
     1
 90
        8
176
     1
 62
     7
176
     1
 40
1.0
176
     1
 90
        1
176
     1
 90
        6
176
     1
 90
        2
176
     1
 62
     7
176
     1
 90
        5
176
     1
 90
        0
176
     1
 90
        0
176
     1
290
     0
176
     1
 90
        1
176
     1
 40
0.0
176
     1
 90
        0
176
     1
290
     0
176
     1
290
     1
176
     1
290
     1
176
     1
290
     0
176
     1
290
     0
176
     1
290
     0
176
     1
290
     0
176
     1
290
     0
176
     1
290
     0
176
     1
 90
       50
176
     1
 40
0.0
176
     1
 40
1.0
176
     1
 90
        0
176
     1
 62
    18
420
        0
176
     1
 90
       50
176
     1
 90
        3
176
     1
 62
     5
420
      255
176
     1
290
     0
176
     1
 90
       50
176
     1
 90
       50
176
     1
 90
       50
176
     1
290
     0
176
     1
 90
       50
176
     1
 62
   256
176
     0
 40
1.0
176
     0
 90
        2
176
     1
  1
strokes_ogs.tif
176
     1
290
     0
176
     1
 40
1.0
176
     1
 40
1.0
176
     1
  0
VISUALSTYLE
  5
5E
102
{ACAD_REACTORS
330
16
102
}
330
16
100
AcDbVisualStyle
  2
Conceptual
 70
     9
177
     3
291
     0
 70
    58
 90
        2
176
     1
 90
        2
176
     1
 90
        0
176
     1
 90
        3
176
     1
 40
0.6
176
     1
 40
30.0
176
     1
 62
     7
420
 16777215
176
     1
 90
        1
176
     1
 90
        4
176
     1
 62
     7
176
     1
 62
   257
176
     1
 90
        1
176
     1
 90
        1
176
     1
 40
1.0
176
     1
 90
        8
176
     1
 62
     7
176
     1
 40
1.0
176
     1
 90
        1
176
     1
 90
        6
176
     1
 90
        2
176
     1
 62
     7
176
     1
 90
        5
176
     1
 90
        0
176
     1
 90
        0
176
     1
290
     0
176
     1
 90
        1
176
     1
 40
0.0
176
     1
 90
        0
176
     1
290
     0
176
     1
290
     1
176
     1
290
     1
176
     1
290
     0
176
     1
290
     0
176
     1
290
     0
176
     1
290
     0
176
     1
290
     0
176
     1
290
     0
176
     1
 90
       50
176
     1
 40
0.0
176
     1
 40
1.0
176
     1
 90
        0
176
     1
 62
    18
420
        0
176
     1
 90
       50
176
     1
 90
        3
176
     1
 62
     5
420
      255
176
     1
290
     0
176
     1
 90
       50
176
     1
 90
       50
176
     1
 90
       50
176
     1
290
     0
176
     1
 90
       50
176
     1
 62
   256
176
     0
 40
1.0
176
     0
 90
        2
176
     1
  1
strokes_ogs.tif
176
     1
290
     0
176
     1
 40
1.0
176
     1
 40
1.0
176
     1
  0
VISUALSTYLE
  5
5F
102
{ACAD_REACTORS
330
16
102
}
330
16
100
AcDbVisualStyle
  2
Dim
 70
    11
177
     3
291
     0
 70
    58
 90
        2
176
     1
 90
        2
176
     1
 90
        0
176
     1
 90
        2
176
     1
 40
0.6
176
     1
 40
30.0
176
     1
 62
     7
420
 16777215
176
     1
 90
        1
176
     1
 90
        4
176
     1
 62
     7
176
     1
 62
   257
176
     1
 90
        1
176
     1
 90
        1
176
     1
 40
1.0
176
     1
 90
        8
176
     1
 62
     7
176
     1
 40
1.0
176
     1
 90
        1
176
     1
 90
        6
176
     1
 90
        2
176
     1
 62
     7
176
     1
 90
        5
176
     1
 90
        0
176
     1
 90
        0
176
     1
290
     0
176
     1
 90
        1
176
     1
 40
0.0
176
     1
 90
        0
176
     1
290
     0
176
     1
290
     1
176
     1
290
     1
176
     1
290
     0
176
     1
290
     0
176
     1
290
     0
176
     1
290
     0
176
     1
290
     0
176
     1
290
     0
176
     1
 90
       50
176
     1
 40
0.0
176
     1
 40
1.0
176
     1
 90
        0
176
     1
 62
    18
420
        0
176
     1
 90
       50
176
     1
 90
        3
176
     1
 62
     5
420
      255
176
     1
290
     0
176
     1
 90
       50
176
     1
 90
       50
176
     1
 90
       50
176
     1
290
     0
176
     1
 90
       50
176
     1
 62
   256
176
     0
 40
1.0
176
     0
 90
        2
176
     1
  1
strokes_ogs.tif
176
     1
290
     0
176
     1
 40
1.0
176
     1
 40
1.0
176
     1
  0
VISUALSTYLE
  5
60
102
{ACAD_REACTORS
330
16
102
}
330
16
100
AcDbVisualStyle
  2
EdgeColorOff
 70
    22
177
     3
291
     0
 70
    58
 90
        2
176
     1
 90
        2
176
     1
 90
        0
176
     1
 90
        2
176
     1
 40
0.6
176
     1
 40
30.0
176
     1
 62
     7
420
 16777215
176
     1
 90
        1
176
     1
 90
        4
176
     1
 62
     7
176
     1
 62
   257
176
     1
 90
        1
176
     1
 90
        1
176
     1
 40
1.0
176
     1
 90
        8
176
     1
 62
     7
176
     1
 40
1.0
176
     1
 90
        1
176
     1
 90
        6
176
     1
 90
        2
176
     1
 62
     7
176
     1
 90
        5
176
     1
 90
        0
176
     1
 90
        0
176
     1
290
     0
176
     1
 90
        1
176
     1
 40
0.0
176
     1
 90
        0
176
     1
290
     0
176
     1
290
     1
176
     1
290
     1
176
     1
290
     0
176
     1
290
     0
176
     1
290
     0
176
     1
290
     0
176
     1
290
     0
176
     1
290
     0
176
     1
 90
       50
176
     1
 40
0.0
176
     1
 40
1.0
176
     1
 90
        0
176
     1
 62
    18
420
        0
176
     1
 90
       50
176
     1
 90
        3
176
     1
 62
     5
420
      255
176
     1
290
     0
176
     1
 90
       50
176
     1
 90
       50
176
     1
 90
       50
176
     1
290
     0
176
     1
 90
       50
176
     1
 62
   256
176
     0
 40
1.0
176
     0
 90
        2
176
     1
  1
strokes_ogs.tif
176
     1
290
     0
176
     1
 40
1.0
176
     1
 40
1.0
176
     1
  0
VISUALSTYLE
  5
61
102
{ACAD_REACTORS
330
16
102
}
330
16
100
AcDbVisualStyle
  2
Facepattern
 70
    15
177
     3
291
     0
 70
    58
 90
        2
176
     1
 90
        2
176
     1
 90
        0
176
     1
 90
        2
176
     1
 40
0.6
176
     1
 40
30.0
176
     1
 62
     7
420
 16777215
176
     1
 90
        1
176
     1
 90
        4
176
     1
 62
     7
176
     1
 62
   257
176
     1
 90
        1
176
     1
 90
        1
176
     1
 40
1.0
176
     1
 90
        8
176
     1
 62
     7
176
     1
 40
1.0
176
     1
 90
        1
176
     1
 90
        6
176
     1
 90
        2
176
     1
 62
     7
176
     1
 90
        5
176
     1
 90
        0
176
     1
 90
        0
176
     1
290
     0
176
     1
 90
        1
176
     1
 40
0.0
176
     1
 90
        0
176
     1
290
     0
176
     1
290
     1
176
     1
290
     1
176
     1
290
     0
176
     1
290
     0
176
     1
290
     0
176
     1
290
     0
176
     1
290
     0
176
     1
290
     0
176
     1
 90
       50
176
     1
 40
0.0
176
     1
 40
1.0
176
     1
 90
        0
176
     1
 62
    18
420
        0
176
     1
 90
       50
176
     1
 90
        3
176
     1
 62
     5
420
      255
176
     1
290
     0
176
     1
 90
       50
176
     1
 90
       50
176
     1
 90
       50
176
     1
290
     0
176
     1
 90
       50
176
     1
 62
   256
176
     0
 40
1.0
176
     0
 90
        2
176
     1
  1
strokes_ogs.tif
176
     1
290
     0
176
     1
 40
1.0
176
     1
 40
1.0
176
     1
  0
VISUALSTYLE
  5
62
102
{ACAD_REACTORS
330
16
102
}
330
16
100
AcDbVisualStyle
  2
Flat
 70
     0
177
     3
291
     0
 70
    58
 90
        2
176
     1
 90
        2
176
     1
 90
        0
176
     1
 90
        2
176
     1
 40
0.6
176
     1
 40
30.0
176
     1
 62
     7
420
 16777215
176
     1
 90
        1
176
     1
 90
        4
176
     1
 62
     7
176
     1
 62
   257
176
     1
 90
        1
176
     1
 90
        1
176
     1
 40
1.0
176
     1
 90
        8
176
     1
 62
     7
176
     1
 40
1.0
176
     1
 90
        1
176
     1
 90
        6
176
     1
 90
        2
176
     1
 62
     7
176
     1
 90
        5
176
     1
 90
        0
176
     1
 90
        0
176
     1
290
     0
176
     1
 90
        1
176
     1
 40
0.0
176
     1
 90
        0
176
     1
290
     0
176
     1
290
     1
176
     1
290
     1
176
     1
290
     0
176
     1
290
     0
176
     1
290
     0
176
     1
290
     0
176
     1
290
     0
176
     1
290
     0
176
     1
 90
       50
176
     1
 40
0.0
176
     1
 40
1.0
176
     1
 90
        0
176
     1
 62
    18
420
        0
176
     1
 90
       50
176
     1
 90
        3
176
     1
 62
     5
420
      255
176
     1
290
     0
176
     1
 90
       50
176
     1
 90
       50
176
     1
 90
       50
176
     1
290
     0
176
     1
 90
       50
176
     1
 62
   256
176
     0
 40
1.0
176
     0
 90
        2
176
     1
  1
strokes_ogs.tif
176
     1
290
     0
176
     1
 40
1.0
176
     1
 40
1.0
176
     1
  0
VISUALSTYLE
  5
63
102
{ACAD_REACTORS
330
16
102
}
330
16
100
AcDbVisualStyle
  2
FlatWithEdges
 70
     1
177
     3
291
     0
 70
    58
 90
        2
176
     1
 90
        2
176
     1
 90
        0
176
     1
 90
        2
176
     1
 40
0.6
176
     1
 40
30.0
176
     1
 62
     7
420
 16777215
176
     1
 90
        1
176
     1
 90
        4
176
     1
 62
     7
176
     1
 62
   257
176
     1
 90
        1
176
     1
 90
        1
176
     1
 40
1.0
176
     1
 90
        8
176
     1
 62
     7
176
     1
 40
1.0
176
     1
 90
        1
176
     1
 90
        6
176
     1
 90
        2
176
     1
 62
     7
176
     1
 90
        5
176
     1
 90
        0
176
     1
 90
        0
176
     1
290
     0
176
     1
 90
        1
176
     1
 40
0.0
176
     1
 90
        0
176
     1
290
     0
176
     1
290
     1
176
     1
290
     1
176
     1
290
     0
176
     1
290
     0
176
     1
290
     0
176
     1
290
     0
176
     1
290
     0
176
     1
290
     0
176
     1
 90
       50
176
     1
 40
0.0
176
     1
 40
1.0
176
     1
 90
        0
176
     1
 62
    18
420
        0
176
     1
 90
       50
176
     1
 90
        3
176
     1
 62
     5
420
      255
176
     1
290
     0
176
     1
 90
       50
176
     1
 90
       50
176
     1
 90
       50
176
     1
290
     0
176
     1
 90
       50
176
     1
 62
   256
176
     0
 40
1.0
176
     0
 90
        2
176
     1
  1
strokes_ogs.tif
176
     1
290
     0
176
     1
 40
1.0
176
     1
 40
1.0
176
     1
  0
VISUALSTYLE
  5
64
102
{ACAD_REACTORS
330
16
102
}
330
16
100
AcDbVisualStyle
  2
Gouraud
 70
     2
177
     3
291
     0
 70
    58
 90
        2
176
     1
 90
        2
176
     1
 90
        0
176
     1
 90
        2
176
     1
 40
0.6
176
     1
 40
30.0
176
     1
 62
     7
420
 16777215
176
     1
 90
        1
176
     1
 90
        4
176
     1
 62
     7
176
     1
 62
   257
176
     1
 90
        1
176
     1
 90
        1
176
     1
 40
1.0
176
     1
 90
        8
176
     1
 62
     7
176
     1
 40
1.0
176
     1
 90
        1
176
     1
 90
        6
176
     1
 90
        2
176
     1
 62
     7
176
     1
 90
        5
176
     1
 90
        0
176
     1
 90
        0
176
     1
290
     0
176
     1
 90
        1
176
     1
 40
0.0
176
     1
 90
        0
176
     1
290
     0
176
     1
290
     1
176
     1
290
     1
176
     1
290
     0
176
     1
290
     0
176
     1
290
     0
176
     1
290
     0
176
     1
290
     0
176
     1
290
     0
176
     1
 90
       50
176
     1
 40
0.0
176
     1
 40
1.0
176
     1
 90
        0
176
     1
 62
    18
420
        0
176
     1
 90
       50
176
     1
 90
        3
176
     1
 62
     5
420
      255
176
     1
290
     0
176
     1
 90
       50
176
     1
 90
       50
176
     1
 90
       50
176
     1
290
     0
176
     1
 90
       50
176
     1
 62
   256
176
     0
 40
1.0
176
     0
 90
        2
176
     1
  1
strokes_ogs.tif
176
     1
290
     0
176
     1
 40
1.0
176
     1
 40
1.0
176
     1
  0
VISUALSTYLE
  5
65
102
{ACAD_REACTORS
330
16
102
}
330
16
100
AcDbVisualStyle
  2
GouraudWithEdges
 70
     3
177
     3
291
     0
 70
    58
 90
        2
176
     1
 90
        2
176
     1
 90
        0
176
     1
 90
        2
176
     1
 40
0.6
176
     1
 40
30.0
176
     1
 62
     7
420
 16777215
176
     1
 90
        1
176
     1
 90
        4
176
     1
 62
     7
176
     1
 62
   257
176
     1
 90
        1
176
     1
 90
        1
176
     1
 40
1.0
176
     1
 90
        8
176
     1
 62
     7
176
     1
 40
1.0
176
     1
 90
        1
176
     1
 90
        6
176
     1
 90
        2
176
     1
 62
     7
176
     1
 90
        5
176
     1
 90
        0
176
     1
 90
        0
176
     1
290
     0
176
     1
 90
        1
176
     1
 40
0.0
176
     1
 90
        0
176
     1
290
     0
176
     1
290
     1
176
     1
290
     1
176
     1
290
     0
176
     1
290
     0
176
     1
290
     0
176
     1
290
     0
176
     1
290
     0
176
     1
290
     0
176
     1
 90
       50
176
     1
 40
0.0
176
     1
 40
1.0
176
     1
 90
        0
176
     1
 62
    18
420
        0
176
     1
 90
       50
176
     1
 90
        3
176
     1
 62
     5
420
      255
176
     1
290
     0
176
     1
 90
       50
176
     1
 90
       50
176
     1
 90
       50
176
     1
290
     0
176
     1
 90
       50
176
     1
 62
   256
176
     0
 40
1.0
176
     0
 90
        2
176
     1
  1
strokes_ogs.tif
176
     1
290
     0
176
     1
 40
1.0
176
     1
 40
1.0
176
     1
  0
VISUALSTYLE
  5
66
102
{ACAD_REACTORS
330
16
102
}
330
16
100
AcDbVisualStyle
  2
Hidden
 70
     6
177
     3
291
     0
 70
    58
 90
        2
176
     1
 90
        2
176
     1
 90
        0
176
     1
 90
        1
176
     1
 40
0.6
176
     1
 40
30.0
176
     1
 62
     7
420
 16777215
176
     1
 90
        1
176
     1
 90
        4
176
     1
 62
     7
176
     1
 62
   257
176
     1
 90
        1
176
     1
 90
        1
176
     1
 40
1.0
176
     1
 90
        8
176
     1
 62
     7
176
     1
 40
1.0
176
     1
 90
        1
176
     1
 90
        6
176
     1
 90
        2
176
     1
 62
     7
176
     1
 90
        5
176
     1
 90
        0
176
     1
 90
        0
176
     1
290
     0
176
     1
 90
        1
176
     1
 40
0.0
176
     1
 90
        0
176
     1
290
     0
176
     1
290
     1
176
     1
290
     1
176
     1
290
     0
176
     1
290
     0
176
     1
290
     0
176
     1
290
     0
176
     1
290
     0
176
     1
290
     0
176
     1
 90
       50
176
     1
 40
0.0
176
     1
 40
1.0
176
     1
 90
        0
176
     1
 62
    18
420
        0
176
     1
 90
       50
176
     1
 90
        3
176
     1
 62
     5
420
      255
176
     1
290
     0
176
     1
 90
       50
176
     1
 90
       50
176
     1
 90
       50
176
     1
290
     0
176
     1
 90
       50
176
     1
 62
   256
176
     0
 40
1.0
176
     0
 90
        2
176
     1
  1
strokes_ogs.tif
176
     1
290
     0
176
     1
 40
1.0
176
     1
 40
1.0
176
     1
  0
VISUALSTYLE
  5
67
102
{ACAD_REACTORS
330
16
102
}
330
16
100
AcDbVisualStyle
  2
JitterOff
 70
    20
177
     3
291
     0
 70
    58
 90
        2
176
     1
 90
        2
176
     1
 90
        0
176
     1
 90
        2
176
     1
 40
0.6
176
     1
 40
30.0
176
     1
 62
     7
420
 16777215
176
     1
 90
        1
176
     1
 90
        4
176
     1
 62
     7
176
     1
 62
   257
176
     1
 90
        1
176
     1
 90
        1
176
     1
 40
1.0
176
     1
 90
        8
176
     1
 62
     7
176
     1
 40
1.0
176
     1
 90
        1
176
     1
 90
        6
176
     1
 90
        2
176
     1
 62
     7
176
     1
 90
        5
176
     1
 90
        0
176
     1
 90
        0
176
     1
290
     0
176
     1
 90
        1
176
     1
 40
0.0
176
     1
 90
        0
176
     1
290
     0
176
     1
290
     1
176
     1
290
     1
176
     1
290
     0
176
     1
290
     0
176
     1
290
     0
176
     1
290
     0
176
     1
290
     0
176
     1
290
     0
176
     1
 90
       50
176
     1
 40
0.0
176
     1
 40
1.0
176
     1
 90
        0
176
     1
 62
    18
420
        0
176
     1
 90
       50
176
     1
 90
        3
176
     1
 62
     5
420
      255
176
     1
290
     0
176
     1
 90
       50
176
     1
 90
       50
176
     1
 90
       50
176
     1
290
     0
176
     1
 90
       50
176
     1
 62
   256
176
     0
 40
1.0
176
     0
 90
        2
176
     1
  1
strokes_ogs.tif
176
     1
290
     0
176
     1
 40
1.0
176
     1
 40
1.0
176
     1
  0
VISUALSTYLE
  5
68
102
{ACAD_REACTORS
330
16
102
}
330
16
100
AcDbVisualStyle
  2
Linepattern
 70
    14
177
     3
291
     0
 70
    58
 90
        2
176
     1
 90
        2
176
     1
 90
        0
176
     1
 90
        2
176
     1
 40
0.6
176
     1
 40
30.0
176
     1
 62
     7
420
 16777215
176
     1
 90
        1
176
     1
 90
        4
176
     1
 62
     7
176
     1
 62
   257
176
     1
 90
        1
176
     1
 90
        1
176
     1
 40
1.0
176
     1
 90
        8
176
     1
 62
     7
176
     1
 40
1.0
176
     1
 90
        1
176
     1
 90
        6
176
     1
 90
        2
176
     1
 62
     7
176
     1
 90
        5
176
     1
 90
        0
176
     1
 90
        0
176
     1
290
     0
176
     1
 90
        1
176
     1
 40
0.0
176
     1
 90
        0
176
     1
290
     0
176
     1
290
     1
176
     1
290
     1
176
     1
290
     0
176
     1
290
     0
176
     1
290
     0
176
     1
290
     0
176
     1
290
     0
176
     1
290
     0
176
     1
 90
       50
176
     1
 40
0.0
176
     1
 40
1.0
176
     1
 90
        0
176
     1
 62
    18
420
        0
176
     1
 90
       50
176
     1
 90
        3
176
     1
 62
     5
420
      255
176
     1
290
     0
176
     1
 90
       50
176
     1
 90
       50
176
     1
 90
       50
176
     1
290
     0
176
     1
 90
       50
176
     1
 62
   256
176
     0
 40
1.0
176
     0
 90
        2
176
     1
  1
strokes_ogs.tif
176
     1
290
     0
176
     1
 40
1.0
176
     1
 40
1.0
176
     1
  0
VISUALSTYLE
  5
69
102
{ACAD_REACTORS
330
16
102
}
330
16
100
AcDbVisualStyle
  2
Modeling
 70
    10
177
     3
291
     0
 70
    58
 90
        2
176
     1
 90
        2
176
     1
 90
        0
176
     1
 90
        2
176
     1
 40
0.6
176
     1
 40
30.0
176
     1
 62
     7
420
 16777215
176
     1
 90
        1
176
     1
 90
        4
176
     1
 62
     7
176
     1
 62
   257
176
     1
 90
        1
176
     1
 90
        1
176
     1
 40
1.0
176
     1
 90
        8
176
     1
 62
     7
176
     1
 40
1.0
176
     1
 90
        1
176
     1
 90
        6
176
     1
 90
        2
176
     1
 62
     7
176
     1
 90
        5
176
     1
 90
        0
176
     1
 90
        0
176
     1
290
     0
176
     1
 90
        1
176
     1
 40
0.0
176
     1
 90
        0
176
     1
290
     0
176
     1
290
     1
176
     1
290
     1
176
     1
290
     0
176
     1
290
     0
176
     1
290
     0
176
     1
290
     0
176
     1
290
     0
176
     1
290
     0
176
     1
 90
       50
176
     1
 40
0.0
176
     1
 40
1.0
176
     1
 90
        0
176
     1
 62
    18
420
        0
176
     1
 90
       50
176
     1
 90
        3
176
     1
 62
     5
420
      255
176
     1
290
     0
176
     1
 90
       50
176
     1
 90
       50
176
     1
 90
       50
176
     1
290
     0
176
     1
 90
       50
176
     1
 62
   256
176
     0
 40
1.0
176
     0
 90
        2
176
     1
  1
strokes_ogs.tif
176
     1
290
     0
176
     1
 40
1.0
176
     1
 40
1.0
176
     1
  0
VISUALSTYLE
  5
6A
102
{ACAD_REACTORS
330
16
102
}
330
16
100
AcDbVisualStyle
  2
OverhangOff
 70
    21
177
     3
291
     0
 70
    58
 90
        2
176
     1
 90
        2
176
     1
 90
        0
176
     1
 90
        2
176
     1
 40
0.6
176
     1
 40
30.0
176
     1
 62
     7
420
 16777215
176
     1
 90
        1
176
     1
 90
        4
176
     1
 62
     7
176
     1
 62
   257
176
     1
 90
        1
176
     1
 90
        1
176
     1
 40
1.0
176
     1
 90
        8
176
     1
 62
     7
176
     1
 40
1.0
176
     1
 90
        1
176
     1
 90
        6
176
     1
 90
        2
176
     1
 62
     7
176
     1
 90
        5
176
     1
 90
        0
176
     1
 90
        0
176
     1
290
     0
176
     1
 90
        1
176
     1
 40
0.0
176
     1
 90
        0
176
     1
290
     0
176
     1
290
     1
176
     1
290
     1
176
     1
290
     0
176
     1
290
     0
176
     1
290
     0
176
     1
290
     0
176
     1
290
     0
176
     1
290
     0
176
     1
 90
       50
176
     1
 40
0.0
176
     1
 40
1.0
176
     1
 90
        0
176
     1
 62
    18
420
        0
176
     1
 90
       50
176
     1
 90
        3
176
     1
 62
     5
420
      255
176
     1
290
     0
176
     1
 90
       50
176
     1
 90
       50
176
     1
 90
       50
176
     1
290
     0
176
     1
 90
       50
176
     1
 62
   256
176
     0
 40
1.0
176
     0
 90
        2
176
     1
  1
strokes_ogs.tif
176
     1
290
     0
176
     1
 40
1.0
176
     1
 40
1.0
176
     1
  0
VISUALSTYLE
  5
6B
102
{ACAD_REACTORS
330
16
102
}
330
16
100
AcDbVisualStyle
  2
Realistic
 70
     8
177
     3
291
     0
 70
    58
 90
        2
176
     1
 90
        2
176
     1
 90
        0
176
     1
 90
        2
176
     1
 40
0.6
176
     1
 40
30.0
176
     1
 62
     7
420
 16777215
176
     1
 90
        1
176
     1
 90
        4
176
     1
 62
     7
176
     1
 62
   257
176
     1
 90
        1
176
     1
 90
        1
176
     1
 40
1.0
176
     1
 90
        8
176
     1
 62
     7
176
     1
 40
1.0
176
     1
 90
        1
176
     1
 90
        6
176
     1
 90
        2
176
     1
 62
     7
176
     1
 90
        5
176
     1
 90
        0
176
     1
 90
        0
176
     1
290
     0
176
     1
 90
        1
176
     1
 40
0.0
176
     1
 90
        0
176
     1
290
     0
176
     1
290
     1
176
     1
290
     1
176
     1
290
     0
176
     1
290
     0
176
     1
290
     0
176
     1
290
     0
176
     1
290
     0
176
     1
290
     0
176
     1
 90
       50
176
     1
 40
0.0
176
     1
 40
1.0
176
     1
 90
        0
176
     1
 62
    18
420
        0
176
     1
 90
       50
176
     1
 90
        3
176
     1
 62
     5
420
      255
176
     1
290
     0
176
     1
 90
       50
176
     1
 90
       50
176
     1
 90
       50
176
     1
290
     0
176
     1
 90
       50
176
     1
 62
   256
176
     0
 40
1.0
176
     0
 90
        2
176
     1
  1
strokes_ogs.tif
176
     1
290
     0
176
     1
 40
1.0
176
     1
 40
1.0
176
     1
  0
VISUALSTYLE
  5
6C
102
{ACAD_REACTORS
330
16
102
}
330
16
100
AcDbVisualStyle
  2
Shaded
 70
    27
177
     3
291
     0
 70
    58
 90
        2
176
     1
 90
        2
176
     1
 90
        0
176
     1
 90
        2
176
     1
 40
0.6
176
     1
 40
30.0
176
     1
 62
     7
420
 16777215
176
     1
 90
        1
176
     1
 90
        4
176
     1
 62
     7
176
     1
 62
   257
176
     1
 90
        1
176
     1
 90
        1
176
     1
 40
1.0
176
     1
 90
        8
176
     1
 62
     7
176
     1
 40
1.0
176
     1
 90
        1
176
     1
 90
        6
176
     1
 90
        2
176
     1
 62
     7
176
     1
 90
        5
176
     1
 90
        0
176
     1
 90
        0
176
     1
290
     0
176
     1
 90
        1
176
     1
 40
0.0
176
     1
 90
        0
176
     1
290
     0
176
     1
290
     1
176
     1
290
     1
176
     1
290
     0
176
     1
290
     0
176
     1
290
     0
176
     1
290
     0
176
     1
290
     0
176
     1
290
     0
176
     1
 90
       50
176
     1
 40
0.0
176
     1
 40
1.0
176
     1
 90
        0
176
     1
 62
    18
420
        0
176
     1
 90
       50
176
     1
 90
        3
176
     1
 62
     5
420
      255
176
     1
290
     0
176
     1
 90
       50
176
     1
 90
       50
176
     1
 90
       50
176
     1
290
     0
176
     1
 90
       50
176
     1
 62
   256
176
     0
 40
1.0
176
     0
 90
        2
176
     1
  1
strokes_ogs.tif
176
     1
290
     0
176
     1
 40
1.0
176
     1
 40
1.0
176
     1
  0
VISUALSTYLE
  5
6D
102
{ACAD_REACTORS
330
16
102
}
330
16
100
AcDbVisualStyle
  2
Shaded with edges
 70
    26
177
     3
291
     0
 70
    58
 90
        2
176
     1
 90
        2
176
     1
 90
        0
176
     1
 90
        2
176
     1
 40
0.6
176
     1
 40
30.0
176
     1
 62
     7
420
 16777215
176
     1
 90
        1
176
     1
 90
        4
176
     1
 62
     7
176
     1
 62
   257
176
     1
 90
        1
176
     1
 90
        1
176
     1
 40
1.0
176
     1
 90
        8
176
     1
 62
     7
176
     1
 40
1.0
176
     1
 90
        1
176
     1
 90
        6
176
     1
 90
        2
176
     1
 62
     7
176
     1
 90
        5
176
     1
 90
        0
176
     1
 90
        0
176
     1
290
     0
176
     1
 90
        1
176
     1
 40
0.0
176
     1
 90
        0
176
     1
290
     0
176
     1
290
     1
176
     1
290
     1
176
     1
290
     0
176
     1
290
     0
176
     1
290
     0
176
     1
290
     0
176
     1
290
     0
176
     1
290
     0
176
     1
 90
       50
176
     1
 40
0.0
176
     1
 40
1.0
176
     1
 90
        0
176
     1
 62
    18
420
        0
176
     1
 90
       50
176
     1
 90
        3
176
     1
 62
     5
420
      255
176
     1
290
     0
176
     1
 90
       50
176
     1
 90
       50
176
     1
 90
       50
176
     1
290
     0
176
     1
 90
       50
176
     1
 62
   256
176
     0
 40
1.0
176
     0
 90
        2
176
     1
  1
strokes_ogs.tif
176
     1
290
     0
176
     1
 40
1.0
176
     1
 40
1.0
176
     1
  0
VISUALSTYLE
  5
6E
102
{ACAD_REACTORS
330
16
102
}
330
16
100
AcDbVisualStyle
  2
Shades of Gray
 70
    23
177
     3
291
     0
 70
    58
 90
        2
176
     1
 90
        2
176
     1
 90
        0
176
     1
 90
        2
176
     1
 40
0.6
176
     1
 40
30.0
176
     1
 62
     7
420
 16777215
176
     1
 90
        1
176
     1
 90
        4
176
     1
 62
     7
176
     1
 62
   257
176
     1
 90
        1
176
     1
 90
        1
176
     1
 40
1.0
176
     1
 90
        8
176
     1
 62
     7
176
     1
 40
1.0
176
     1
 90
        1
176
     1
 90
        6
176
     1
 90
        2
176
     1
 62
     7
176
     1
 90
        5
176
     1
 90
        0
176
     1
 90
        0
176
     1
290
     0
176
     1
 90
        1
176
     1
 40
0.0
176
     1
 90
        0
176
     1
290
     0
176
     1
290
     1
176
     1
290
     1
176
     1
290
     0
176
     1
290
     0
176
     1
290
     0
176
     1
290
     0
176
     1
290
     0
176
     1
290
     0
176
     1
 90
       50
176
     1
 40
0.0
176
     1
 40
1.0
176
     1
 90
        0
176
     1
 62
    18
420
        0
176
     1
 90
       50
176
     1
 90
        3
176
     1
 62
     5
420
      255
176
     1
290
     0
176
     1
 90
       50
176
     1
 90
       50
176
     1
 90
       50
176
     1
290
     0
176
     1
 90
       50
176
     1
 62
   256
176
     0
 40
1.0
176
     0
 90
        2
176
     1
  1
strokes_ogs.tif
176
     1
290
     0
176
     1
 40
1.0
176
     1
 40
1.0
176
     1
  0
VISUALSTYLE
  5
6F
102
{ACAD_REACTORS
330
16
102
}
330
16
100
AcDbVisualStyle
  2
Sketchy
 70
    24
177
     3
291
     0
 70
    58
 90
        2
176
     1
 90
        2
176
     1
 90
        0
176
     1
 90
        1
176
     1
 40
0.6
176
     1
 40
30.0
176
     1
 62
     7
420
 16777215
176
     1
 90
        1
176
     1
 90
        4
176
     1
 62
     7
176
     1
 62
   257
176
     1
 90
        1
176
     1
 90
        1
176
     1
 40
1.0
176
     1
 90
        8
176
     1
 62
     7
176
     1
 40
1.0
176
     1
 90
        1
176
     1
 90
        6
176
     1
 90
        2
176
     1
 62
     7
176
     1
 90
        5
176
     1
 90
        0
176
     1
 90
        0
176
     1
290
     0
176
     1
 90
        1
176
     1
 40
0.0
176
     1
 90
        0
176
     1
290
     0
176
     1
290
     1
176
     1
290
     1
176
     1
290
     0
176
     1
290
     0
176
     1
290
     0
176
     1
290
     0
176
     1
290
     0
176
     1
290
     0
176
     1
 90
       50
176
     1
 40
0.0
176
     1
 40
1.0
176
     1
 90
        0
176
     1
 62
    18
420
        0
176
     1
 90
       50
176
     1
 90
        3
176
     1
 62
     5
420
      255
176
     1
290
     0
176
     1
 90
       50
176
     1
 90
       50
176
     1
 90
       50
176
     1
290
     0
176
     1
 90
       50
176
     1
 62
   256
176
     0
 40
1.0
176
     0
 90
        2
176
     1
  1
strokes_ogs.tif
176
     1
290
     0
176
     1
 40
1.0
176
     1
 40
1.0
176
     1
  0
VISUALSTYLE
  5
70
102
{ACAD_REACTORS
330
16
102
}
330
16
100
AcDbVisualStyle
  2
Thicken
 70
    13
177
     3
291
     0
 70
    58
 90
        2
176
     1
 90
        2
176
     1
 90
        0
176
     1
 90
        2
176
     1
 40
0.6
176
     1
 40
30.0
176
     1
 62
     7
420
 16777215
176
     1
 90
        1
176
     1
 90
        4
176
     1
 62
     7
176
     1
 62
   257
176
     1
 90
        1
176
     1
 90
        1
176
     1
 40
1.0
176
     1
 90
        8
176
     1
 62
     7
176
     1
 40
1.0
176
     1
 90
        1
176
     1
 90
        6
176
     1
 90
        2
176
     1
 62
     7
176
     1
 90
        5
176
     1
 90
        0
176
     1
 90
        0
176
     1
290
     0
176
     1
 90
        1
176
     1
 40
0.0
176
     1
 90
        0
176
     1
290
     0
176
     1
290
     1
176
     1
290
     1
176
     1
290
     0
176
     1
290
     0
176
     1
290
     0
176
     1
290
     0
176
     1
290
     0
176
     1
290
     0
176
     1
 90
       50
176
     1
 40
0.0
176
     1
 40
1.0
176
     1
 90
        0
176
     1
 62
    18
420
        0
176
     1
 90
       50
176
     1
 90
        3
176
     1
 62
     5
420
      255
176
     1
290
     0
176
     1
 90
       50
176
     1
 90
       50
176
     1
 90
       50
176
     1
290
     0
176
     1
 90
       50
176
     1
 62
   256
176
     0
 40
1.0
176
     0
 90
        2
176
     1
  1
strokes_ogs.tif
176
     1
290
     0
176
     1
 40
1.0
176
     1
 40
1.0
176
     1
  0
VISUALSTYLE
  5
71
102
{ACAD_REACTORS
330
16
102
}
330
16
100
AcDbVisualStyle
  2
Wireframe
 70
     5
177
     3
291
     0
 70
    58
 90
        2
176
     1
 90
        2
176
     1
 90
        0
176
     1
 90
        0
176
     1
 40
0.6
176
     1
 40
30.0
176
     1
 62
     7
420
 16777215
176
     1
 90
        1
176
     1
 90
        4
176
     1
 62
     7
176
     1
 62
   257
176
     1
 90
        1
176
     1
 90
        1
176
     1
 40
1.0
176
     1
 90
        8
176
     1
 62
     7
176
     1
 40
1.0
176
     1
 90
        1
176
     1
 90
        6
176
     1
 90
        2
176
     1
 62
     7
176
     1
 90
        5
176
     1
 90
        0
176
     1
 90
        0
176
     1
290
     0
176
     1
 90
        1
176
     1
 40
0.0
176
     1
 90
        0
176
     1
290
     0
176
     1
290
     1
176
     1
290
     1
176
     1
290
     0
176
     1
290
     0
176
     1
290
     0
176
     1
290
     0
176
     1
290
     0
176
     1
290
     0
176
     1
 90
       50
176
     1
 40
0.0
176
     1
 40
1.0
176
     1
 90
        0
176
     1
 62
    18
420
        0
176
     1
 90
       50
176
     1
 90
        3
176
     1
 62
     5
420
      255
176
     1
290
     0
176
     1
 90
       50
176
     1
 90
       50
176
     1
 90
       50
176
     1
290
     0
176
     1
 90
       50
176
     1
 62
   256
176
     0
 40
1.0
176
     0
 90
        2
176
     1
  1
strokes_ogs.tif
176
     1
290
     0
176
     1
 40
1.0
176
     1
 40
1.0
176
     1
  0
VISUALSTYLE
  5
72
102
{ACAD_REACTORS
330
16
102
}
330
16
100
AcDbVisualStyle
  2
X-Ray
 70
    25
177
     3
291
     0
 70
    58
 90
        2
176
     1
 90
        2
176
     1
 90
        0
176
     1
 90
        2
176
     1
 40
0.6
176
     1
 40
30.0
176
     1
 62
     7
420
 16777215
176
     1
 90
        1
176
     1
 90
        4
176
     1
 62
     7
176
     1
 62
   257
176
     1
 90
        1
176
     1
 90
        1
176
     1
 40
1.0
176
     1
 90
        8
176
     1
 62
     7
176
     1
 40
1.0
176
     1
 90
        1
176
     1
 90
        6
176
     1
 90
        2
176
     1
 62
     7
176
     1
 90
        5
176
     1
 90
        0
176
     1
 90
        0
176
     1
290
     0
176
     1
 90
        1
176
     1
 40
0.0
176
     1
 90
        0
176
     1
290
     0
176
     1
290
     1
176
     1
290
     1
176
     1
290
     0
176
     1
290
     0
176
     1
290
     0
176
     1
290
     0
176
     1
290
     0
176
     1
290
     0
176
     1
 90
       50
176
     1
 40
0.0
176
     1
 40
1.0
176
     1
 90
        0
176
     1
 62
    18
420
        0
176
     1
 90
       50
176
     1
 90
        3
176
     1
 62
     5
420
      255
176
     1
290
     0
176
     1
 90
       50
176
     1
 90
       50
176
     1
 90
       50
176
     1
290
     0
176
     1
 90
       50
176
     1
 62
   256
176
     0
 40
1.0
176
     0
 90
        2
176
     1
  1
strokes_ogs.tif
176
     1
290
     0
176
     1
 40
1.0
176
     1
 40
1.0
176
     1
  0
DICTIONARYVAR
  5
608
102
{ACAD_REACTORS
330
607
102
}
330
607
100
DictionaryVariables
280
     0
  1
1:1
  0
DICTIONARYVAR
  5
60A
102
{ACAD_REACTORS
330
607
102
}
330
607
100
DictionaryVariables
280
     0
  1
Standard
  0
DICTIONARYVAR
  5
609
102
{ACAD_REACTORS
330
607
102
}
330
607
100
DictionaryVariables
280
     0
  1
Standard
  0
DICTIONARYVAR
  5
60C
102
{ACAD_REACTORS
330
607
102
}
330
607
100
DictionaryVariables
280
     0
  1
Metric50
  0
DICTIONARYVAR
  5
60D
102
{ACAD_REACTORS
330
607
102
}
330
607
100
DictionaryVariables
280
     0
  1
Metric50
  0
DICTIONARYVAR
  5
60B
102
{ACAD_REACTORS
330
607
102
}
330
607
100
DictionaryVariables
280
     0
  1
1
  0
DICTIONARYVAR
  5
2E
330
2D
100
DictionaryVariables
280
     0
  1
1.4.4 @ 2026-09-19T12:01:39.637005+00:00
  0
DICTIONARYVAR
  5
4B8
330
2D
100
DictionaryVariables
280
     0
  1
1.4.4 @ 2026-09-19T12:01:39.939144+00:00
  0
DICTIONARY
  5
60E
330
602
100
AcDbDictionary
280
     1
281
     1
  3
ACAD_ROUNDTRIP_2008_TABLESTYLE_CELLSTYLEMAP
360
60F
  0
CELLSTYLEMAP
  5
60F
102
{ACAD_REACTORS
330
60E
102
}
330
60E
100
AcDbCellStyleMap
 90
        3
300
CELLSTYLE
  1
TABLEFORMAT_BEGIN
 90
        5
170
     1
 91
        0
 92
    32768
 62
   257
 93
        1
300
CONTENTFORMAT
  1
CONTENTFORMAT_BEGIN
 90
        0
 91
        0
 92
        4
 93
        0
300

 40
0.0
140
1.0
 94
        5
 62
     0
340
29
144
6.0
309
CONTENTFORMAT_END
171
     1
301
MARGIN
  1
CELLMARGIN_BEGIN
 40
1.5
 40
1.5
 40
1.5
 40
1.5
 40
1.5
 40
1.5
309
CELLMARGIN_END
 94
        6
 95
        1
302
GRIDFORMAT
  1
GRIDFORMAT_BEGIN
 90
        0
 91
        1
 62
     0
 92
       -2
340
24
 93
        0
 40
0.045
309
GRIDFORMAT_END
 95
        2
302
GRIDFORMAT
  1
GRIDFORMAT_BEGIN
 90
        0
 91
        1
 62
     0
 92
       -2
340
24
 93
        0
 40
0.045
309
GRIDFORMAT_END
 95
        4
302
GRIDFORMAT
  1
GRIDFORMAT_BEGIN
 90
        0
 91
        1
 62
     0
 92
       -2
340
24
 93
        0
 40
0.045
309
GRIDFORMAT_END
 95
        8
302
GRIDFORMAT
  1
GRIDFORMAT_BEGIN
 90
        0
 91
        1
 62
     0
 92
       -2
340
24
 93
        0
 40
0.045
309
GRIDFORMAT_END
 95
       16
302
GRIDFORMAT
  1
GRIDFORMAT_BEGIN
 90
        0
 91
        1
 62
     0
 92
       -2
340
24
 93
        0
 40
0.045
309
GRIDFORMAT_END
 95
       32
302
GRIDFORMAT
  1
GRIDFORMAT_BEGIN
 90
        0
 91
        1
 62
     0
 92
       -2
340
24
 93
        0
 40
0.045
309
GRIDFORMAT_END
309
TABLEFORMAT_END
  1
CELLSTYLE_BEGIN
 90
        1
 91
        1
300
_TITLE
309
CELLSTYLE_END
300
CELLSTYLE
  1
TABLEFORMAT_BEGIN
 90
        5
170
     1
 91
        0
 92
        0
 62
   257
 93
        1
300
CONTENTFORMAT
  1
CONTENTFORMAT_BEGIN
 90
        0
 91
        0
 92
        4
 93
        0
300

 40
0.0
140
1.0
 94
        5
 62
     0
340
29
144
4.5
309
CONTENTFORMAT_END
171
     1
301
MARGIN
  1
CELLMARGIN_BEGIN
 40
1.5
 40
1.5
 40
1.5
 40
1.5
 40
1.5
 40
1.5
309
CELLMARGIN_END
 94
        6
 95
        1
302
GRIDFORMAT
  1
GRIDFORMAT_BEGIN
 90
        0
 91
        1
 62
     0
 92
       -2
340
24
 93
        0
 40
0.045
309
GRIDFORMAT_END
 95
        2
302
GRIDFORMAT
  1
GRIDFORMAT_BEGIN
 90
        0
 91
        1
 62
     0
 92
       -2
340
24
 93
        0
 40
0.045
309
GRIDFORMAT_END
 95
        4
302
GRIDFORMAT
  1
GRIDFORMAT_BEGIN
 90
        0
 91
        1
 62
     0
 92
       -2
340
24
 93
        0
 40
0.045
309
GRIDFORMAT_END
 95
        8
302
GRIDFORMAT
  1
GRIDFORMAT_BEGIN
 90
        0
 91
        1
 62
     0
 92
       -2
340
24
 93
        0
 40
0.045
309
GRIDFORMAT_END
 95
       16
302
GRIDFORMAT
  1
GRIDFORMAT_BEGIN
 90
        0
 91
        1
 62
     0
 92
       -2
340
24
 93
        0
 40
0.045
309
GRIDFORMAT_END
 95
       32
302
GRIDFORMAT
  1
GRIDFORMAT_BEGIN
 90
        0
 91
        1
 62
     0
 92
       -2
340
24
 93
        0
 40
0.045
309
GRIDFORMAT_END
309
TABLEFORMAT_END
  1
CELLSTYLE_BEGIN
 90
        2
 91
        1
300
_HEADER
309
CELLSTYLE_END
300
CELLSTYLE
  1
TABLEFORMAT_BEGIN
 90
        5
170
     1
 91
        0
 92
        0
 62
   257
 93
        1
300
CONTENTFORMAT
  1
CONTENTFORMAT_BEGIN
 90
        0
 91
        0
 92
        4
 93
        0
300

 40
0.0
140
1.0
 94
        2
 62
     0
340
29
144
4.5
309
CONTENTFORMAT_END
171
     1
301
MARGIN
  1
CELLMARGIN_BEGIN
 40
1.5
 40
1.5
 40
1.5
 40
1.5
 40
1.5
 40
1.5
309
CELLMARGIN_END
 94
        6
 95
        1
302
GRIDFORMAT
  1
GRIDFORMAT_BEGIN
 90
        0
 91
        1
 62
     0
 92
       -2
340
24
 93
        0
 40
0.045
309
GRIDFORMAT_END
 95
        2
302
GRIDFORMAT
  1
GRIDFORMAT_BEGIN
 90
        0
 91
        1
 62
     0
 92
       -2
340
24
 93
        0
 40
0.045
309
GRIDFORMAT_END
 95
        4
302
GRIDFORMAT
  1
GRIDFORMAT_BEGIN
 90
        0
 91
        1
 62
     0
 92
       -2
340
24
 93
        0
 40
0.045
309
GRIDFORMAT_END
 95
        8
302
GRIDFORMAT
  1
GRIDFORMAT_BEGIN
 90
        0
 91
        1
 62
     0
 92
       -2
340
24
 93
        0
 40
0.045
309
GRIDFORMAT_END
 95
       16
302
GRIDFORMAT
  1
GRIDFORMAT_BEGIN
 90
        0
 91
        1
 62
     0
 92
       -2
340
24
 93
        0
 40
0.045
309
GRIDFORMAT_END
 95
       32
302
GRIDFORMAT
  1
GRIDFORMAT_BEGIN
 90
        0
 91
        1
 62
     0
 92
       -2
340
24
 93
        0
 40
0.045
309
GRIDFORMAT_END
309
TABLEFORMAT_END
  1
CELLSTYLE_BEGIN
 90
        3
 91
        2
300
_DATA
309
CELLSTYLE_END
  0
ENDSEC
  0
EOF
